TT,Nhóm mẫu,Số hiệu,Họ,Loài,Tác giả,Tên việt,Nơi thu,Ngày thu,Long,Lat,CT,IUCN,SĐVN,KT,TP,LC/MN,Thông tin
1,Cá,E.57105,Serranidae,Cephalopholis urodeta,"(Forster, 1801)",Cá Mú rạn,Song Tử Tây,29.03.2021,11°25'32.2,114°19'39.5,,,,1,1,1,"Cá Mú rạn
Darkfin hind

Đặc điểm: 
D. IX, 14-16; A. III, 8 - 9
Chiều dài cơ thể lớn nhất được ghi nhận ở cá mú rạn là 28 cm, Cơ thể có màu nâu đỏ đến nâu xám nhạt trở nên sẫm màu hơn về phía sau, với các sọc xiên màu trắng đến xanh nhạt đặc biệt chạy dọc thùy trên và thùy dưới của đuôi, thường có sáu sọc mờ dọc theo bên chia bụng, các đốm nhỏ màu đỏ cam trên đầu và gáy, có một cặp đốm đen ở phía trước môi dưới.
Sinh thái: sống trong vùng nước sạch của rạn san hô,  nhiều trong các rạn được bảo vệ, độ sâu phân bố từ 2-150m. Thức ăn là cá và giáp xác. Là loài chuyển đổi giới tính cái sang đực, sống thành nhóm gồm 1 con đực và từ 2-12 con cái, chúng chiếm cứ lãnh thổ 475m2 và chia thành các vùng phụ và được bảo vệ bỡi 1 con cái.
Phân bố:
Thế giới: vùng biển Ấn Độ- Thái Bình Dương: Biển Đỏ đến Durban (Nam Phi), phía đông đến quần đảo Line. Bắt gặp hầu hết ở các đảo biển Ấn Độ Dương và Trung Tây Thái Bình Dương. Không phát hiện thấy ở vịnh  Persian và vịnh Oman.
Việt Nam: vùng rạn san hô ven bờ và các đảo từ Quảng Ninh đến Kiên Giang."
2,Cá,E.57106,Acanthuridae,Acanthurus nigrofuscus,"(Forsskål, 1775)",Cá Bắp nẻ nâu,Song Tử Tây,30.03.2021,11°26'07.0,114°20'04.5,,,,1,,1,"Cá Bắp nẻ nâu
Brown surgeonfish

Đặc điểm: Có màu nâu, có thể có các đường dọc nhỏ màu xám trên thân, vây ngực có màu nhạt với mép trên hẹp có màu đen, vây bụng màu đen, môi có màu đen, răng hàm trên nhọn, gốc vây lưng có một đốm đen nổi rõ lớn hơn 1/2 đường kính mắt; một đốm nhỏ hơn ở gốc vây hậu môn. Rãnh gai đuôi có viền đen hẹp bao quanh. Cơ thể rất dẹp với mắt cao trên đầu và xương trước ổ mắt dài. Vây lưng đơn không khía có 4-9 gai và 19-31 tia. Vảy lược rất nhỏ. Miệng cuối nhỏ với một hàng răng khít nhau.
Sinh học, sinh thái: Được tìm thấy trên nền cứng của đầm phá nông và các rạn san hô, vùng dưới triều có độ sâu 0-25m, tdi chuyển theo những bầy đàn lớn dọc theo những rạn san hô. Thức ăn chủ yếu là tảo.
Phân bố: 
Thế giới: Ấn Độ Dương, Thái Bình Dương, Nam Phi, các đảo ở Hawaii, Nhật Bản,...
Việt Nam: Khánh Hòa, Phú Yên,.."
17,Cá,E.57121,Cirrhitidae,Cirrhitus pinnulatus,"(Forster, 1801)",Cá Ông chấm mắt cao,Song Tử Tây,30.03.2021,11°26'07.0,114°20'04.5,1,,,1,,1,"Cá Ông chấm mắt cao
Stocky hawkfish

Đặc điểm: 
D. X, 11; A. III, 6
Cá Ông chấm mắt cao có chiều dài tối đa là 30cm, đầu có mõm ngắn, cùn và miệng lớn kéo dài đến tận mép sau của mắt và có một gờ xương thấp phía trên. Cơ thể có màu nâu với các đốm trắng và các đốm nâu đỏ không đều trên cơ thể. Đầu có các đường và đốm hình sin màu đỏ cam. Có một đốm đen giống như yên ngựa ở phần lưng của cuống đuôi
Sinh thái: Sống trong rạn san hô và rạn đá ven bờ, có độ sâu 0-23m, thường gặp ở độ sâu 1-3m. Chúng là loài săn mồi với thức ăn chủ yếu là cua và giáp xác nhỏ, cá và sao biển có kích thước nhỏ.
Phân bố: 
Thế giới: vùng biển Ấn Độ - Thái Bình Dương:  Biển Đỏ và Đông Phi đến  quần đảo Marquesas và Mangaréva, phía bắc đến nam Nhật Bản và quần đảo Hawaii, phía nam đến quần đảo Kermadec và Rapa. 
Việt Nam: vùng rạn đá, rạn san hô ven bờ và các đảo từ Quảng Ninh đến Kiên Giang, quần đảo Trường Sa."
18,Cá,E.57122,Cirrhitidae,Paracirrhites arcatus,"(Cuvier, 1829)",Cá Ông chấm,Song Tử Tây,30.03.2021,11°26'07.0,114°20'04.5,1,,,1,,1,"Cá Ông chấm
Arc-eye hawkfish

Đặc điểm:
D. X, 11; A. III, 6;
Kích thước tối đa của cá Ông chấm là 20 cm. Cá có màu hồng, hoặc màu nâu, sau mắt có vòng được tạo bởi các đường màu vàng, đỏ và xanh lam, phần dưới của nắp mang có ba vạch màu cam, một vạch trắng lớn kéo dài từ giữa thân tới khấu đuôi
Sinh thái: Loài cá biển này thường sinh sống ở những rạn san hô có độ sâu từ 1 m tới 91m, thông thường là từ 1 m tới 33 m, chúng ăn chủ yếu là tôm, cá nhỏ, cua và một số loài giáp xác
Phân bố:
Thế giới: Chúng sinh sống ở những vùng biển nhiệt đới có nhiệt độ từ 25 °C tới 27 °C như Biển Ấn Độ dương, Đông Phi, Hawaii, quần đảo Mangareva, Từ bắc tới nam biển Nhật Bản, phía Nam Australia và Rapa.
Việt Nam: Vùng biển Trường Sa, Phú Yên,.."
19,Cá,E.57123,Labridae,Halichoeres marginatus,"Rüppell, 1835",Cá Bàng Chài nhiều chấm,Song Tử Tây,30.03.2021,11°26'07.0,114°20'04.5,,,,1,,1,"Cá Bàng Chài nhiều chấm
Dusky wrasse

Đặc điểm:
D. IX, 13-14; A. III, 12-13
Cá Bàng Chài nhiều chấm có chiều dài cơ thể lớn nhất được ghi nhận là 18cm. Cá đực trưởng thành có màu xanh lục hoặc nâu cam với các đốm màu xanh tím trên vảy xếp thành các hàng sọc ở hai bên thân, đầu có nhiều vệt sọc màu xanh lam, cuống đuôi có một dải sọc hình lưỡi liềm màu xanh lục tươi tiếp đến là một dải màu đỏ được viền xanh lơ, lốm đốm các chấm xanh lục, cuối cùng là một dải viền vàng ở sát rìa, vây ngực có đốm vàng, vây lưng và vây hậu môn màu nâu đỏ, có nhiều vệt đốm màu xanh lục với dải xanh lam gần rìa và dải vàng nâu ở ngay rìa. Cá cái có màu nâu sẫm với những hàng sọc ngang màu nâu đen ở hai bên thân, vây lưng có hai đốm màu xanh đen, vây đuôi trắng. Cá con màu nâu đen với 2 đốm ở vây lưng như cá cái, nhưng thân có thêm các sọc đốm màu vàng.
Sinh thái: Chúng sống trên rạn san hô viền bờ và trong đầm phá, đặc biệt là khu vực có nhiều san hô phát triển, ở độ sâu đến dưới 30m. Thức ăn của chúng đa dạng bao gồm các loài thủy sinh không xương sống và có cả trứng của những loài cá khác. Chúng sống đơn độc hoặc hợp thành một nhóm nhỏ.
Phân bố:
Thế giới: Biển Đỏ, vịnh Ba Tư, Đông Phi, Nhật Bản,..
Việt Nam: Quảng Nam, Quảng Ngãi, Phú Yên, Ninh Thuận, Khánh Hòa,…"
20,Cá,E.57124,Serranidae,Cephalopholis spiloparaea,"(Valenciennes, 1828)",Cá Mú đỏ dâu,Song Tử Tây,30.03.2021,11°26'07.0,114°20'04.5,1,,,1,1,,"Cá Mú đỏ dâu
Strawberry hind

Đặc điểm:
D. IX, 14-16; A. III, 9 - 10.
Đặc trưng bởi toàn thân có màu đỏ hồng đến đỏ cam nhạt, lốm đốm các chấm nhỏ màu đỏ sẫm đến đỏ nâu, vây đuôi có dải màu trắng hình vòng cung ngang mép đuôi. Chiều dài thân chuẩn cá gấp 2,7 - 3,2 lần chiều cao thân; vây đuôi tròn; chiều dài đầu bằng 1,9 - 2,2 chiều dài vây bụng; mắt lớn, đường kính gấp đôi khoảng gian cách mắt. Răng mịn, khía nông.
Sinh học, sinh thái: Cá Mú đỏ dâu được xem là loài phổ biến nhất ở rạn san hô, chúng sống ở các độ sâu dưới 40m. Thức ăn chủ yếu là cua và một số loài giáp xác khác.
Phân bố: 
Thế giới:Ấn Độ Dương - Thái Bình Dương: Pinda, Mozambique đến Polynesia thuộc Pháp, phía bắc đến quần đảo Ryukyu, phía nam đến đảo Heron (cuối phía nam của Great Barrier Reef).
Việt Nam: Mẫu thu được ở vùng biển các đảo: Song Tử Tây, Thuyền Chài, Tốc Tan,"
21,Cá,E.57125,Labridae,Stethojulis bandanensis,"(Bleeker, 1851)",Cá Bàng Chài chấm đỏ,Đá Nam,01.04.2021,11°22'36.6,114°18'22.4,1,,,1,,1,"Cá Bàng Chài chấm đỏ
Red shoulder wrasse

Đặc điểm:
D. IX, 11-12; A. III, 11;
Chiều dài cơ thể tối đa là 15 cm. Con đực có một vệt màu đỏ ửng trên gốc vây ngực, có 4 dải sọc màu xanh lam sáng: sọc trên cùng từ mắt dọc theo gốc vây lưng xuống cuống đuôi; sọc thứ hai ngắn nằm trên mõm, ngang mắt và kéo dài đến thân trước; sọc thứ ba (dài đến khoảng nửa thân trước) từ khoé miệng băng xuống dưới mắt, vòng lên trên vệt đốm đỏ; dải dưới cùng từ cằm băng qua gốc vây ngực kéo dài đến giữa vây đuôi, có vệt màu vàng trên má. Cá cái có màu xám với những đốm trắng nhỏ chi chít bao phủ khắp phần thân trên, dưới mắt có một vệt vàng tươi, một đốm đỏ ở trên gốc vây ngực và hai đốm đen nhỏ ở giữa cuống đuôi. Cá con có thêm các đốm ở sau vây lưng và vây hậu môn
Sinh thái: Thường được tìm thấy ở vùng nước nông trong của các bãi san hô, đầm phá và các rạn san hô hướng ra biển, ở các khu vực có nhiều cát, đá vụn và san hô, độ sâu ghi nhận là 0-30m. Thức ăn chủ yếu là động vật giáp xác phù du ở tầng đáy và động vật không xương sống nhỏ ở đáy.
Phân bố:
Thế giới: Khu vực Ấn Độ Dương-Thái Bình Dương: phía đông Ấn Độ Dương đến phía tây Australia, Nhật Bản,..
Việt Nam: Ghi nhận tai vùng biển Khánh Hòa, Phú Yên, Quãng Ngãi,.."
22,Cá,E.57126,Monacanthidae,Pervagor melanocephalus,(Bleeker 1853),Cá Bò giấy đuôi đỏ,Đá Nam,01.04.2021,11°22'36.6,114°18'22.4,,,,1,,1,"Cá Bò giấy đuôi đỏ
Redtail filefish

Đặc điểm:
D. I-II, 30-33; A27-30;
Kích thước lớn nhất ghi nhận là 16cm. Đầu và thân trước có màu nâu đen đến đen xanh, phần còn lại của cơ thể màu cam, có một đốm đen bao quanh lỗ mang và gốc vây ngực, vây đuôi có màu đỏ cam với các đường lượn sóng màu xanh đậm đến hơi đen. 
Sinh thái: Thường sống trong các vùng nước sâu có san hô mềm và bọt biển với độ sâu từ 20-40m, thức ăn của chúng chủ yếu là bao gồm cua, ốc, giun và động vật thân mềm cỡ nhỏ và cả tảo
Phân bố:
Thế giới: Khu vực Đông Ấn Độ Dương, Tây Ấn Độ Dương, Úc, Nhật Bản, Indonesia,..
Việt Nam: Khu vực Trường Sa,.."
23,Cá,E.57127,Pomacentridae,Amphiprion clarkii,(Bennett 1830),Cá Khoang cổ đuôi vàng,Đá Nam,01.04.2021,11°22'36.6,114°18'22.4,1,,,1,,1,"Cá Khoang cổ đuôi vàng
Yellowtail clownfish

Đặc điểm: Loài cá này có nhiều biến thể màu khác nhau, nhưng thường được thấy nhất là thân màu đen với các vùng màu cam trên đầu, bụng và các vây. Các vùng màu đen sẽ lan rộng hơn khi chúng phát triển thành cá cái. Có 3 dải sọc trắng trên đầu, giữa thân và gốc vây đuôi. Vây đuôi màu vàng hoặc màu trắng viền vàng (đối với cá đực). Thân cao và dẹp bên. Miệng nhỏ. Số gai ở vây lưng: 10; Số tia vây ở vây lưng: 15–16; Số gai ở vây hậu môn: 2; Số tia vây ở vây hậu môn: 13–14.
Sinh học, sinh thái: Thường sống ở những rạn san hô, quanh những xúc tu của hải quỳ, thường sống theo từng cặp hoặc nhóm, ăn tạp.
Phân bố: 
Thế giới: có phạm vi phân bố rộng khắp khu vực Ấn Độ Dương - Thái Bình Dương, Vịnh Ba Tư, phía Đông Ấn Độ, vùng biển các nước Đông Nam Á, Đài Loan vùng biển phía nam Nhật Bản,..
Việt Nam: Khánh Hòa (Trường Sa)"
24,Cá,E.57128,Scaridae,Scarus psittacus,"Forsskål, 1775",Cá Mó thường,Đá Nam,01.04.2021,11°22'36.6,114°18'22.4,1,,,1,,1,"Cá Mó thường
Common parrotfish

Đặc điểm:
D. IX, 10; A. III, 9;
Có chiều dài cơ thể tối đa là 34 cm, vây đuôi của cá đực lõm sâu hơn ở cá cái, tạo thành hình lưỡi liềm, có răng nanh ở phía sau phiến răng của hàm trên. Cá cái màu nâu đỏ hoặc nâu xám, phớt màu cam ở ngực và bụng, vùng mõm nhạt hơn đầu, có đốm đen ở gốc vây ngực và một đốm nâu sẫm ở màng vây lưng thứ nhất. Cá đực có màu xanh lục với các vạch màu hồng cam trên vảy, mõm có màu tím, bao quanh miệng là một dải màu xanh lam kéo dài thành một vệt sọc, vây lưng và vây hậu môn cùng hai thùy đuôi có viền xanh lam; thường có màu vàng ở cuống đuôi
Sinh thái: Chúng thường sống ở các bãi đá ngầm, rạn san hô viền bờ và rạn san hô trong các đầm phá ở độ sâu đến 30 m, thức ăn chủ yếu là tảo
Phân bố:
Thế giới: Tây Úc, quần đảo Hawaii, Nhật Bản,..
Việt Nam: Vùng biển Khánh Hòa, Ninh Thuận,.."
25,Cá,E.57129,Serranidae,Epinephelus hexagonatus,"(Forster, 1801)",Cá Mú chấm sao,Đá Nam,01.04.2021,11°22'36.6,114°18'22.4,,,,1,1,,"Cá Mú chấm sao
Starspotted grouper

Đặc điểm: 
D. XI, 15-17; A. III, 8
Loài cá Mú chấm sao có chiều dài thân chuẩn cá gấp 2,8 - 3,5 chiều cao thân, bằng 2,5- 2,6 chiều dài đầu. Toàn thân cá được bao phủ bởi các đốm nâu đa giác (chủ yếu là hình lục giác) có xu hướng hợp nhất; có 4 hoặc 5 vết đen hình yên ngựa màu nâu nâu (hình thành bởi các nhóm đốm đậm hơn) trên phần lưng của thân và cuống đuôi. Các vây có các đốm nâu sẫm hoặc nâu đỏ; vây bụng và vây hậu môn có mép nâu nhạt.
Sinh thái: Cá trưởng thành sống xung quanh các rạn san hô và các bãi đá ngầm ở độ sâu dưới 30m; cá con sống ở vùng nước nông hơn. Thức ăn của cá Mú chấm sao là các loài cá nhỏ hơn, động vật thân mềm và động vật giáp xác
Phân bố: 
Thế giới: Ấn Độ Dương - Thái Bình Dương.
Việt Nam: Mẫu thu được ở vùng biển các đảo: Đá Nam, Nam Yết, Thuyền Chài."
26,Cá,E.57130,Synodontidae,Saurida gracilis,"(Quoy & Gaimard, 1824)",Cá Mối nhặng,Đá Nam,01.04.2021,11°22'36.6,114°18'22.4,,,,1,1,,"Cá Mối nhặng
Gracile lizardfish

Đặc điểm:
D11-12; A9-10;
Chiều dài cơ thể lớn nhất là 32cm. Cơ thể thon dài, thon và hình trụ, miệng rộng với những chiếc răng thon nhọn lộ ra khi ngậm miệng, cơ thể có màu xám lốm đốm, có ba vạch sẫm màu dọc phía sau thân vạch lớn nhất nằm ở phía sau vây lưng, phía trên bụng có các hàng đốm đen, vây lưng, vây đuôi và vây bụng có các dãi màu sẫm.
Sinh thái: Loài cá này sống ở cát và các rạn san hô bùn, ở các thảm cỏ biển, cũng có thể được tìm thấy trên nền đáy cứng độ sâu thường là 1-12 m, thường hoạt động vào ban đêm và ăn cá nhỏ và đôi khi ăn động vật giáp xác.
Phân bố:
Thế giới: Phân bố tại khu vực Ấn Độ Dương-Thái Bình Dương: Biển Đỏ và Đông Phi đến các đảo Hawaii, Marquesan và Ducie, phía bắc đến các đảo Ryukyu và Ogasawara, phía nam đến Rạn san hô Great Barrier, Lord Howe và Rapa
Việt Nam: Ghi nhận ở các vùng biển Khánh Hòa, Phú Yên,.."
27,Cá,E.57131,Holocentridae,Sargocentron caudimaculatum,"(Rüppell, 1838)",Cá Sơn đá chấm đuôi,Đá Nam,02.04.2021,11°23'10.0,114°17'43.6,1,,,1,,1,"Cá Sơn đá chấm đuôi
Silverspot squirrelfish

Đặc điểm:
D. XI, 13-15; A. IV, 8-9;
Chiều dài lớn nhất là 25cm, thân hình bầu dục, dẹp bên, đầu to vừa, mõm ngắn. Thân có màu đỏ tươi, trên xương nắp mang có một sọc trắng nằm ngang, gai vây lưng màu đỏ tươi, các vây trong mờ, có viền đỏ, vây ngực nhỏ, vây đuôi dạng chẻ.
Sinh thái: Thường sống ở các rạn san hô, đầm phá và các rạn xa bờ có độ sâu từ 2-40m, có thể sống đơn độc hoặc theo nhóm, chúng là loài hoạt động về đêm, thức ăn chủ yếu là cua và tôm.
Phân bố:
Thế giới:  phân bố rộng khắp vùng Ấn Độ Dương - Thái Bình Dương, từ Biển Đỏ dọc theo Đông Phi, trải dài về phía đông đến quần đảo Line và Polynésie thuộc Pháp,..
Việt Nam: ghi nhận tại cù lao Chàm, đảo Lý Sơn, ngoài khơi Bình Thuận, vịnh Nha Trang, Côn Đảo, quần đảo Hoàng Sa và quần đảo Trường Sa"
28,Cá,E.57132,Labridae,Halichoeres hortulanus,"(Lacepède, 1801)",Cá Bàng Chài vân vuông,Đá Nam,02.04.2021,11°23'10.0,114°17'43.6,,,,1,,1,"Cá Bàng Chài vân vuông
Checkerboard wrasse

Đặc điểm: 
D. IX, 11; A. III, 11.
Cá Bàng chài vân vuông có chiều dài cơ thể lớn nhất được ghi nhận là 27 cm, con đực có màu xanh lục với các vảy ở giữa màu xanh đậm tạo thành hình ca-rô, đầu màu xanh lá cây với các sọc đứt quãng màu đỏ, vạch sáng rộng phía sau vây ngực, đuôi màu xanh lam và đốm màu vàng ở lưng bên dưới điểm bắt đầu của vây lưng. Con cái có các sọc đen hình chữ nhật dọc trên vảy tạo thành các đường ca rô đen trắng ở mặt trên, các vết hình chữ nhật ở phía dưới cơ thể bị thay bằng các đốm nhỏ, hai đốm màu vàng và đốm đen lớn ở lưng, đầu màu vàng với các đường màu hồng và vây lưng và vây đuôi có màu vàng. Con non có sọc đen trắng, đốm vàng quanh đầu, viền vàng ở vây lưng và đuôi màu vàng.
Sinh thái: thường gặp trên các dải cát của đầm phá san hô, vùng rạn hướng ra khơi, có độ sâu đến 30m, chúng cũng xuất hiện ở các trũng dọc sườn dốc rạn.
Phân bố: 
Thế giới: vùng biển Ấn Độ - Thái Bình Dương: nam Biển Đỏ đến vịnh Sodwana, Nam Phi, phía đông đến quần đảo Line, Marquesas và Tuamoto, phía bắc đến nam Nhật Bản, phía nam đến rạn san hô Great Barrier Reef (Úc). 
Việt Nam: vùng rạn san hô ven bờ và các đảo từ Quảng Ninh đến Kiên Giang, quần đảo Trường Sa."
29,Cá,E.57133,Labridae,Stethojulis bandanensis,"(Bleeker, 1851)",Cá Bàng Chài chấm đỏ,Đá Nam,02.04.2021,11°23'10.0,114°17'43.6,,,,1,,1,"Cá Bàng Chài chấm đỏ
Red shoulder wrasse

Đặc điểm:
D. IX, 11-12; A. III, 11;
Chiều dài cơ thể tối đa là 15 cm. Con đực có một vệt màu đỏ ửng trên gốc vây ngực, có 4 dải sọc màu xanh lam sáng: sọc trên cùng từ mắt dọc theo gốc vây lưng xuống cuống đuôi; sọc thứ hai ngắn nằm trên mõm, ngang mắt và kéo dài đến thân trước; sọc thứ ba (dài đến khoảng nửa thân trước) từ khoé miệng băng xuống dưới mắt, vòng lên trên vệt đốm đỏ; dải dưới cùng từ cằm băng qua gốc vây ngực kéo dài đến giữa vây đuôi, có vệt màu vàng trên má. Cá cái có màu xám với những đốm trắng nhỏ chi chít bao phủ khắp phần thân trên, dưới mắt có một vệt vàng tươi, một đốm đỏ ở trên gốc vây ngực và hai đốm đen nhỏ ở giữa cuống đuôi. Cá con có thêm các đốm ở sau vây lưng và vây hậu môn
Sinh thái: Thường được tìm thấy ở vùng nước nông trong của các bãi san hô, đầm phá và các rạn san hô hướng ra biển, ở các khu vực có nhiều cát, đá vụn và san hô, độ sâu ghi nhận là 0-30m. Thức ăn chủ yếu là động vật giáp xác phù du ở tầng đáy và động vật không xương sống nhỏ ở đáy.
Phân bố:
Thế giới: Khu vực Ấn Độ Dương-Thái Bình Dương: phía đông Ấn Độ Dương đến phía tây Australia, Nhật Bản,..
Việt Nam: Ghi nhận tai vùng biển Khánh Hòa, Phú Yên, Quãng Ngãi,.."
30,Cá,E.57134,Ostraciidae,Ostracion meleagris,"Shaw, 1796",Cá Nóc hòm chấm trắng,Đá Nam,02.04.2021,11°23'10.0,114°17'43.6,1,,,1,,1,"Cá Nóc hòm chấm trắng
Whitespotted boxfish

Đặc điểm:
D8-9; A9
Chiều dài cơ thể lớn nhất được ghi nhận là 25 cm. Chúng là loài dị hình giới tính cá cái và cá con có màu nâu sẫm, hơi đen hoặc phớt xanh lục, có đốm trắng trên đầu và thân; cá đực lớn có màu nâu đen ở lưng với các vệt đốm cam ở bên thân, thân và đầu xanh lam sẫm; sọc cam bao quanh rìa tấm giáp lưng
Sinh thái: Thường sống đầm phá san hô, rạn san hô hướng ra khơi, độ sâu đến 30m. Thức ăn của chúng bao gồm tảo và những loài thủy sinh không xương sống như động vật thân mềm, hải miên, hải tiêu, giun nhiều tơ, động vật giáp xác. Có khả năng tạo âm thanh trong quá trình thực hiện màn tán tỉnh, hoặc khi hai con đực đang chiến đấu với nhau
Phân bố: 
Thế giới: Ấn Độ-Thái Bình Dương và Đông Thái Bình Dương: Đông Phi đến Mexico, phía bắc đến phía nam Nhật Bản và quần đảo Hawai, phía nam đến New Caledonia quần đảo Tuamoto.
Việt Nam: vịnh Bắc Bộ, Trung Bộ đến vùng biển Tây Nam."
31,Cá,E.57135,Pomacentridae,Plectroglyphidodon dickii,"(Liénard, 1839)",Cá Thia vạch đen,Đá Nam,02.04.2021,11°23'10.0,114°17'43.6,1,,,1,,1,"Cá Thia vạch đen
Blackbar devil

Đặc điểm:
D. XII, 16-18; A. II, 14-16;
Kích thước lớn nhất ghi nhận là 11,6cm. cơ thể có màu nâu tanin, vây ngực màu vàng, vảy viền nâu với một dải sọc đen ở thân sau, gần cuống đuôi. Cuống và vây đuôi có màu trắng, tuy nhiên nhiều cá thể được quan sát có cuống và vây đuôi màu cam.
Sinh thái: Cá Thia chấm trắng sống gần những rạn san hô ngoài khơi và trong các đầm phá, đặc biệt là những rạn san hô thuộc chi Pocillopora và Acropora, ở độ sâu 0-20m, thức ăn chủ yếu là tảo sợi và các loài thủy sinh không xương sống nhỏ, đôi khi bao gồm cả cá nhỏ, cũng có thể ăn cả polyp san hô và hải quỳ.
Phân bố:
Thế giới: phân bố rộng khắp khu vực Ấn Độ Dương - Thái Bình Dương
Việt Nam: Vùng biển Khánh Hòa, Phú Yên, Ninh Thuận,.."
32,Cá,E.57136,Pomacentridae,Plectroglyphidodon leucozonus,"(Bleeker, 1859)",Cá Thia đơn vạch,Đá Nam,02.04.2021,11°23'10.0,114°17'43.6,1,,,1,,1,"Cá Thia đơn vạch
Singlebar devil

Đặc điểm:
D. XII, 15-17; A. II, 12-13;
Cá Thia đơn vạch có chiều dài tối đa là 12cm, cơ thể có có màu nâu sẫm, chuyển thành màu vàng ở cuống và vây đuôi. Bên dưới gai vây lưng thứ 8 có một dải sọc trắng kéo dài xuống bụng. Cá con có màu vàng hơn cá lớn, với một đốm đen lớn viền vàng trên vây lưng
Sinh thái: Môi trường sống phổ biến của chúng là gần những rạn san hô ở độ sâu khoảng 6 m, thức ăn chủ yếu là tảo, trứng của chúng bám dính vào chất nền, cá đực có nhiệm vụ bảo vệ và chăm sóc trứng
Phân bố:
Thế giới: có phạm vi phân bố rộng khắp khu vực Ấn Độ Dương - Thái Bình Dương
Việt Nam: Khánh Hòa, Phú Yên, Ninh Thuận,.."
33,Cá,E.57137,Pomacentridae,Plectroglyphidodon leucozonus,"(Bleeker, 1859)",Cá Thia đơn vạch,Đá Nam,02.04.2021,11°23'10.0,114°17'43.6,1,,,1,,1,"Cá Thia đơn vạch
Singlebar devil

Đặc điểm:
D. XII, 15-17; A. II, 12-13;
Cá Thia đơn vạch có chiều dài tối đa là 12cm, cơ thể có có màu nâu sẫm, chuyển thành màu vàng ở cuống và vây đuôi. Bên dưới gai vây lưng thứ 8 có một dải sọc trắng kéo dài xuống bụng. Cá con có màu vàng hơn cá lớn, với một đốm đen lớn viền vàng trên vây lưng
Sinh thái: Môi trường sống phổ biến của chúng là gần những rạn san hô ở độ sâu khoảng 6 m, thức ăn chủ yếu là tảo, trứng của chúng bám dính vào chất nền, cá đực có nhiệm vụ bảo vệ và chăm sóc trứng
Phân bố:
Thế giới: có phạm vi phân bố rộng khắp khu vực Ấn Độ Dương - Thái Bình Dương
Việt Nam: Khánh Hòa, Phú Yên, Ninh Thuận,.."
34,Cá,E.57138,Pomacentridae,Stegastes obreptus,"(Whitley, 1948)",Cá Thia,Đá Nam,02.04.2021,11°23'10.0,114°17'43.6,1,,,,,,"Cá Thia
Western gregory

Đặc điểm:
D. XIII, 14-16; A. II, 12-14;
Chiều dài thân chuẩn cá gấp 1,7 đến 2,2 lần chiều cao thân. Thân cá và các vây có màu nâu đen đến đen. Viền trước vây bụng và vây hậu môn có màu xanh đen. Môi màu nâu sẫm.
Sinh thái: Chúng thường sống xung quanh các rạn san hô chết hoặc những bãi đá ngầm, những khu vực ít sóng, ở độ sâu khoảng 2 – 10 m. Thức ăn của chúng là rong tảo và các loại động vật không xương sống (giun, giáp xác, ốc biển). Chúng có tập tính sinh sản theo cặp, trứng được đặt trong các hốc đá và được bảo vệ bởi cá đực.
Phân bố: 
Thế giới: Ấn Độ - Thái Bình Dương: Quần đảo Ryukyu, bao gồm Indo-Malayan Archipelago, Tây Úc ở phía bắc Quần đảo Abrolhos; phía đông dọc theo rìa phía bắc của Ấn Độ Dương đến Sri Lanka và Ấn Độ.
Việt Nam: Mẫu thu được ở vùng biển các đảo: Đá Nam, Nam Yết và Thuyền Chài"
35,Cá,E.57139,Scaridae,Scarus rubroviolaceus,"Bleeker, 1847",Cá Mó môi đỏ,Đá Nam,02.04.2021,11°23'10.0,114°17'43.6,1,,,1,,1,"Cá Mó môi đỏ
Ember parrotfish

Đặc điểm:
D. IX, 10; A. III, 9;
Chiều dài cơ thể tối đa là 70 cm, mõm dốc, thẳng đứng ở cả hai giới, vây đuôi của cá đực lõm sâu hơn ở cá cái, tạo thành hình lưỡi liềm. Cá cái màu nâu đỏ hoặc nâu xám, ửng đỏ hơn ở vùng dưới đầu và bụng và các vây, đầu và thân trước thường sẫm màu hơn thân sau, nhiều cá thể cái có nửa thân sau là màu trắng. Cá đực có màu xanh lục lam, mõm màu tím xám, vảy có viền màu cam pha hồng, rìa môi trên có vệt sọc màu hồng cam trên đó là một dải màu xanh lục. Dưới cằm cũng có hai vệt màu lục với một vệt màu hồng cam nằm giữa, vây lưng và vây hậu môn cùng hai thùy đuôi có dải viền xanh lam. Cá con có các dải sọc ngang màu trắng và nâu xanh lục xen kẽ, lốm đốm các chấm trắng
Sinh thái: Chúng thường sống ở các rạn san hô viền bờ, ở khu vực có nền đáy đá vụn, đá cuội hoặc san hô, độ sâu đến 36 m.
Phân bố:
Thế giới: Có phạm vi phân bố rộng khắp khu vực Ấn Độ Dương - Thái Bình Dương, và mở rộng đến Đông Thái Bình Dương
Việt Nam: Ghi nhận tại vùng biển Khánh Hòa, Ninh Thuận, Kiên Giang,.."
36,Cá,E.57140,Serranidae,Cephalopholis leopardus,"(Lacepède, 1801)",Cá Mú chấm bé,Đá Nam,02.04.2021,11°23'10.0,114°17'43.6,,,,1,1,,"Cá Mú chấm bé
Leopard hind

Đặc điểm: 
D. IX, 13-15; A. III,  9-10.
Cá mú nhỏ, thân hình tương đối mảnh khảnh, chiều dài cơ thể tối đa là 24cm, thân có màu đỏ nhạt với các đốm lớn màu cam, yên đen ở cuống đuôi, có vệt dưới mép sẫm màu gần đầu vây đuôi trên. 
Sinh học, sinh thái: Cá Mú chấm bé thường thấy ở các rạn san hô với độ sâu từ 3-40m, sống đơn độc có tính lãnh thổ, thường ẩn trú trong rạn san hô. Thức ăn chủ yếu là các loài cá nhỏ và giáp xác nhỏ.
Phân bố: 
Thế giới: Cá Mú chấm bé có phân bố rộng rãi ở khu vực Ấn Độ Dương - Thái Bình Dương, từ Đông Phi trải dài về phía đông đến quần đảo Mariana, quần đảo Line và quần đảo Marquises, ngược lên phía bắc đến Nhật Bản, xa về phía nam đến Úc, Nouvelle-Calédonie và Tonga
Việt Nam: Cù lao Chàm và dọc theo bờ biển Quảng Nam, Khánh Hòa,.."
37,Cá,E.57141,Balistidae,Balistapus undulatus,(Park 1797),Cá Bò đen,Đá Lớn,04.04.2021,10°06'22.8,113°51'21.1,1,,,1,1,1,"Cá Bò đen
Orange-lined triggerfish

Đặc điểm: Đầu và thân có màu từ xanh đến nâu với các đường cong màu cam chéo và một đốm đen tròn lớn bao phủ phần lớn gốc vây đuôi; các tia vây lưng, vây hậu môn và vây ngực mềm màu cam và cả vây đuôi. Thân dẹp bên. Các vây bụng hợp nhất thành một gai. Gai lưng thứ nhất có cơ cấu khóa. Với 12 tia chính ở vây đuôi. 18 đốt sống. Hàm trên không nhô ra ngoài. Hàm trên thường có bốn răng ở bên ngoài và ba ở dãy bên trong trên mỗi răng tiền hàm.
Sinh thái: Thường thấy ở các rạn san hô ở độ sâu 0-60m. Chúng ăn nhiều loại sinh vật đáy như tảo, động vật da gai, cá, động vật thân mềm, động vật có vỏ, bọt biển và động vật thủy sinh. Trứng được đẻ thành từng cụm dưới các hố các.
Phân bố: 
Thế giới: thường xuyên xuất hiện ở Quần đảo Seychelles, Réunion và Maldives, ở Ấn Độ, Sri Lanka, Thái Lan, Úc, Indonesia, New Guinea, Micronesia, Philippines, Đài Loan và Trung Quốc cho đến miền nam Nhật Bản.
Việt Nam: Khánh Hòa, Ninh Thuận, Quãng Ngãi,..."
40,Cá,E.57144,Balistidae,Melichthys vidua,"(Richardson, 1845)",Cá Bò vảy góc,Đá Lớn,04.04.2021,10°06'22.8,113°51'21.1,1,,,1,,1,"Cá Bò vảy góc
Pinktail triggerfish

Đặc điểm: 
D. III, 31-35; A., 27-31
Chiều dài cơ thể lớn nhất được ghi nhận là 40 cm, cơ thể có màu nâu sẫm, gần như đen hoàn toàn. Phần mõm có màu vàng cam, vây lưng sau và vây hậu môn trắng đục với viền đen, vây ngực màu vàng, vây đuôi trắng ở gốc, ra xa ửng hồng. Cá con có các sọc đen xung quanh mắt, vây lưng sau và vây hậu môn có các sọc ngang màu đen.
Sinh thái: Thường sống trên vùng rạn san hô hướng ra khơi, có hợp phần động vật không xương sống phong phú, độ sâu đến 60m. Thức ăn chủ yếu là tảo và vụn hữu cơ, nhưng chúng cũng có thể ăn cả giáp xác, nhuyễn thể, hải miên và cá nhỏ
Phân bố: 
Thế giới: Ấn Độ-Thái Bình Dương: Đông Phi đến Natal (Nam Phi), phía đông đến quần đảo Hawai, Marquesas và Tuamoto phía bắc đến nam Nhật Bản, phía nam đến Great Barrier Reef  (Úc) và New Caledonia.
Việt Nam: vịnh Bắc Bộ, Trung Bộ đến vùng biển Tây Nam."
41,Cá,E.57145,Pomacentridae,Pomacentrus bankanensis,"Bleeker, 1854",Cá Thia đốm,Đá Lớn,04.04.2021,10°06'22.8,113°51'21.1,,,,1,,1,"Cá Thia đốm
Speckled damselfish

Đặc điểm:
D. XIII, 15-16; A. II, 15-16;
Chiều dài lớn nhất được ghi nhận là 9 cm. Cơ thể có màu nâu, trắng ở cuống và vây đuôi. Có đốm nhỏ màu xanh lam ở rìa nắp mang và một đốm đen lớn viền xanh óng ở ngay sau vây lưng. Cá con có màu cam ở lưng và đỉnh đầu, cũng có đốm trên vây lưng và nhiều vệt sọc xanh óng trên mặt và lưng
Sinh thái: Loài cá này sinh sống tập trung trên nền đáy đá vụn, gần những rạn san hô viền bờ hoặc trong các đầm phá ở độ sâu đến 32 m, thức ăn của chúng bao gồm tảo và các loài động vật phù du. Cá đực có tập tính bảo vệ và chăm sóc trứng
Phân bố:
Thế giới: Ghi nhận tại các vùng biển thuộc nước Úc, các nước Đông Nam Á, Nhật Bản,..
Việt Nam: Khánh Hòa–Ninh Thuận, Bình Thuận, cù lao Chàm (Quảng Nam), đảo Lý Sơn (Quảng Ngãi), Côn Đảo và quần đảo Trường Sa."
42,Cá,E.57146,Scaridae,Scarus globiceps,"Valenciennes, 1840",Cá Mó đầu tròn,Đá Lớn,04.04.2021,10°06'22.8,113°51'21.1,,,,1,,1,"Cá Mó đầu tròn
Globehead parrotfish

Đặc điểm:
D. IX, 10; A. III, 9;
Chiều dài lớn nhất là 45cm, cá đực có màu xanh lục lam với các vạch màu hồng cam trên vảy. Đầu và một phần thân trước lốm đốm các chấm, vạch màu xanh lục, trước mõm có dải màu hồng tím kéo dài ra sau đến trên rìa nắp mang, băng ngang qua mắt. Vây đuôi có dải màu cam trên mỗi thùy, vây lưng và vây hậu môn màu xanh, có các dải sọc hồng cam, cá cái và cá con có màu nâu xám. vây đuôi cụt ở cá cái, lõm vào trong tạo thành hình lưỡi liềm ở cá đực trưởng thành. Cá đực còn có thêm răng nanh phía sau các phiến răng ở hai hàm
Sinh thái: sống gần các rạn san hô viền bờ và rạn san hô trong các đầm phá ở độ sâu đến 30 m, sống thành từng cặp hoặc theo nhóm lớn, ăn tảo. 
Phân bố:
Thế giới: ghi nhận dọc theo bờ biển Đông Phi, bờ biển Tây Úc, vùng biển Nhật Bản,..
Việt Nam: Ghi nhận tại quần đảo Trường Sa"
43,Cá,E.57147,Serranidae,Cephalopholis argus,"Schneider, 1801",Cá Mú chấm nâu,Đá Lớn,04.04.2021,10°06'22.8,113°51'21.1,,,,1,1,1,"Cá Mú chấm nâu
Peacock hind

Đặc điểm: Cá mú màu nâu được bao phủ bởi những đốm nhỏ màu xanh viền đen, có hoặc không có 5-6 sọc nhạt ở phía sau thân, vây màu xanh lam và một mảng màu trắng kem xung quanh gốc vây ngực.
Sinh học, sinh thái: Cá mú chấm nâu ưa sống trên các rạn san hô với độ sâu 0-40m tuy nhiên thường thấy ở độ số 0-10m, thường sống biệt lập có tính lãnh thổ, chúng thường ăn một số loại cá và giáp xác nhỏ thường hoạt động vào sáng sớm hoặc ban đêm, là loài lưỡng tính, con cái có thể thành con đực khi trưởng thành.
Phân bố:
Thế giới: Khu vực Ấn Độ Dương - Thái Bình Dương, biển Đỏ,...
Việt Nam: Cá Mú chấm nâu được ghi nhận tại: Cù lao Chàm và dọc theo bờ biển Quảng Nam, vịnh Nha Trang (Khánh Hòa), Ninh Thuận, Phú Yên và Bình Thuận, quần đảo An Thới (Kiên Giang), quần đảo Hoàng Sa và quần đảo Trường Sa."
44,Cá,E.57148,Acanthuridae,Acanthurus japonicus,"(Schmidt, 1931)",Cá Bắp nẻ nhật bản,Đá Lớn,06.04.2021,09°59'46.1,113°50'39.1,,,,1,,1,"Cá Bắp nẻ nhật bản
Japan surgeonfish

Đặc điểm: Cơ thể hình bầu dục thuôn dài, có màu nâu xám. Có một mảnh xương nhọn màu vàng chĩa ra ở mỗi bên cuống đuôi, tạo thành ngạnh sắc. Một dải màu trắng kéo dài từ rìa dưới của mắt đến môi trên. Một dải màu vàng ở rìa thân trên và dưới, dọc theo gốc vây lưng và vây hậu môn. Vây lưng, vây bụng và vây hậu môn có màu đen, có dải màu trắng xanh viền ở rìa; riêng vây lưng có dải màu cam ở cận biên. Cuống đuôi màu vàng, lan rộng sang gốc vây đuôi cụt; gốc vây đuôi được bao quanh bởi một sọc trắng; vây đuôi màu trắng xám. Gốc vây ngực màu vàng, với một khoảng màu vàng nâu ở rìa nắp mang. Chiều dài cơ thể tối đa được ghi nhận ở Acanthurus japonicus là 21 cm. Số gai ở vây lưng: 9; Số tia vây ở vây lưng: 28 - 31; Số gai ở vây hậu môn: 3; Số tia vây ở vây hậu môn: 26 - 29.
Sinh học, sinh thái: Cá trưởng thành thường bơi theo từng nhóm nhỏ, nhưng có thể hợp thành đàn lớn ở nhiều nơi trong phạm vi phân bố; cá con có thể bắt gặp trong đàn của những loài cá khác. Thức ăn của Cá Bắp nẻ nhật bản là tảo, chủ yếu là tảo đỏ
Phân bố:
Thế giới: Ấn Độ Dương– Tây Thái Bình Dương, Indonesia, Philippines quần đảo Ryukyu Nhật Bản
Việt Nam: Khánh Hòa, Đà Nẵng, Phú Yên, Ninh Thuận,..."
46,Cá,E.57150,Acanthuridae,Ctenochaetus striatus,"(Quoy & Gaimard, 1825)",Cá Răng Gai nhiều sọc,Đá Lớn,06.04.2021,09°59'46.1,113°50'39.1,,,,1,,1,"Cá Răng Gai nhiều sọc
Striated surgeonfish

Đặc điểm: 
D. VIII, 27-31; A. III, 24-28
Cá Răng gai nhiều sọc có chiều dài tối đa là 26cm, ở cuống đuôi mỗi bên có 1 mảnh xương nhọn chỉa ra tạo thành phần ngạnh sắc. Cơ thể hình bầu dục thuôn dài, có màu nâu lục pha xám đến màu vàng nâu với những đường sọc ngang màu xanh lam, đầu, ngực và thân trước chi chít những chấm tròn màu cam, vây ngực có các tia vây màu vàng nâu. Đuôi lõm sâu, hình cánh nhạn, màu nâu đỏ sẫm. Vây lưng và vây hậu môn có viền màu xanh lam ánh kim, sẫm màu hơn thân với các dải sọc màu xanh lam đậm dọc theo chiều dài của vây
Sinh thái: Sống ở vùng gần bờ đến độ sâu 30 m, rạn san hô và vùng có đáy cát, san hô chết. Tập trung thành từng đàn hay riêng lẻ.
Phân bố: 
Thế giới: trải rộng vùng biển Ấn Độ-Thái Bình Dương, không bao gồm quần đảo Hawaii, quần đảo Marquesas và Easter.   
Việt Nam: vùng rạn san hô ven bờ và các đảo từ Quảng Ninh đến Kiên Giang, quần đảo Trường Sa."
49,Cá,E.57153,Labridae,Cymolutes torquatus,"(Valenciennes, 1840)",Cá Bàng Chài,Đá Lớn,06.04.2021,09°59'46.1,113°50'39.1,1,,,,,,"Cá Bàng Chài
Finescale razorfish

Đặc điểm:
D. IX, 12; A. II, 11-12
Chiều dài cơ thể tối đa của loài cá Bàng chài này là 20cm, cơ thể có màu xanh lục nhạt và trắng ở bụng.  Thân có khoảng 14 đến 19 vạch sọc màu nâu sẫm, bắt đầu từ sau vây ngực trải dài đến cuống đuôi; những sọc này chuyển thành màu cam ở cá đực. Má và nắp mang có 3 đường sọc màu xanh lam và một đường sọc xiên màu đen nằm trên gốc vây ngực.
Sinh thái: Loài cá Bàng chài này thường sống đơn độc, sống xung quanh các rạn san hô ở các nền đáy cát với độ sâu 6-25m, các cá thể non thường được tìm thấy quanh thảm cỏ biển. Thức ăn chủ yếu là các động vật đáy không xương sống.
Phân bố:
Thế giới: Tập trung nhiều ở khu vực Thái Bình Dương và thưa hơn ở Ấn Độ Dương, và ghi nhận nhiều ở vùng biển ở khu vực Đông Nam Á.
Việt Nam: Khánh Hòa"
50,Cá,E.57154,Labridae,Hemigymnus melapterus,"(Bloch, 1791)",Cá Bàng Chài trớt,Đá Lớn,06.04.2021,09°59'46.1,113°50'39.1,,,,1,,1,"Cá Bàng Chài trớt
Blackeye thicklip

Đặc điểm: 
D. IX, 10-11; A. III, 11
Cá Bàng chài trớt có chiều dài tối đa là 90cm, tuy nhiên loài thường gặp chỉ có 37cm. Môi dày, có nhiều vệt hồng quanh mắt. Con đực có màu xanh lục với vảy trên thân có rìa màu đen môi và phần dưới của đầu chủ yếu có màu xanh lam nhạt, ngực và bụng màu trắng hồng. Cá cái nhỏ và cá con đang phát triển có hai màu rõ rệt trên thân: đầu và thân trước có màu xanh lục xám thân sau màu đen, cuống đuôi và vây đuôi màu vàng, thường có 1–2 đốm đen nhỏ ở giữa vây (cá con mới lớn có thêm một dải màu trắng rõ rệt chia tách hai vùng màu trên thân), vảy của cá cái có thêm các vạch màu lục sẫm, chuyển sang màu vàng với các đốm màu xanh lam ở cuống đuôi và vây đuôi. Cá cái trưởng thành có màu sắc gần giống với cá đực: thân sau dần chuyển sang màu lục sẫm, vảy có viền đen, đầu có màu xanh lục sáng
Sinh thái: thường gặp trong các đầm phá san hô và các rạn san hô hướng ra khơi. Con non thường ở trong các san hô cành, con trưởng ở vùng có dạng hỗn hợp san hô, san hô chết, cát, cá kích thước lớn sống ở vùng nước sâu hơn.
Phân bố: 
Thế giới: vùng biển Ấn Độ- Thái Bình Dương: từ Biển Đỏ và Đông Phi đến Micronesia, Samoa và Polynesia. 
Việt Nam: vùng rạn san hô ven bờ và các đảo từ Quảng Ninh đến Kiên Giang."
51,Cá,E.57155,Lethrinidae,Lethrinus xanthochilus,"Klunzinger, 1870",Cá Hè môi vàng,Đá Lớn,06.04.2021,09°59'46.1,113°50'39.1,,,,1,1,,"Cá Hè môi vàng
Yellowlip emperor

Đặc điểm:
D. X, 9; A. III, 8
Chiều dài cơ thể lớn nhất được ghi nhận là 70 cm. Thân có màu xám phớt vàng, lốm đốm các vệt đen. Môi màu vàng nhạt, môi trên sẫm hơn, có một đốm đỏ ở gốc trên của vây ngực, các vây màu xanh lam xám, rìa vây lưng và vây đuôi hơi ửng đỏ.
Sinh thái: Sống đơn độc nhưng đôi khi bơi theo nhóm nhỏ trên thảm cỏ biển, vùng cát và đá vụn của các rạn san hô, kênh sâu và đầm phá, thường được tìm thấy ở vùng nước nông tới độ sâu 150 m. Thức ăn chủ yếu là giáp xác, cá và da gai.
Phân bố:
Thế giới: ó phân bố rộng rãi trên vùng Ấn Độ Dương - Thái Bình Dương
Việt Nam: Quần đảo Hoàng Sa và Trường Sa"
52,Cá,E.57156,Nemipteridae,Scolopsis bilineata,"(Bloch, 1793)",Cá Tráo trác hai sọc,Đá Lớn,06.04.2021,09°59'46.1,113°50'39.1,1,,,1,,1,"Cá Tráo trác hai sọc
Two-lined monocle bream

Đặc điểm:
D. X, 9; A. III, 7;
Chiều dài cơ thể tối đa là 25 cmThân có sọc trắng viền đen uốn cong lên từ dưới mắt đến giữa gốc vây lưng. Con non - nửa trên của cơ thể màu đen với hai sọc vàng, giữa thân có sọc rộng màu trắng không rõ ràng, vây hậu môn có một vết đen
Sinh thái: Thường sống ở các rạn san hô theo từng cặp với độ sâu ghi nhận là 1-25m, thức ăn chủ yếu của loài này là cá nhỏ và động vật không xương sống ở đáy
Phân bố:
Thế giới: Ghi nhận ở các vùng biển nhiệt đới Tây Thái Bình Dương
Việt Nam: Vùng biển khu vực Nha Trang, Trường Sa,.."
53,Cá,E.57157,Pomacentridae,Amphiprion frenatus,"Brevoort, 1856",Cá Khoang cổ đỏ,Đá Lớn,06.04.2021,09°59'46.1,113°50'39.1,1,,,1,,1,"Cá Khoang cổ đỏ 
Tomato clownfish

Đặc điểm: Loài cá này có một dải sọc trắng ngay sau mắt. Cá cái gần như có màu đen ở hai bên thân, trừ vùng mõm, ngực, bụng và các vây là màu đỏ. Cá đực lại không có màu đen, thay vào đó là đỏ hoàn toàn và có kích thước nhỏ hơn cá cái. Amphiprion frenatus có chiều dài cơ thể tối đa được ghi nhận là 14 cm, số gai ở vây lưng: 9–10; Số tia vây ở vây lưng: 16–18; Số gai ở vây hậu môn: 2; Số tia vây ở vây hậu môn: 13–15
Sinh học, sinh thái: Trong tự nhiên, cá thường sống ở các rạn san hô, đầm phá ở độ sâu 0-12m,  cá khoang cổ đỏ cộng sinh với hải quỳ và không bị ảnh hưởng bởi các xúc tu của hải quỳ. Cá khoang cổ đỏ thụ tinh ngoài. Là loài lưỡng tính tuần tự ,khi còn nhỏ chúng phát triển thành con đực trước tiên. Trưởng thành, chúng trở thành con cái.
Phân bố:
Thế giới: Nhật Bản, Biển Đông, Malaysia, ...
Việt Nam: Khánh Hòa (Trường Sa)"
54,Cá,E.57158,Scaridae,Scarus psittacus,"Forsskål, 1775",Cá Mó thường,Đá Lớn,06.04.2021,09°59'46.1,113°50'39.1,1,,,1,,1,"Cá Mó thường
Common parrotfish

Đặc điểm:
D. IX, 10; A. III, 9;
Có chiều dài cơ thể tối đa là 34 cm, vây đuôi của cá đực lõm sâu hơn ở cá cái, tạo thành hình lưỡi liềm, có răng nanh ở phía sau phiến răng của hàm trên. Cá cái màu nâu đỏ hoặc nâu xám, phớt màu cam ở ngực và bụng, vùng mõm nhạt hơn đầu, có đốm đen ở gốc vây ngực và một đốm nâu sẫm ở màng vây lưng thứ nhất. Cá đực có màu xanh lục với các vạch màu hồng cam trên vảy, mõm có màu tím, bao quanh miệng là một dải màu xanh lam kéo dài thành một vệt sọc, vây lưng và vây hậu môn cùng hai thùy đuôi có viền xanh lam; thường có màu vàng ở cuống đuôi
Sinh thái: Chúng thường sống ở các bãi đá ngầm, rạn san hô viền bờ và rạn san hô trong các đầm phá ở độ sâu đến 30 m, thức ăn chủ yếu là tảo
Phân bố:
Thế giới: Tây Úc, quần đảo Hawaii, Nhật Bản,..
Việt Nam: Vùng biển Khánh Hòa, Ninh Thuận,.."
55,Cá,E.57159,Scaridae,Scarus schlegeli,"(Bleeker, 1861)",Cá Mó vằn vàng,Đá Lớn,06.04.2021,09°59'46.1,113°50'39.1,1,,,1,,1,"Cá Mó vằn vàng
Yellowband parrotfish

Đặc điểm:
D. IX, 10; A. III, 9;
Chiều dài cơ thể tối đa là 40 cm. Vây đuôi bo tròn ở cá cái, cụt ở cá đực nhưng hai thùy đuôi phát triển dài hơn. Cá đực có màu xanh lục sẫm, vùng lưng trước sáng màu hơn, trên lưng ở có một hoặc hai vệt đốm màu vàng, kéo dài về phía bụng thành một hoặc hai vệt sọc màu xanh sáng ở giữa thân, vảy có các vạch màu hồng, vây lưng và vây hậu môn cùng hai thùy đuôi có dải viền xanh lam. Cá cái màu nâu đỏ hoặc nâu sẫm, thường có các dải màu nhạt ở hai bên thân.
Sinh thái: Môi trường sống thường là các rạn san hô viền bờ và rạn san hô trong các đầm phá, độ sâu được tìm thấy đến 50 m, nhưng thường phổ biến ở độ sâu khoảng 25 m, thức ăn chủ yếu là tảo.
Phân bố:
Thế giới: Phạm vi phân bố vùng biển nhiệt đới khu vực Ấn Độ Dương-Thái Bình Dương
Việt Nam: Ghi nhận tại vùng biển Nha Trang, Trường Sa,.."
56,Cá,E.57160,Balistidae,Rhinecanthus rectangulus,"(Bloch & Schneider, 1801)",Cá Bò da láng,Đá Lớn,07.04.2021,10°01'26.8,113°50'42.2,,,,1,,1,"Cá Bò da láng
Wedge-tail triggerfish

Đặc điểm:
D. III, 22-25; A20-22;
Chiều dài lớn nhất ghi nhận là 30cm. Bụng, ngực và cằm có màu trắng, màu nâu xám ở phần thân còn lại, dải đen từ mắt lan rộng xuống vây hậu môn, băng qua gốc vây ngực, giữa hai mắt có các sọc xanh lam, thân sau có cặp sọc màu vàng tạo thành hình tam giác. Cuống đuôi có vệt đen hình tam giác, viền vàng, môi trên có một vệt sọc xanh. Cuống đuôi có 4 (hiếm khi 5) hàng gai nhỏ
Sinh thái: Loài cá này thường sống ở độ sâu khoảng 10–20 m trên nền đáy đá trộn lẫn san hô, là loài ăn tạp, thức ăn của chúng bao gồm tảo, vụn hữu cơ, các loài nhuyễn thể, giáp xác, cầu gai, san hô, sống đuôi, hải miên, trùng lỗ cũng như những loài cá nhỏ hơn
Phân bố:
Thế giới:  bố rộng khắp khu vực Ấn Độ Dương - Thái Bình Dương
Việt Nam: Ghi nhận tại quần đảo Hoàng Sa và Trường Sa."
57,Cá,E.57161,Labridae,Thalassoma lunare,"(Linnaeus, 1758)",Cá Bàng Chài đầu đen,Đá Lớn,07.04.2021,10°01'26.8,113°50'42.2,1,,1,1,,1,"Cá Bàng Chài đầu đen
Moon wrasse

Đặc điểm:
D. 8, 13; A. III, 11;
Chiều dài cơ thể tối đa là 45 cm, Cá trưởng thành có cơ thể màu xanh lục, nhưng cá đực sẫm màu xanh lam hơn, đặc biệt là trong quá trình tán tỉnh. Mỗi bên thân có các vạch sọc đứng màu đỏ trên vảy. Đầu có các vệt màu hồng tím. Thùy đuôi có màu hồng tím viền xanh óng, phần còn lại của đuôi màu vàng tươi. Vây ngực màu lam với một vệt đốm màu tím ở giữa. Cá con có màu ô liu (nâu lục) với một đốm đen ở giữa vây lưng và một đốm tương tự giữa cuống đuôi
Sinh thái: sống gần các rạn san hô viền bờ và trong các đầm phá ở độ sâu đến 30 m, sống đơn độc hoặc hợp thành từng nhóm. Thức ăn chủ yếu là các loài thủy sinh không xương sống và trứng cá, nhưng chúng cũng có thể ăn các loài cá nhỏ hơn
Phân bố:
Thế giới: Nhật Bản, Trung Quốc, Philippin, Inđônêxia, Micrônêxia, Ôxtrâylia, Papua Niu Ghine, Đông châu Phi, Biển Đỏ.
Việt Nam: Vịnh Bắc Bộ, Cù Lao Chàm, Nha Trang, Cù Lao Cau, Côn Đảo, Phú Quốc (Kiên Giang) và quần đảo Trường Sa"
58,Cá,E.57162,Lutjanidae,Lutjanus kasmira,"(Forsskål, 1775)",Cá Hồng bốn sọc,Đá Lớn,07.04.2021,10°01'26.8,113°50'42.2,,,,1,,1,"Cá Hồng bốn sọc
Common bluestripe snapper

Đặc điểm:
D. X, 13-15; A. III, 8
Chiều dài cơ thể lớn nhất được ghi nhận ở cá hồng bốn sọc là 40 cm, thường thấy với chiều dài trung bình khoảng 25 cm, loài này có màu vàng tươi, chuyển dần sang màu trắng ở bụng và dưới đầu. Hai bên thân có 4 sọc xanh lam óng với nhiều sọc xám nhạt ở phần thân dưới cùng , các vây có màu vàng.
Sinh thái:Cá hồng bốn sọc sống tập trung gần các rạn san hô, được quan sát ở độ sâu khoảng 3–265 m (thường thấy trong khoảng 30–150 m); cá con sống trong các thảm cỏ biển. Thức ăn của chúng bao gồm cá nhỏ hơn, động vật chân đầu, động vật giáp xác và động vật phù du, cũng ăn cả tảo. Chúng có thể hợp thành đàn lớn, lên đến vài trăm cá thể
Phân bố:
Thế giới: Có phân bố rộng khắp vùng Ấn Độ Dương - Thái Bình Dương
Việt Nam: Vùng biển Nha Trang, Trường Sa, Côn Đảo, Phú Quốc,.."
61,Cá,E.57165,Chaetodontidae,Chaetodon citrinellus,"Cuvier, 1831",Cá Bướm vảy xanh,Đá Lớn,09.04.2021,09°59'37.5,113°50'54.8,,,,1,,1,"Cá Bướm vảy xanh
Speckled butterflyfish

Đặc điểm:
D. XIII - XIV, 20-22; A. III, 16 - 17
Một loài cá bướm nhỏ, với chiều dài lớn nhất được ghi nhận có chiều dài 13cm, cơ thể có màu vàng nhạt được bao phủ bởi những đốm đen nhỏ có một vạch đen từ gai vây lưng đầu tiên xuyên qua mắt và một viền đen trên vây hậu môn
Sinh thái: Sống ở các rạn san hô, nhưng thường được tìm thấy ở vùng nước nông từ 1 – 10 m và ăn tảo sợi, polyp san hô mềm, giun, hải quỳ, động vật giáp xác, bọt biển,.., và các động vật không xương sống khác
Phân bố:
Thế giới: Ấn Độ Dương-Thái Bình Dương: Đông Phi đến các đảo Hawaii, Marquesan và Tuamoto, phía bắc đến phía nam Nhật Bản và Quần đảo Ogasawara, phía nam đến New South Wales (Úc) và Đảo Lord Howe
Việt Nam: Khánh Hòa, Phú Yên, Ninh Thuận, Bình Thuận"
62,Cá,E.57166,Labridae,Epibulus insidiator,"(Pallas, 1770)",Cá Bàng Chài hàm dài,Đá Lớn,09.04.2021,09°59'37.5,113°50'54.8,1,,,1,,1,"Cá Bàng Chài hàm dài
Sling-jaw wrasse

Đặc điểm:
D. IX-X, 9-11; A. III, 8-9
Chiều dài tối đa của loài cá bàng chài này là 54cm. Cá Slingjaw sở hữu phần hàm khá là đặc biệt, phần hàm của chúng có thể kéo dài tới 27 cm khi cần bắt lấy con mồi. Đây chính là vũ khí bí mật đầy lợi hại của loài cá này. Con đực có màu nâu xám với lưng màu cam, viền vảy sẫm màu, sọc dọc màu vàng ở bên hông và đầu màu xám nhạt với một sọc đen hẹp xuyên qua mắt. Con cái có màu vàng sáng hoặc nâu sẫm. Con non có màu nâu với các sọc trắng hẹp ở hai bên và các sọc trắng tỏa ra từ mắt.
Sinh thái: Chúng thường sống ở khu vực có nhiều san hô, đầm phá, hoặc các bãi đá. Chúng ăn các loài giáp xác nhỏ sống trong san hô và cá nhỏ. Đây là loài lưỡng tính (cá thể cái chuyển thành đực)
Phân bố:
Thế giới: Ấn Độ Dương-Thái Bình Dương: Biển Đỏ đến Nam Phi các đảo Hawaii và Tuamoto, Nhật Bản,..
Việt Nam: Khánh Hòa, Đà Nẵng,.."
63,Cá,E.57167,Labridae,Halichoeres hortulanus,"(Lacepède, 1801)",Cá Bàng Chài vân vuông,Đá Lớn,09.04.2021,09°59'37.5,113°50'54.8,,,,1,,1,"Cá Bàng Chài vân vuông
Checkerboard wrasse

Đặc điểm: 
D. IX, 11; A. III, 11.
Cá Bàng chài vân vuông có chiều dài cơ thể lớn nhất được ghi nhận là 27 cm, con đực có màu xanh lục với các vảy ở giữa màu xanh đậm tạo thành hình ca-rô, đầu màu xanh lá cây với các sọc đứt quãng màu đỏ, vạch sáng rộng phía sau vây ngực, đuôi màu xanh lam và đốm màu vàng ở lưng bên dưới điểm bắt đầu của vây lưng. Con cái có các sọc đen hình chữ nhật dọc trên vảy tạo thành các đường ca rô đen trắng ở mặt trên, các vết hình chữ nhật ở phía dưới cơ thể bị thay bằng các đốm nhỏ, hai đốm màu vàng và đốm đen lớn ở lưng, đầu màu vàng với các đường màu hồng và vây lưng và vây đuôi có màu vàng. Con non có sọc đen trắng, đốm vàng quanh đầu, viền vàng ở vây lưng và đuôi màu vàng.
Sinh thái: thường gặp trên các dải cát của đầm phá san hô, vùng rạn hướng ra khơi, có độ sâu đến 30m, chúng cũng xuất hiện ở các trũng dọc sườn dốc rạn.
Phân bố: 
Thế giới: vùng biển Ấn Độ - Thái Bình Dương: nam Biển Đỏ đến vịnh Sodwana, Nam Phi, phía đông đến quần đảo Line, Marquesas và Tuamoto, phía bắc đến nam Nhật Bản, phía nam đến rạn san hô Great Barrier Reef (Úc). 
Việt Nam: vùng rạn san hô ven bờ và các đảo từ Quảng Ninh đến Kiên Giang, quần đảo Trường Sa."
64,Cá,E.57168,Labridae,Halichoeres margaritaceus,"(Quoy & Gaimard, 1834)",Cá Bàng Chài macga,Đá Lớn,09.04.2021,09°59'37.5,113°50'54.8,,,,1,,1,"Cá Bàng Chài macga
Pink-belly wrasse

Đặc điểm:
D. IX, 11; A. III, 11
Cá Bàng chài macga có chiều dài cơ thể lớn nhất được ghi nhận là 13 cm. Con cái cơ thể có màu xanh nâu đến hơi hồng ở trên và nhạt ở dưới. Chúng có các đốm trắng ở hai bên và một vùng màu hồng ở phía dưới bụng. Có một đốm đen phía sau mắt và một đốm đen khác ở ""góc"" phía trên của nắp mang. Giữa vây lưng có một đốm đen có viền màu vàng hoặc xanh. Con đực có màu xanh lục với các đốm đỏ cam. Chúng thiếu các mảng màu trắng và đỏ của con cái
Sinh thái: 
Phân bố:
Thế giới: Có phạm vi phân bố Ấn Độ Dương-Thái Bình Dương: Đảo Cocos ở phía đông Ấn Độ Dương đến đảo Line và Tuamoto, phía bắc đến phía nam Nhật Bản, phía nam đến New South Wales và đảo Lord Howe,..
Việt Nam:  Loài cá Bàng chài này được ghi nhận tại Lý Sơn (Quảng Ngãi); cù lao Chàm (Quảng Nam); bờ biển Phú Yên; vịnh Nha Trang (Khánh Hòa); bờ biển Ninh Thuận; cù lao Cau (Bình Thuận); đảo Phú Quốc và quần đảo An Thới (Kiên Giang); Côn Đảo; cũng như tại quần đảo Hoàng Sa và quần đảo Trường Sa."
65,Cá,E.57169,Mullidae,Parupeneus multifasciatus,"(Quoy & Gaimard, 1825)",Cá Phèn nhiều sọc,Đá Lớn,09.04.2021,09°59'37.5,113°50'54.8,1,,,1,,1,"Cá Phèn nhiều sọc
Manybar goatfish

Đặc điểm: 
D. VIII, 9; A. I, 7;
Cá phèn nhiều sọc có chiều dài có thể lên đến 35 cm, có râu dài, có màu xám nhạt đến đỏ nâu với các vạch màu đỏ sẫm đến đen và trắng xen kẽ có chiều rộng khác nhau và một vạch sẫm phía sau mắt.
Sinh thái: Sống ở vùng rạn san hô, đến độ sâu 60m. Chúng thường tập hợp thành đàn trên các dải cát, cũng như san hô chết. Thức ăn chủ yếu là cua nhỏ, tôm, tôm tít, cá, giun nhiều tơ…
Phân bố:
Thế giới:  Thái Bình Dương; từ đảo Christmas (đông Ấn Độ Dương) đến các đảo Hawaii, Line, Marquesan và Tuamoto, phía bắc đến nam Nhật Bản, phía nam đến các đảo Lord Howe và Rapa.
Việt Nam: vịnh Bắc Bộ, Trung Bộ đến vùng biển Tây Nam."
66,Cá,E.57170,Scaridae,Chlorurus sordidus,"(Forsskål, 1775)",Cá Mó xám,Đá Lớn,09.04.2021,09°59'37.5,113°50'54.8,,,,1,,1,"Cá Mó xám
Daisy parrotfish

Đặc điểm:
D. IX, 10; A. III, 9
Có chiều dài cơ thể tối đa ghi nhận là 40cm. Thân thuôn dài, hình bầu dục, mõm tròn. Vây đuôi cụt, hơi lõm ở nhiều cá thể đực lớn. Màu sắc ở cá khác nhau ở các giai đoạn và khác nhau giữa cá thể đực và cái: cá con màu nâu sẫm với các sọc ngang màu trắng đến vàng nhạt, con đực có thân màu xanh lục lam sẫm với các vạch màu hồng tím trên vảy. Đầu và cuống đuôi có màu xanh sáng hơn thân. Trên mõm có một dải màu tím nổi bật. Trên môi và dưới cằm có các vệt màu xanh. Hai bên má có thể có màu vàng lục, con cái có màu nâu đỏ (đỏ tươi ở quanh miệng và vùng dưới đầu), có các hàng đốm trắng dọc hai bên thân. Một vùng màu trắng chứa một đốm nâu bên trong thường xuất hiện ở cuống đuôi. Vùng trắng này và các hàng đốm trắng có thể biến mất và nhanh chóng xuất hiện trở lại
Sinh thái: Sống gần các rạn san hô, đầm phá ở độ sâu dưới 50 m; cá con có thể sống trong các thảm cỏ biển, chúng thường sống tập trung thành đàn và kiếm ăn xung quanh rạn san hô. Đây là loài lưỡng tính, cá đực được biến đổi từ cơ thể cá cái.
Phân bố:
Thế giới: có phạm vi trải rộng trên khắp khu vực Ấn Độ Dương - Thái Bình Dương, Biển Đỏ, vịnh Ba Tư, Ấn Độ, Indonesia,..
Việt Nam: Khánh Hòa"
67,Cá,E.57171,Balistidae,Melichthys vidua,"(Richardson, 1845)",Cá Bò vảy góc,Nam Yết,12.04.2021,10°10'43.0,114°20'49.6,1,,,1,,1,"Cá Bò vảy góc
Pinktail triggerfish

Đặc điểm: 
D. III, 31-35; A., 27-31
Chiều dài cơ thể lớn nhất được ghi nhận là 40 cm, cơ thể có màu nâu sẫm, gần như đen hoàn toàn. Phần mõm có màu vàng cam, vây lưng sau và vây hậu môn trắng đục với viền đen, vây ngực màu vàng, vây đuôi trắng ở gốc, ra xa ửng hồng. Cá con có các sọc đen xung quanh mắt, vây lưng sau và vây hậu môn có các sọc ngang màu đen.
Sinh thái: Thường sống trên vùng rạn san hô hướng ra khơi, có hợp phần động vật không xương sống phong phú, độ sâu đến 60m. Thức ăn chủ yếu là tảo và vụn hữu cơ, nhưng chúng cũng có thể ăn cả giáp xác, nhuyễn thể, hải miên và cá nhỏ
Phân bố: 
Thế giới: Ấn Độ-Thái Bình Dương: Đông Phi đến Natal (Nam Phi), phía đông đến quần đảo Hawai, Marquesas và Tuamoto phía bắc đến nam Nhật Bản, phía nam đến Great Barrier Reef  (Úc) và New Caledonia.
Việt Nam: vịnh Bắc Bộ, Trung Bộ đến vùng biển Tây Nam."
69,Cá,E.57173,Balistidae,Rhinecanthus rectangulus,"(Bloch & Schneider, 1801)",Cá Bò da láng,Nam Yết,12.04.2021,10°10'43.0,114°20'49.6,1,,,1,,1,"Cá Bò da láng
Wedge-tail triggerfish

Đặc điểm:
D. III, 22-25; A20-22;
Chiều dài lớn nhất ghi nhận là 30cm. Bụng, ngực và cằm có màu trắng, màu nâu xám ở phần thân còn lại, dải đen từ mắt lan rộng xuống vây hậu môn, băng qua gốc vây ngực, giữa hai mắt có các sọc xanh lam, thân sau có cặp sọc màu vàng tạo thành hình tam giác. Cuống đuôi có vệt đen hình tam giác, viền vàng, môi trên có một vệt sọc xanh. Cuống đuôi có 4 (hiếm khi 5) hàng gai nhỏ
Sinh thái: Loài cá này thường sống ở độ sâu khoảng 10–20 m trên nền đáy đá trộn lẫn san hô, là loài ăn tạp, thức ăn của chúng bao gồm tảo, vụn hữu cơ, các loài nhuyễn thể, giáp xác, cầu gai, san hô, sống đuôi, hải miên, trùng lỗ cũng như những loài cá nhỏ hơn
Phân bố:
Thế giới:  bố rộng khắp khu vực Ấn Độ Dương - Thái Bình Dương
Việt Nam: Ghi nhận tại quần đảo Hoàng Sa và Trường Sa."
70,Cá,E.57174,Labridae,Cheilinus fasciatus,"(Bloch, 1791)",Cá Bàng Chài sọc ngang,Nam Yết,12.04.2021,10°10'43.0,114°20'49.6,,,,1,,1,"Cá Bàng Chài sọc ngang
Redbreasted wrasse

Đặc điểm: 
Loài cá Bàng Chài sọc ngang có D. IX, 10; A. III, 8, chiều dài thân chuẩn cá gấp 2,35 đến 2,6 lần chiều cao thân. Hàm dưới cá trưởng thành có 2 răng nanh lớn, khỏe. Toàn thân cá với hai màu chủ đạo: đỏ cam và đen, với 6 vạch đen trên thân và 1 vạch trên đuôi. Phần thân dưới, vây lưng, vây hậu môn và nửa sau của vây đuôi có những chấm nhỏ màu cam sẫm đến đỏ.
Sinh thái: Thường được thấy ở các rạn san hô hay nền đáy sỏi cát, ở độ sâu 4-60m. Thức ăn của cá Bàng chài sọc ngang là các loài thủy sinh không xương sống có vỏ cứng, bao gồm động vật thân mềm, động vật giáp xác và cầu gai nhờ sở hữu bộ hàm chắc khỏe
Phân bố: 
Thế giới: Ấn Độ Dương - Thái Bình Dương, biển Đỏ, Nhật Bản,..
Việt Nam: Trường Sa (Khánh Hòa), Kiên Giang, Ninh Thuận, Phú Yên"
71,Cá,E.57175,Labridae,Oxycheilinus unifasciatus,"(Streets, 1877)",Cá Bàng Chài vòng đuôi,Nam Yết,12.04.2021,10°10'43.0,114°20'49.6,,,,1,,1,"Cá Bàng Chài vòng đuôi
Ringtail maori wrasse

Đặc điểm:
D. IX, 10; A. III, 8;
Có chiều dài cơ thể tối đa được ghi nhận là 46 cm. Loài này đa dạng màu sắc, thường là màu nâu tía hoặc màu ô liu với một dải trắng bao quanh cuống đuôi. Đầu có các vệt sọc màu đỏ cam bao quanh mắt, và có cặp sọc ngang song song nổi bật ở trên má. Vây bụng và vây lưng trước có đốm lớn.
Sinh thái: sống gần các rạn san hô viền bờ và rạn san hô trong các đầm phá ở độ sâu đến 161 m, thức ăn chủ yếu là giáp xác và cá nhỏ.
Phân bố:
Thế giới: có phạm vi phân bố rộng khắp Tây và Trung Thái Bình Dương, nhưng thưa thớt ở Đông Ấn Độ Dương
Việt Nam: Khánh Hòa, bờ biển Ninh Thuận, đảo đá ngoài khơi Bình Thuận, đảo Lý Sơn (Quảng Ngãi), cũng như tại quần đảo Hoàng Sa."
72,Cá,E.57176,Labridae,Oxycheilinus digramma,"(Lacepède, 1801)",Cá Bàng Chài má vạch,Nam Yết,12.04.2021,10°10'43.0,114°20'49.6,,,,1,,1,"Cá Bàng Chài má vạch
Cheeklined wrasse

Đặc điểm:
D. IX, 10; A. III, 8
Chiều dài cơ thể tối đa được ghi nhận là 40 cm, loài này đa dạng màu sắc, nhưng thường được quan sát phổ biến là kiểu màu nâu xám và xanh ô liu (bên cạnh đó là các kiểu màu đỏ nâu hoặc đỏ phớt hồng). Nửa thân dưới thường có màu đỏ cam, vảy có các vạch màu đỏ cam, đầu có màu xanh lục xám với khoảng 8 vạch sọc màu nâu sẫm ở dưới đầu; nửa đầu trên có các vệt đốm cùng màu, cá con có hai dải trắng dọc theo chiều dài cơ thể
Sinh thái: Chúng sống xung quanh các rạn san hô viền bờ và rạn san hô trong các đầm phá ở độ sâu đến ít nhất là 120m. Thức ăn của chúng là các loài nhuyễn thể có vỏ cứng, giáp xác và da gai, thường sống đơn độc, nhưng lại được quan sát bơi trong đàn của các loài cá phèn.
Phân bố:
Thế giới: phân bố rộng rãi trên khắp Ấn Độ Dương - Thái Bình Dương, băng qua vùng biển các nước Đông Nam Á và trải dài về phía đông đến nhiều đảo quốc thuộc châu Đại Dương .
Việt Nam: ghi nhận tại vịnh Nha Trang (Khánh Hòa), bờ biển Ninh Thuận,  đảo đá ngoài khơi Bình Thuận, quần đảo An Thới (Kiên Giang), đảo Phú Quốc, cũng như tại quần đảo Trường Sa và quần đảo Hoàng Sa"
73,Cá,E.57177,Mullidae,Parupeneus cyclostomus,"(Lacepède, 1801)",Cá Phèn vàng,Nam Yết,12.04.2021,10°10'43.0,114°20'49.6,1,,,1,,1,"Cá Phèn vàng
Gold-saddle goatfish

Đặc điểm:
D. VIII, 9; A. I, 7
Cá phèn vàng có chiều dài có thể lên đến 50 cm dài, có râu dài, cơ thể thường là màu vàng, phần lưng có ánh xanh nhưng có trường hợp cơ thể có màu vàng hoàn toàn, cá con có màu nâu với một đốm vàng trên cuống đuôi và các đường màu xanh trên đầu.
Sinh thái: Cá Phèn vàng sống đơn độc hoặc theo nhóm ở khu vực rạn san hô hoặc nền đáy đá vụn với độ sâu ghi nhận 0-125m, Nó sử dụng râu của mình để thăm dò các lỗ và đẩy con mồi ra ngoài, thức ăn chủ yếu là các loài cá nhỏ, động vật giáp xác, giun, tôm, cua, bạch tuộc và động vật chân bụng nhỏ
Phân bố:
Thế giới: Ấn Độ Dương-Thái Bình Dương, từ Biển Đỏ đến Nam Phi, Hawaii, hải đảo, quần đảo Ryukyu.
Việt Nam: Vùng biển Khánh Hòa, Bình Thuận,.."
74,Cá,E.57178,Labridae,Gomphosus varius,"Lacepède, 1801",Cá Bàng Chài mỏ chim,Nam Yết,14.04.2021,10°10'35.9,114°21'45.5,1,,,1,,1,"Cá Bàng Chài mỏ chim
Bird wrasse

Đặc điểm:
D. VIII, 13-14; A. II-III, 10-13
Cá Bàng chài mỏ chim có chiều dài tối đa là 32cm. Loài cá này có đặc điểm là phần mõm dài và nhọn như mỏ chim nhưng mõm của cá con ngắn hơn rất nhiều. Cá cái có đầu và thân trước màu trắng, lốm đốm những chấm đen trên mỗi vảy, chuyển dần sang màu xám ở thân giữa, sẫm đen ở thân sau và toàn bộ vây đuôi; vùng trên của mõm có màu đỏ, kéo dài thành sọc đen băng qua mắt; vây đuôi hơi bo tròn, có dải viền màu trắng xám ở rìa sau. Cá đực có màu xanh lục lam sẫm với một vệt màu vàng lục ở sau đầu, trên gốc vây ngực; mỗi vảy trên thân có một vạch màu đỏ; vây đuôi cụt, có một dải màu xanh lam sáng hình bán nguyệt ở rìa sau. Cá con có lưng màu xanh lục (hơi nâu) với 2 dải sọc ngang màu đen ở mỗi bên thân (một sọc băng qua mắt, sọc còn lại nằm trên bụng); phần thân còn lại có màu trắng
Sinh thái: Loài cá Bàng chài mỏ chim này sống gần những rạn san hô viền bờ và trong các đầm phá ở độ sâu đến dưới 35m, cá con đôi khi được ghi nhận trong các thảm cỏ biển. Thức ăn của chúng chủ yếu là các loài thủy sinh không xương sống, đặc biệt là những động vật giáp xác, đôi khi chúng ăn cả những con cá nhỏ hơn, loài cá này có thể sống đơn độc hoặc hợp thành những nhóm nhỏ
Phân bố:
Thế giới: Cá Bàng chài mỏ chim phân bố rộng rãi ở Tây và Trung Thái Bình Dương, nhưng ít phổ biến hơn ở Đông Ấn Độ Dương. Loài này được ghi nhận ở hầu hết vùng biển thuộc các nước Đông Nam Á
Việt Nam: Khánh Hòa"
75,Cá,E.57179,Scaridae,Chlorurus sordidus,"(Forsskål, 1775)",Cá Mó xám,Nam Yết,14.04.2021,10°10'35.9,114°21'45.5,1,,,1,,1,"Cá Mó xám
Daisy parrotfish

Đặc điểm:
D. IX, 10; A. III, 9
Có chiều dài cơ thể tối đa ghi nhận là 40cm. Thân thuôn dài, hình bầu dục, mõm tròn. Vây đuôi cụt, hơi lõm ở nhiều cá thể đực lớn. Màu sắc ở cá khác nhau ở các giai đoạn và khác nhau giữa cá thể đực và cái: cá con màu nâu sẫm với các sọc ngang màu trắng đến vàng nhạt, con đực có thân màu xanh lục lam sẫm với các vạch màu hồng tím trên vảy. Đầu và cuống đuôi có màu xanh sáng hơn thân. Trên mõm có một dải màu tím nổi bật. Trên môi và dưới cằm có các vệt màu xanh. Hai bên má có thể có màu vàng lục, con cái có màu nâu đỏ (đỏ tươi ở quanh miệng và vùng dưới đầu), có các hàng đốm trắng dọc hai bên thân. Một vùng màu trắng chứa một đốm nâu bên trong thường xuất hiện ở cuống đuôi. Vùng trắng này và các hàng đốm trắng có thể biến mất và nhanh chóng xuất hiện trở lại
Sinh thái: Sống gần các rạn san hô, đầm phá ở độ sâu dưới 50 m; cá con có thể sống trong các thảm cỏ biển, chúng thường sống tập trung thành đàn và kiếm ăn xung quanh rạn san hô. Đây là loài lưỡng tính, cá đực được biến đổi từ cơ thể cá cái.
Phân bố:
Thế giới: có phạm vi trải rộng trên khắp khu vực Ấn Độ Dương - Thái Bình Dương, Biển Đỏ, vịnh Ba Tư, Ấn Độ, Indonesia,..
Việt Nam: Khánh Hòa"
76,Cá,E.57180,Cirrhitidae,Cirrhitus pinnulatus,"(Forster, 1801)",Cá Ông chấm mắt cao,Nam Yết,16.04.2021,10°11'06.5,114°21'48.5,,,,1,,1,"Cá Ông chấm mắt cao
Stocky hawkfish

Đặc điểm: 
D. X, 11; A. III, 6
Cá Ông chấm mắt cao có chiều dài tối đa là 30cm, đầu có mõm ngắn, cùn và miệng lớn kéo dài đến tận mép sau của mắt và có một gờ xương thấp phía trên. Cơ thể có màu nâu với các đốm trắng và các đốm nâu đỏ không đều trên cơ thể. Đầu có các đường và đốm hình sin màu đỏ cam. Có một đốm đen giống như yên ngựa ở phần lưng của cuống đuôi
Sinh thái: Sống trong rạn san hô và rạn đá ven bờ, có độ sâu 0-23m, thường gặp ở độ sâu 1-3m. Chúng là loài săn mồi với thức ăn chủ yếu là cua và giáp xác nhỏ, cá và sao biển có kích thước nhỏ.
Phân bố: 
Thế giới: vùng biển Ấn Độ - Thái Bình Dương:  Biển Đỏ và Đông Phi đến  quần đảo Marquesas và Mangaréva, phía bắc đến nam Nhật Bản và quần đảo Hawaii, phía nam đến quần đảo Kermadec và Rapa. 
Việt Nam: vùng rạn đá, rạn san hô ven bờ và các đảo từ Quảng Ninh đến Kiên Giang, quần đảo Trường Sa."
77,Cá,E.57181,Holocentridae,Sargocentron caudimaculatum,"(Rüppell, 1838)",Cá Sơn đá chấm đuôi,Nam Yết,16.04.2021,10°11'06.5,114°21'48.5,1,,,1,,1,"Cá Sơn đá chấm đuôi
Silverspot squirrelfish

Đặc điểm:
D. XI, 13-15; A. IV, 8-9;
Chiều dài lớn nhất là 25cm, thân hình bầu dục, dẹp bên, đầu to vừa, mõm ngắn. Thân có màu đỏ tươi, trên xương nắp mang có một sọc trắng nằm ngang, gai vây lưng màu đỏ tươi, các vây trong mờ, có viền đỏ, vây ngực nhỏ, vây đuôi dạng chẻ.
Sinh thái: Thường sống ở các rạn san hô, đầm phá và các rạn xa bờ có độ sâu từ 2-40m, có thể sống đơn độc hoặc theo nhóm, chúng là loài hoạt động về đêm, thức ăn chủ yếu là cua và tôm.
Phân bố:
Thế giới:  phân bố rộng khắp vùng Ấn Độ Dương - Thái Bình Dương, từ Biển Đỏ dọc theo Đông Phi, trải dài về phía đông đến quần đảo Line và Polynésie thuộc Pháp,..
Việt Nam: ghi nhận tại cù lao Chàm, đảo Lý Sơn, ngoài khơi Bình Thuận, vịnh Nha Trang, Côn Đảo, quần đảo Hoàng Sa và quần đảo Trường Sa"
78,Cá,E.57182,Labridae,Cheilinus trilobatus,"Lacepède, 1801",Cá Bàng Chài đuôi ba thùy,Nam Yết,16.04.2021,10°11'06.5,114°21'48.5,,,,1,,1,"Cá Bàng Chài đuôi ba thùy
Tripletail wrasse

Đặc điểm:
D. IX, 10; A. III, 8
Chiều dài lớn nhất được ghi nhận là 45 cm. Chúng có bộ hàm rất chắc, mỗi hàm có hai răng nanh nằm ở phía trước. Loài này có thể nhanh chóng chuyển đổi màu sắc cơ thể tùy thuộc vào môi trường xung quanh, thường bắt gặp với các tông màu nâu xanh lục lốm đốm các vệt đỏ và tím. Vùng đầu có nhiều chấm đỏ, các vạch ngắn cùng màu tập trung quanh mắt. Vảy cá hai bên thân cũng có các vạch dọc màu đỏ nhưng dài hơn. Vây đuôi cá đực trưởng thành đặc biệt có đến ba thùy và được viền đỏ 3 rìa sau, trong khi vây đuôi cá cái được bo tròn. Cá con và cá cái đang lớn có 3–4 đốm đen nổi bật ở hai bên thân, cũng như xuất hiện thêm các dải màu sẫm trên cơ thể. 
Sinh thái: Loài cá này thường sống ven rạn, đầm phá chủ yếu sống ở những nơi có nhiều rạn san hô có độ sâu dưới 30m, những cá thể còn nhỏ có thể tìm thấy trong các thảm tảo hoặc thảm cỏ biển. Thức ăn của cá Bàng chài sọc ngang là các loài thủy sinh không xương sống có vỏ cứng, bao gồm động vật thân mềm, động vật giáp xác,..
Phân bố:
Thế giới: Ấn Độ Dương-Thái Bình Dương: Đông Phi đến các đảo Tuamoto và Austral, phía bắc đến Quần đảo Ryukyu, phía nam đến New Caledonia
Việt Nam: Ở Việt Nam, loài này được ghi nhận tại cù lao Chàm (Quảng Nam), vịnh Vân Phong và vịnh Nha Trang (Khánh Hòa), đảo Phú Quốc, bờ biển Ninh Thuận, đảo Lý Sơn (Quảng Ngãi), quần đảo Nam Du (Kiên Giang), Côn Đảo,cũng như tại quần đảo Hoàng Sa và quần đảo Trường Sa."
79,Cá,E.57183,Labridae,Halichoeres trimaculatus,"(Quoy & Gaimard, 1834)",Cá Bàng Chài ba đốm,Nam Yết,16.04.2021,10°11'06.5,114°21'48.5,1,,,1,,1,"Cá Bàng Chài ba đốm
Threespot wrasse

Đặc điểm:
D. IX, 11; A. III, 10-11
Cá Bàng chài ba đốm có chiều dài tối đa 27cm. Cá đực trưởng thành có màu vàng lục nhạt với các vạch hồng trên mỗi vảy, đầu màu xanh lục với nhiều vệt sọc hồng tím, có một đốm đen ở cuống đuôi, bao quanh bởi một vệt vàng, phía sau nắp mang (trên gốc vây ngực) cũng có môt đốm đen tương tự nhưng nhỏ hơn (có thể tiêu biến ở nhiều cá thể). Cá cái có màu cơ thể nhạt hơn so với cá đực và có màu trắng ở bụng
Sinh thái: Loài cá Bàng chài này thường sống ở các rạn viền bờ hoặc trong các đầm phá với độ sâu dưới 30m, chúng hoạt động vào ban ngày và vùi mình vào cát để nghỉ ngơi vào ban đêm, thức ăn của chúng chủ yếu bao gồm các loài động vật không xương sống (giáp xác, giun nhiều tơ,..), trứng cá và cá nhỏ, chúng là loài lưỡng tính (đa số là cá cái chuyển đổi thành cá đực nhưng một số trường hợp ngược lại).
Phân bố:
Thế giới: Các quần đảo của Úc, vùng biển các nước Đông Nam Á,..
Việt Nam: Quảng Ninh, Hải Phòng, Quảng Nam, Quảng Ngãi, Ninh Thuận, Khánh Hòa,…"
80,Cá,E.57184,Labridae,Hemigymnus melapterus,"(Bloch, 1791)",Cá Bàng Chài trớt,Nam Yết,16.04.2021,10°11'06.5,114°21'48.5,1,,,1,,1,"Cá Bàng Chài trớt
Blackeye thicklip

Đặc điểm: 
D. IX, 10-11; A. III, 11
Cá Bàng chài trớt có chiều dài tối đa là 90cm, tuy nhiên loài thường gặp chỉ có 37cm. Môi dày, có nhiều vệt hồng quanh mắt. Con đực có màu xanh lục với vảy trên thân có rìa màu đen môi và phần dưới của đầu chủ yếu có màu xanh lam nhạt, ngực và bụng màu trắng hồng. Cá cái nhỏ và cá con đang phát triển có hai màu rõ rệt trên thân: đầu và thân trước có màu xanh lục xám thân sau màu đen, cuống đuôi và vây đuôi màu vàng, thường có 1–2 đốm đen nhỏ ở giữa vây (cá con mới lớn có thêm một dải màu trắng rõ rệt chia tách hai vùng màu trên thân), vảy của cá cái có thêm các vạch màu lục sẫm, chuyển sang màu vàng với các đốm màu xanh lam ở cuống đuôi và vây đuôi. Cá cái trưởng thành có màu sắc gần giống với cá đực: thân sau dần chuyển sang màu lục sẫm, vảy có viền đen, đầu có màu xanh lục sáng
Sinh thái: thường gặp trong các đầm phá san hô và các rạn san hô hướng ra khơi. Con non thường ở trong các san hô cành, con trưởng ở vùng có dạng hỗn hợp san hô, san hô chết, cát, cá kích thước lớn sống ở vùng nước sâu hơn.
Phân bố: 
Thế giới: vùng biển Ấn Độ- Thái Bình Dương: từ Biển Đỏ và Đông Phi đến Micronesia, Samoa và Polynesia. 
Việt Nam: vùng rạn san hô ven bờ và các đảo từ Quảng Ninh đến Kiên Giang."
82,Cá,E.57186,Labridae,Oxycheilinus unifasciatus,"(Streets, 1877)",Cá Bàng Chài vòng đuôi,Nam Yết,16.04.2021,10°11'06.5,114°21'48.5,,,,1,,1,"Cá Bàng Chài vòng đuôi
Ringtail maori wrasse

Đặc điểm:
D. IX, 10; A. III, 8;
Có chiều dài cơ thể tối đa được ghi nhận là 46 cm. Loài này đa dạng màu sắc, thường là màu nâu tía hoặc màu ô liu với một dải trắng bao quanh cuống đuôi. Đầu có các vệt sọc màu đỏ cam bao quanh mắt, và có cặp sọc ngang song song nổi bật ở trên má. Vây bụng và vây lưng trước có đốm lớn.
Sinh thái: sống gần các rạn san hô viền bờ và rạn san hô trong các đầm phá ở độ sâu đến 161 m, thức ăn chủ yếu là giáp xác và cá nhỏ.
Phân bố:
Thế giới: có phạm vi phân bố rộng khắp Tây và Trung Thái Bình Dương, nhưng thưa thớt ở Đông Ấn Độ Dương
Việt Nam: Khánh Hòa, bờ biển Ninh Thuận, đảo đá ngoài khơi Bình Thuận, đảo Lý Sơn (Quảng Ngãi), cũng như tại quần đảo Hoàng Sa."
83,Cá,E.57187,Lethrinidae,Gnathodentex aureolineatus,"(Lacepède, 1802)",Cá Hè răng đai,Nam Yết,16.04.2021,10°11'06.5,114°21'48.5,,,,1,1,,"Cá Hè răng đai
Striped large-eye bream

Đặc điểm:
D. X, 10; A. III, 8-10.
Cơ thể có chiều dài tối đa là 30cm (thường thấy nhất là 20cm), cơ thể dẹp bên, mõm nhọn và đuôi chẻ, tính theo tỷ lệ với kích thước cơ thể thì loài cá này có mắt to. Cơ thể có màu xám với các sọc ngang màu vàng nằm ngang ở cả 2 bên thân, phía sát lưng màu của sọc đậm hơn, vây có ánh hồng, với một đường màu vàng giống như râu nằm phía trên môi trên, các chỗ nối liền các vây ngực với cơ thể cũng như viền rìa ngoài nắp mang cũng có màu vàng. Đốm màu vàng kim nằm ở phía sau chỗ kết thúc vây lưng là dấu hiệu xác nhận loài này
Sinh thái: Chúng thường sống đơn độc hoặc bơi trong các bầy cá nhỏ ven các rạn san hô. Chúng hoạt động nhiều về ban đêm để kiếm ăn, thức ăn của nó chủ yếu là các động vật không xương sống tầng đáy, như nhiều loài động vật giáp xác và động vật chân bụng, đôi khi cả cá nhỏ.
Phân bố:
Thế giới: Cá Hè răng đai có phạm vi sinh sống trong vùng biển nhiệt đới và cận nhiệt đới thuộc Ấn Độ Dương và Thái Bình Dương, từ vùng ven biển phía đông châu Phi tới các đảo trên Thái Bình Dương như quần đảo Tuamotu, trừ quần đảo Hawaii
Việt Nam: Khánh Hòa, Ninh Thuận,..."
84,Cá,E.57188,Lethrinidae,Lethrinus rubrioperculatus,"Sato, 1978",Cá Hè chấm má,Nam Yết,16.04.2021,10°11'06.5,114°21'48.5,1,,,1,1,,"Cá Hè chấm má
Spotcheek emperor

Đặc điểm:
D. X, 9; A. III, 8.
Chiều dài cơ thể lớn nhất được ghi nhận là 57 cm, thường bắt gặp với chiều dài trung bình khoảng 30 cm. Thân màu xanh lục xám hoặc nâu, lốm đốm các vệt đen nhỏ, môi đỏ, một đốm ở rìa trên nắp mang thường có màu đỏ. Các vây trắng nhạt hoặc phớt hồng. Chúng có thể chuyển sang kiểu hình cơ thể có dạng lốm đốm các vệt trắng hoặc xuất hiện một dải nâu dọc hai bên lườn
Sinh thái: Cá Hè chấm má thường sống gần các rạn san hô, trên nền đáy cát và đá vụn ở rìa ngoài các rạn san hô, độ sâu ghi nhận khoảng 10–198 m. Thức ăn của loài cá này thường là ngao, giáp xác, cá nhỏ, động vật không xương sống, ốcc sên, sao biển, động vật đáy, động vật phù du
Phân bố:
Thế giới: Vùng biển Đông Phi , miền nam Nhật Bản và Đài Loan , Quần đảo Marquesas , New Caledonia và nửa phía bắc của Australia,..
Việt Nam: Quần đảo Hoàng Sa, Trường Sa,.."
85,Cá,E.57189,Pomacentridae,Stegastes obreptus,"(Whitley, 1948)",Cá Thia,Nam Yết,16.04.2021,10°11'06.5,114°21'48.5,1,,,,,,"Cá Thia
Western gregory

Đặc điểm:
D. XIII, 14-16; A. II, 12-14;
Chiều dài thân chuẩn cá gấp 1,7 đến 2,2 lần chiều cao thân. Thân cá và các vây có màu nâu đen đến đen. Viền trước vây bụng và vây hậu môn có màu xanh đen. Môi màu nâu sẫm.
Sinh thái: Chúng thường sống xung quanh các rạn san hô chết hoặc những bãi đá ngầm, những khu vực ít sóng, ở độ sâu khoảng 2 – 10 m. Thức ăn của chúng là rong tảo và các loại động vật không xương sống (giun, giáp xác, ốc biển). Chúng có tập tính sinh sản theo cặp, trứng được đặt trong các hốc đá và được bảo vệ bởi cá đực.
Phân bố: 
Thế giới: Ấn Độ - Thái Bình Dương: Quần đảo Ryukyu, bao gồm Indo-Malayan Archipelago, Tây Úc ở phía bắc Quần đảo Abrolhos; phía đông dọc theo rìa phía bắc của Ấn Độ Dương đến Sri Lanka và Ấn Độ.
Việt Nam: Mẫu thu được ở vùng biển các đảo: Đá Nam, Nam Yết và Thuyền Chài"
86,Cá,E.57190,Serranidae,Epinephelus hexagonatus,"(Forster, 1801)",Cá Mú chấm sao,Nam Yết,16.04.2021,10°11'06.5,114°21'48.5,,,,1,1,,"Cá Mú chấm sao
Starspotted grouper

Đặc điểm: 
D. XI, 15-17; A. III, 8
Loài cá Mú chấm sao có chiều dài thân chuẩn cá gấp 2,8 - 3,5 chiều cao thân, bằng 2,5- 2,6 chiều dài đầu. Toàn thân cá được bao phủ bởi các đốm nâu đa giác (chủ yếu là hình lục giác) có xu hướng hợp nhất; có 4 hoặc 5 vết đen hình yên ngựa màu nâu nâu (hình thành bởi các nhóm đốm đậm hơn) trên phần lưng của thân và cuống đuôi. Các vây có các đốm nâu sẫm hoặc nâu đỏ; vây bụng và vây hậu môn có mép nâu nhạt.
Sinh thái: Cá trưởng thành sống xung quanh các rạn san hô và các bãi đá ngầm ở độ sâu dưới 30m; cá con sống ở vùng nước nông hơn. Thức ăn của cá Mú chấm sao là các loài cá nhỏ hơn, động vật thân mềm và động vật giáp xác
Phân bố: 
Thế giới: Ấn Độ Dương - Thái Bình Dương.
Việt Nam: Mẫu thu được ở vùng biển các đảo: Đá Nam, Nam Yết, Thuyền Chài."
87,Cá,E.57191,Serranidae,Epinephelus merra,"Bloch, 1793",Cá Mú chấm tổ ong,Nam Yết,16.04.2021,10°11'06.5,114°21'48.5,,,,1,1,1,"Cá Mú chấm tổ ong
Honeycomb grouper

Đặc điểm: Cá Mú
D. XI, 15-17; A. III, 8.
Cá Mú chấm tổ ong trưởng thành có chiều dài cơ thể lớn nhất là 60cm. Thân thuôn dài, hình bầu dục. Cơ thể cá trưởng thành có màu vàng nâu hoặc nâu xám với các chấm màu nâu sẫm hình tổ ong phủ khắp đầu và thân, và cả các vây, đôi khi các đốm dính vào nhau tạo thành các vệt dài. Đuôi bo tròn
Sinh thái: thường gặp trong các đầm phá san hô và các rạn san hô hướng ra khơi, độ sâu phân bố đến 50m. Thức ăn chủ yếu là cá và giáp xác.
Phân bố:
Thế giới: vùng biển Ấn Độ- Thái Bình Dương:  từ Nam Phi đến Polynesia (Pháp), không ghi nhận ở Biển Đỏ và vịnh Persian
Việt Nam: vùng rạn san hô ven bờ và các đảo từ Quảng Ninh đến Kiên Giang."
88,Cá,E.57192,Serranidae,Epinephelus spilotoceps,"Schultz, 1953",Cá Song chàm,Nam Yết,16.04.2021,10°11'06.5,114°21'48.5,,,,1,1,,"Cá Song chàm
Foursaddle grouper

Đặc điểm:
D. XI, 14-16; A. III, 8.
Cá Song chàm trưởng thành có chiều dài cơ thể lớn nhất được ghi nhận là 35 cm. Thân thuôn dài, hình bầu dục. Cơ thể cá trưởng thành có màu trắng ngà với các đốm màu nâu sẫm và đỏ nâu phủ khắp đầu và thân, được xếp theo mô hình tổ ong. Có 4 đốm đen lớn dọc theo lưng. Vây có các đốm đen. Đuôi bo tròn.
Sinh thái: Cá trưởng thành sống xung quanh các rạn san hô và các bãi đá ngầm ở độ sâu khoảng dưới 30m; cá con sống ở vùng nước nông hơn. Thức ăn của chúng là các loài cá nhỏ hơn, động vật thân mềm và động vật giáp xác
Phân bố:
Thế giới: Cá Song chàm có phạm vi phân bố rộng khắp Ấn Độ Dương và Tây Thái Bình Dương. Loài này được tìm thấy dọc theo bờ biển Đông Phi, từ Kenya đến Mozambique, bao gồm Madagascar và tất các hòn đảo, quần đảo nằm trong Ấn Độ Dương
Việt Nam: ghi nhận tại quần đảo Trường Sa (Khánh Hòa)"
89,Cá,E.57193,Holocentridae,Myripristis kuntee,"Valenciennes, 1831",Cá Sơn đá vằn mang,Nam Yết,16.04.2021,10°11'06.5,114°21'48.5,1,,,1,,1,"Cá Sơn đá vằn mang
Shoulderbar soldierfish

Đặc điểm:
D. XI, 16; A. IV, 14-15
Kích thước lớn nhất 17 cm. Thân hình bầu dục, dẹp bên, đầu tương đối to, mõm ngắn. Thân màu vàng, từ xương nắp mang đến nách vây ngực có 1 sọc nâu đen, phần mút tia vây lưng, vây hậu môn và vây đuôi màu đỏ. Thân phủ vảy lược to, rắn, khó rụng, vây ngực tương đối lớn, vây bụng ở ngang ngực, vây đuôi dạng chẻ.
Sinh thái: Sống ở biển, trong rạn và hồ san hô sâu đến 30 m, thức ăn chủ yếu là phiêu sinh vật.
Phân bố:
Thế giới:Thái Bình Dương: Inđônêxia, Úc, Châu Đại Dương và Đông Phi.
Việt Nam: Biển Đông, quần đảo Trường Sa"
90,Cá,E.57194,Balistidae,Sufflamen chrysopterum,"(Bloch & Schneider, 1801)",Cá Bò họng xanh,Tốc Tan,19.04.2021,08°49'32.2,113°55'18.9,,,,1,,1,"Cá Bò họng xanh
Halfmoon triggerfish

Đặc điểm:
D. III, 26-28; A23-26;
Chiều dài cơ thể tối đa là 30 cm. Cơ thể có màu nâu vàng đến nâu sẫm với một vệt màu vàng lục hoặc trắng xám ở sau mắt, vây đuôi có một vùng tam giác tiệp màu với thân, được viền trắng ở xung quang rìa. Cá con có màu nâu sẫm ở thân trên và trắng ở thân dưới, vệt móng ngựa sẫm màu ở đuôi. Cá đực có vệt dài màu xanh tím từ cằm tới bụng
Sinh thái: Chúng sống tập trung trên các rạn san hô viền bờ ở độ sâu đến 30 m, thức ăn chủ yếu là các động vật không xương sống.
Phân bố:
Thế giới: Có phân bố rộng khắp khu vực Ấn Độ Dương - Thái Bình Dương, từ vịnh Ba Tư xuống Đông Phi, trải dài về phía đông đến quần đảo Samoa, ngược lên phía bắc đến Trung Nhật Bản
Việt Nam:  vịnh Hạ Long (Quảng Ninh), cù lao Chàm (Quảng Nam), đảo Lý Sơn (Quảng Ngãi), bờ biển Ninh Thuận, cù lao Cau và một vài đảo đá ngoài khơi Bình Thuận, vịnh Nha Trang (Khánh Hòa), Côn Đảo, quần đảo Hoàng Sa và quần đảo Trường Sa,.."
91,Cá,E.57195,Labridae,Macropharyngodon negrosensis,"Herre, 1932",Cá Bàng Chài chấm vàng,Tốc Tan,19.04.2021,08°49'32.2,113°55'18.9,,,,1,,,"Cá Bàng Chài chấm vàng
Yellowspotted wrasse

Đặc điểm:
D. IX, 11; A. III, 11
Chiều dài cơ thể tối đa được ghi nhận là 12 cm, cá cái và cá con có màu đen được phủ chi chít những chấm màu vàng tươi đến màu xanh lục lam (có màu trắng khi quan sát ở dưới nước). Vây lưng màu trắng có các vạch sọc đen; vây bụng và vây hậu môn màu đen; vây đuôi trong suốt. Cá đực cũng màu đen với những chấm xanh lục lam phủ dày đặc cơ thể, nhưng đầu có các vệt sọc màu vàng tươi và tím nhạt, rìa trên và dưới của vây đuôi có màu đen; vảy có viền màu sáng nổi bật
Sinh thái: Chúng sống gần các rạn san hô trên nền đáy cát và đá vụn trong các đầm phá, vịnh và vùng biển ngoài khơi ở độ sâu đến 32 m, ăn các loài động vật không xương sống nhỏ ở nền đáy. Chúng thường hợp thành những nhóm nhỏ, bơi gần đáy hoặc bơi theo cặp.
Phân bố:
Thế giới: Phân bố tập trung ở Tây và Trung Thái Bình Dương, nhưng thưa thớt ở Đông Nam Ấn Độ Dương, các vùng biển các nước Đông Nam Á,..
Việt Nam: Ghi nhận tại vùng biển Trường Sa, Ninh Thuận,.."
92,Cá,E.57196,Labridae,Oxycheilinus celebicus,"(Bleeker, 1853)",Cá Bàng Chài celebes,Tốc Tan,19.04.2021,08°49'32.2,113°55'18.9,1,,,1,,1,"Cá Bàng Chài celebes
Celebes wrasse

Đặc điểm:
D. IX, 10; A. III, 8
Chiều dài cơ thể tối đa được ghi nhận là 24 cm, mõm dài và nhọn, có dạng hình nón; phần đầu hơi lõm cá đực và cá cái có màu nâu đỏ, lốm đốm những vệt trắng, đỏ nhạt và nâu sẫm. Đầu có những vệt sọc màu cam bao quanh mắt, các vây lấm chấm đỏ, có một dải sọc đen được ngắt thành các đốm hình vuông ở hai bên thân (sẫm nâu về phía thân sau) và dải trắng bao quanh cuống đuôi
Sinh thái: Cá Bàng chài celebes sống trên các rạn viền bờ ở độ sâu đến ít nhất là 40 m, là loài lưỡng tính tiền nữ, thức ăn của chúng chủ yếu là các loài động vật không xương sống. 
Phân bố:
Thế giới: phân bố tập trung ở Đông Ấn Độ Dương và Tây Thái Bình Dương. Từ quần đảo Mergui (Myanmar), mở rộng đến vùng biển các nước Đông Nam Á
Việt Nam: vùng biển khu vực Hoàng Sa, Trường Sa,.."
93,Cá,E.57197,Priacanthidae,Heteropriacanthus cruentatus,"(Lacepède, 1801)",Cá Trác vây đuôi chấm,Tốc Tan,19.04.2021,08°49'32.2,113°55'18.9,1,,,1,,1,"Cá Trác vây đuôi chấm
Glasseye

Đặc điểm:
D. X, 12-13; A. III, 13-14
Cá Trác vây đuôi chấm có chiều dài lớn nhất được ghi nhận là 57cm. Thân hình bầu dục , dẹt mạnh, miệng lớn, hếch, xiên với hàm dưới nhô ra, không có gai trên đầu, phía sau nắp mang không có vảy, có gờ mảnh, có gai lớn phẳng ở một góc Thường có màu hồng đến đỏ, bao gồm cả vây và mống mắt, đuôi, vây lưng và vây hậu môn có các đốm đen hình elip; vây có thể có màu bạc với các đốm màu đỏ và hồng hoặc các vạch không đều, hoặc phần vây màu vàng với các đốm màu hồng bạc
Sinh thái: Loài cá này thường sống sinh sống ở các rạn san hô nông và dành cả ngày để ẩn náu trong hang động. Chúng sống về đêm và ăn động vật phù du, tôm, ấu trùng cá, mực nhỏ và bạch tuộc.
Phân bố:
Thế giới: Loài cá này có phân bố ở các vùng biển nhiệt đới và cận nhiệt đới thuộc Ấn Độ Dương và Thái Bình Dương
Việt Nam: Vùng biển vịnh Bắc Bộ đến miền Trung Việt Nam"
94,Cá,E.57198,Serranidae,Cephalopholis spiloparaea,"(Valenciennes, 1828)",Cá Mú đỏ dâu,Tốc Tan,19.04.2021,08°49'32.2,113°55'18.9,1,,,1,1,,"Cá Mú đỏ dâu
Strawberry hind

Đặc điểm:
D. IX, 14-16; A. III, 9 - 10.
Đặc trưng bởi toàn thân có màu đỏ hồng đến đỏ cam nhạt, lốm đốm các chấm nhỏ màu đỏ sẫm đến đỏ nâu, vây đuôi có dải màu trắng hình vòng cung ngang mép đuôi. Chiều dài thân chuẩn cá gấp 2,7 - 3,2 lần chiều cao thân; vây đuôi tròn; chiều dài đầu bằng 1,9 - 2,2 chiều dài vây bụng; mắt lớn, đường kính gấp đôi khoảng gian cách mắt. Răng mịn, khía nông.
Sinh học, sinh thái: Cá Mú đỏ dâu được xem là loài phổ biến nhất ở rạn san hô, chúng sống ở các độ sâu dưới 40m. Thức ăn chủ yếu là cua và một số loài giáp xác khác.
Phân bố: 
Thế giới:Ấn Độ Dương - Thái Bình Dương: Pinda, Mozambique đến Polynesia thuộc Pháp, phía bắc đến quần đảo Ryukyu, phía nam đến đảo Heron (cuối phía nam của Great Barrier Reef).
Việt Nam: Mẫu thu được ở vùng biển các đảo: Song Tử Tây, Thuyền Chài, Tốc Tan,"
95,Cá,E.57199,Gobiidae,Valenciennea strigata,"(Broussonet, 1782)",Cá Bống đai xanh,Tốc Tan,20.04.2021,08°49'32.5,113°55'19.3,1,,,1,,1,"Cá Bống đai xanh
Blueband goby

Đặc điểm:
D. 7, 17-19; A. I, 16-19;
Chiều dài cơ thể tối đa được ghi nhận là 18 cm, cơ thể có màu xám nhạt với đầu màu vàng, một vạch cong màu xanh lam bên dưới mắt ngang qua nắp mang và một vạch mỏng màu xanh nhạt ở gốc vây ngực
Sinh thái: tìm thấy ở các rạn san hô, đầm phá, những khu vực có chất nền cát, đá vụn, cứng, ở độ sâu từ 1 đến 25 mét, hủ yếu sinh sống trong các hang đào dưới đống đổ nát, sử dụng chúng vừa là nơi làm tổ vừa là nơi ẩn náu khỏi những kẻ săn mồi,
Phân bố:
Thế giới:  Ấn Độ Dương-Thái Bình Dương: Đông Phi đến Quần đảo Tuamoto, phía bắc đến Quần đảo Ryukyu, phía nam đến Sydney, Úc, bao gồm Đảo Lord Howe.
Việt Nam: Khánh Hòa"
96,Cá,E.57200,Holocentridae,Myripristis hexagona,"(Lacepède, 1802)",Cá Sơn đá răng đôi,Tốc Tan,20.04.2021,08°49'32.5,113°55'19.3,1,,,1,1,,"Cá Sơn đá răng đôi
Doubletooth soldierfish

Đặc điểm: 
D. XI, 13-15; A. IV, 11-14
Cá Sơn đá răng đôi có kích thước lớn nhất là 17cm. Thân màu đỏ tươi, từ xương nắp mang đến nách vây ngực có một sọc nâu đen, phần tia vây lưng, vây hậu môn và vây đuôi màu đỏ. Thân hình bầu dục, dẹp bên. Đầu tương đối to. Mõm ngắn. Mắt tròn rất to, ở trên bên đầu. Lỗ mũi rộng, ở trước viễn trước mắt. Miệng rộng, khe miệng xiên. Hàm dưới hơi dài hơn hàm trên. Thân phủ vảy lược to, rắn, khó rụng. Đường bên hoàn chỉnh và rõ ràng. Vay ngực không có vảy nách. 
Sinh thái: sống trong rạn san hô ven bờ và ngoài khơi, chúng bắt gặp trong vịnh và đầm phá, đến độ sâu 3-40 m, thường ẩn nấp trong các hang hốc của rạn.
Phân bố: 
Thế giới: vùng biển Ấn Độ- Thái Bình Dương: Đông Phi đến Samoa, phía bắc lên đến quần đảo Ryukyu (Nhật Bản), phía Nam  đến rạn san hô lớn Great Barrier Reef (Úc), New Caledonia,  Palau (Micronesia).
Việt Nam: vùng rạn đá, rạn san hô ven bờ và các đảo từ Quảng Ninh đến Kiên Giang."
97,Cá,E.57201,Holocentridae,Myripristis kuntee,"Valenciennes, 1831",Cá Sơn đá vằn mang,Tốc Tan,20.04.2021,08°49'32.5,113°55'19.3,,,,1,,1,"Cá Sơn đá vằn mang
Shoulderbar soldierfish

Đặc điểm:
D. XI, 16; A. IV, 14-15
Kích thước lớn nhất 17 cm. Thân hình bầu dục, dẹp bên, đầu tương đối to, mõm ngắn. Thân màu vàng, từ xương nắp mang đến nách vây ngực có 1 sọc nâu đen, phần mút tia vây lưng, vây hậu môn và vây đuôi màu đỏ. Thân phủ vảy lược to, rắn, khó rụng, vây ngực tương đối lớn, vây bụng ở ngang ngực, vây đuôi dạng chẻ.
Sinh thái: Sống ở biển, trong rạn và hồ san hô sâu đến 30 m, thức ăn chủ yếu là phiêu sinh vật.
Phân bố:
Thế giới:Thái Bình Dương: Inđônêxia, Úc, Châu Đại Dương và Đông Phi.
Việt Nam: Biển Đông, quần đảo Trường Sa"
98,Cá,E.57202,Holocentridae,Sargocentron violaceum,"(Bleeker, 1853)",Cá Sơn đá,Tốc Tan,20.04.2021,08°49'32.5,113°55'19.3,1,,,,,,"Cá Sơn đá
Violet squirrelfish

Đặc điểm: 
D. XI, 12-15; A. IV, 9;
Chiều dài lớn nhất được ghi nhận là 45cm, với chiều dài thường gặp là 35cm. Màu cơ thể từ nâu đến đỏ tía, phần đầu có màu đỏ; phần trên của nắp mang có màu hơi đen, mỗi vảy có vạch dọc màu trắng bạc, có bốn đến năm hàng vảy xiên trên má.
Sinh thái: Là loài sống đơn độc, hiếm gặp tại các bãi rạn san hô có phạm vi độ sâu dưới 100m. Sống về đêm, thức ăn chủ yếu là cua và tôm ở tầng đáy
Phân bố:
Thế giới: vùng biển Ấn Độ- Thái Bình Dương
Việt Nam: Khu vực quần đảo Trường Sa"
99,Cá,E.57204,Labridae,Cheilinus fasciatus,"(Bloch, 1791)",Cá Bàng Chài sọc ngang,Tốc Tan,20.04.2021,08°49'32.5,113°55'19.3,,,,1,,1,"Cá Bàng Chài sọc ngang
Redbreasted wrasse

Đặc điểm: 
Loài cá Bàng Chài sọc ngang có D. IX, 10; A. III, 8, chiều dài thân chuẩn cá gấp 2,35 đến 2,6 lần chiều cao thân. Hàm dưới cá trưởng thành có 2 răng nanh lớn, khỏe. Toàn thân cá với hai màu chủ đạo: đỏ cam và đen, với 6 vạch đen trên thân và 1 vạch trên đuôi. Phần thân dưới, vây lưng, vây hậu môn và nửa sau của vây đuôi có những chấm nhỏ màu cam sẫm đến đỏ.
Sinh thái: Thường được thấy ở các rạn san hô hay nền đáy sỏi cát, ở độ sâu 4-60m. Thức ăn của cá Bàng chài sọc ngang là các loài thủy sinh không xương sống có vỏ cứng, bao gồm động vật thân mềm, động vật giáp xác và cầu gai nhờ sở hữu bộ hàm chắc khỏe
Phân bố: 
Thế giới: Ấn Độ Dương - Thái Bình Dương, biển Đỏ, Nhật Bản,..
Việt Nam: Trường Sa (Khánh Hòa), Kiên Giang, Ninh Thuận, Phú Yên"
101,Cá,E.57205,Labridae,Thalassoma quinquevittatum,"(Lay & Bennett, 1839)",Cá Bàng Chài năm sọc,Tốc Tan,20.04.2021,08°49'32.5,113°55'19.3,1,,,1,,1,"Cá Bàng Chài đầu đen
Moon wrasse

Đặc điểm:
D. 8, 13; A. III, 11;
Chiều dài cơ thể tối đa là 45 cm, Cá trưởng thành có cơ thể màu xanh lục, nhưng cá đực sẫm màu xanh lam hơn, đặc biệt là trong quá trình tán tỉnh. Mỗi bên thân có các vạch sọc đứng màu đỏ trên vảy. Đầu có các vệt màu hồng tím. Thùy đuôi có màu hồng tím viền xanh óng, phần còn lại của đuôi màu vàng tươi. Vây ngực màu lam với một vệt đốm màu tím ở giữa. Cá con có màu ô liu (nâu lục) với một đốm đen ở giữa vây lưng và một đốm tương tự giữa cuống đuôi
Sinh thái: sống gần các rạn san hô viền bờ và trong các đầm phá ở độ sâu đến 30 m, sống đơn độc hoặc hợp thành từng nhóm. Thức ăn chủ yếu là các loài thủy sinh không xương sống và trứng cá, nhưng chúng cũng có thể ăn các loài cá nhỏ hơn
Phân bố:
Thế giới: Nhật Bản, Trung Quốc, Philippin, Inđônêxia, Micrônêxia, Ôxtrâylia, Papua Niu Ghine, Đông châu Phi, Biển Đỏ.
Việt Nam: Vịnh Bắc Bộ, Cù Lao Chàm, Nha Trang, Cù Lao Cau, Côn Đảo, Phú Quốc (Kiên Giang) và quần đảo Trường Sa"
102,Cá,E.57206,Lutjanidae,Lutjanus bohar,"(Forsskål, 1775)",Cá Hồng hai chấm,Tốc Tan,20.04.2021,08°49'32.5,113°55'19.3,,,,1,1,,"Cá Hồng hai chấm
Two-spot red snapper

Đặc điểm:
D. X, 13-14; A. III, 8
Chiều dài cơ thể lớn nhất được ghi nhận là 90 cm, có màu nâu đỏ sẫm với các sọc sẫm mờ. Cá con, và đôi khi là cả cá trưởng thành có hai đốm trắng bạc trên lưng, vây ngực màu hồng với viền đen sẫm. Vào mùa sinh sản thì cá đực trở nên sẫm màu hơn, còn cá cái chuyển sang màu đỏ nhạt.
Sinh thái: Loài cá này thường sống ở các rạn san hô với độ sâu dưới 180m. Thức ăn chủ yếu của chúng là các loài cá nhỏ, giáp xác và thân mềm,..
Phân bố:
Thế giới: khu vực Ấn Độ Dương - Thái Bình Dương
Việt Nam: Ghi nhận tại Trường Sa, Côn Đảo, cù lao Cau,.."
103,Cá,E.57207,Mullidae,Parupeneus multifasciatus,"(Quoy & Gaimard, 1825)",Cá Phèn nhiều sọc,Tốc Tan,20.04.2021,08°49'32.5,113°55'19.3,1,,,1,,1,"Cá Phèn nhiều sọc
Manybar goatfish

Đặc điểm: 
D. VIII, 9; A. I, 7;
Cá phèn nhiều sọc có chiều dài có thể lên đến 35 cm, có râu dài, có màu xám nhạt đến đỏ nâu với các vạch màu đỏ sẫm đến đen và trắng xen kẽ có chiều rộng khác nhau và một vạch sẫm phía sau mắt.
Sinh thái: Sống ở vùng rạn san hô, đến độ sâu 60m. Chúng thường tập hợp thành đàn trên các dải cát, cũng như san hô chết. Thức ăn chủ yếu là cua nhỏ, tôm, tôm tít, cá, giun nhiều tơ…
Phân bố:
Thế giới:  Thái Bình Dương; từ đảo Christmas (đông Ấn Độ Dương) đến các đảo Hawaii, Line, Marquesan và Tuamoto, phía bắc đến nam Nhật Bản, phía nam đến các đảo Lord Howe và Rapa.
Việt Nam: vịnh Bắc Bộ, Trung Bộ đến vùng biển Tây Nam."
105,Cá,E.57209,Pomacentridae,Dascyllus trimaculatus,"(Rüppell, 1829)",Cá Thia đồng tiền ba chấm,Tốc Tan,20.04.2021,08°49'32.5,113°55'19.3,,,,1,,1,"Cá Thia đồng tiền ba chấm
Threespot dascyllus

Đặc điểm:
D. XII, 14-16; A. II, 14-15
Chiều dài cơ thể tối đa ở loài cá Thia này là 14cm, toàn thân màu đen tuyền với ba đốm trắng (1 đốm trên trán và 2 đốm ở 2 bên thân), ở cá thể trưởng thành đốm trắng se không thấy hoặc mờ đi. Ở một số vùng, các cá thể cá Thia có thể biến đổi như cơ thể có vệt vàng, hoặc có màu sáng hơn.
Sinh thái: Loài cá Thia đồng tiền ba chấm này thường sống trên các mỏm đá và trên các rạn san hô với độ sâu tối đa ghi nhận được đến 55, những cá thể con thường sống xung quanh hải quỳ hay cầu gai. Thức ăn của chúng thường là tảo và động vật phù du, cá đực có tập tính bảo vệ và chăm sóc trứng.
Phân bố:
Thế giới: Cá Thia đồng tiền ba chấm có phạm vi phân bố rộng khắp khu vực Ấn Độ Dương - Thái Bình Dương
Việt Nam: đảo Lý Sơn (Quảng Ngãi); cù lao Chàm (Quảng Nam); vịnh Nha Trang và vịnh Vân Phong (Khánh Hòa); Ninh Thuận; Kiên Giang; đảo Phú Quốc cũng như tại quần đảo Hoàng Sa và quần đảo Trường Sa."
107,Cá,E.57211,Pomacentridae,Pomacentrus lepidogenys,"Fowler & Bean, 1928",Cá Thia vảy,Tốc Tan,20.04.2021,08°49'32.5,113°55'19.3,,,,1,,1,"Cá Thia vảy
Scaly damsel

Đặc điểm:
D. XIII, 14-15; A. II, 14-15;
Chiều dài lớn nhất ghi nhận là 9cm, cơ thể có màu xám nhạt hoặc xanh lục nhạt, sẫm màu hơn ở lưng. Màu vàng tươi phía sau gốc vây lưng và cuống đuôi, nhạt hơn ở vây hậu môn.
Sinh thái: Loài cá này sinh sống tập trung gần những rạn san hô viền bờ hoặc trong các đầm phá ở độ sâu đến 12 m, thức ăn chủ yếu là tảo và các loài động vật phù du. Cá đực có tập tính bảo vệ và chăm sóc trứng
Phân bố:
Thế giới: Thái Lan, Nhật Bản, một số vùng biển của các nước Đông Nam Á,..
Việt Nam:Khánh Hòa–Ninh Thuận, Phú Yên, Bình Thuận, cù lao Chàm, Côn Đảo và quần đảo Trường Sa"
108,Cá,E.57212,Holocentridae,Sargocentron spiniferum,"(Forsskål, 1775)",Cá Sơn đá,Tốc Tan,29.04.2021,08°49'43.8,113°58'30.3,1,,,1,,1,"Cá Sơn đá
Sabre squirrelfish

Đặc điểm: 
D. XI, 14-16; A. IV, 9-10;
Chiều dài lớn nhất được ghi nhận là 53cm, với chiều dài thường gặp là 35cm. Cá có màu đỏ, lưng sẫm hơn bụng; vảy viền trắng bạc, có một đốm lớn đỏ thẫm ngay sau mắt, bao quanh bởi vệt sọc trắng, gốc vây ngực và gai vây lưng có màu đỏ thẫm, các vây đều có màu vàng
Sinh thái: là loài sống trong các rạn đá hoặc rạn san hô, trên nền rạn đến phá san hô và rạn hướng ra khơi, độ sâu lên đến 122 m. Con non sống ở các vùng rạn cạn ven bờ. Thức ăn là ấu trùng tôm, cua, bắt mồi vào ban đêm.
Phân bố:
Thế giới: vùng biển Ấn Độ- Thái Bình Dương: phân bố từ Biển Đỏ và Đông Châu Phi đến Hawaii và quần đảo Ducie, phía bắc lên đến nam Nhật Bản, phía nam đến Úc và trẳi dài sang dài đến các quần đảo nhóm Micronesia.
Việt Nam: vùng rạn san hô ven bờ và các đảo từ Quảng Ninh đến Kiên Giang."
109,Cá,E.57213,Labridae,Thalassoma quinquevittatum,"(Lay & Bennett, 1839)",Cá Bàng Chài năm sọc,Tốc Tan,29.04.2021,08°49'43.8,113°58'30.3,,,,1,,1,"Cá Bàng Chài năm sọc
Fivestripe wrasse

Đặc điểm:
D. 8, 13; A. III, 11;
Chiều dài cơ thể tối đa được ghi nhận là 17 cm, cơ thể có màu xanh lục với hai dải sọc ngang màu hồng tím theo chiều dài cơ thể. Đầu có các dải vệt màu xanh lục và hồng tím xen kẽ; ở cá đực, đầu sẫm màu tía hơn. Cá đực mùa sinh sản ánh màu vàng tươi ở hai bên thân. Đuôi hơi bo tròn ở cá con và lõm dần với hai thùy dài ở cá đực trưởng thành; hai thùy đuôi màu đỏ hồng. Cá con có các đốm đen dọc vây lưng
Sinh thái: sống gần các rạn san hô viền bờ và trong các đầm phá ở độ sâu đến 40 m, thức ăn chủ yếu là các loài thủy sinh không xương sống, chủ yếu là tôm cua, động vật thân mềm, nhím biển và cả những loài cá nhỏ hơn
Phân bố:
Thế giới: có phạm vi phân bố rộng rãi ở Đông Bắc Đại Tây Dương. Từ bờ biển Bồ Đào Nha, loài này được ghi nhận dọc theo bờ biển Tây Phi trải về phía nam đến Sénégal, bao gồm tất cả các hòn đảo nằm thuộc Macaronesia ở ngoài khơi,...
Việt Nam: Ghi nhận tại vùng biển Phú Yên, Khánh Hòa, ..."
110,Cá,E.57214,Lethrinidae,Lethrinus erythracanthus,"Valenciennes, 1830",Cá Hè chấm cam,Tốc Tan,29.04.2021,08°49'43.8,113°58'30.3,,,,1,1,,"Cá Hè chấm cam
Orange-spotted emperor

Đặc điểm:
D. X, 9; A. III, 8.
Cá Hè chấm cam có chiều dài cơ thể lớn nhất 70cm nhưng thường gặp nhất là 50cm. Thân màu nâu đến xám đậm, lốm đốm những chấm sáng và sẫm màu rải rác trên cơ thể, đôi khi có các vệt sọc nhạt ở thân dưới. Đầu màu nâu hoặc xám, thường có nhiều chấm cam trên má. Vây ngực và vây bụng màu trắng hoặc cam, vây lưng và vây hậu môn lốm đốm cam và hơi xanh, vây đuôi thường có màu cam sáng. Con non có màu hơi vàng, đầu màu xám và có các đường hoặc sọc hẹp màu trắng dọc theo hai bên.
Sinh thái: Loài cá Hè này thường sống ở vùng đáy mểm, đầm phá, kênh đào sâu với độ sâu được ghi nhận là 15-120m. Sống đơn độc, ban ngày chúng hay lượn quanh các hang động hoặc trên các bãi đá, thức ăn chủ yếu là da gai, giáp xác, thân mềm
Phân bố:
Thế giới: Có phân bố trải rộng trên vùng Ấn Độ Dương - Thái Bình Dương
Việt Nam: Khánh Hòa (quần đảo Trường Sa)"
112,Cá,E.57216,Lutjanidae,Lutjanus gibbus,"(Forsskål, 1775)",Cá Hồng bụng cong,Tốc Tan,29.04.2021,08°49'43.8,113°58'30.3,,,,1,,1,"Cá Hồng bụng cong
Humpback red snapper

Đặc điểm:
D. X, 13-14; A. III, 8
Con trưởng thành có kích thước tối đa là 50cm, đầu có trán dốc rất dốc, phát triển tốt và có khía ở phần trước mang, màu sắc tổng thể của loài cá hồng này là đỏ hoặc xám, sẫm hơn ở lưng và phần trên đầu, đuôi lớn sẫm màu với các thùy tròn rộng, vây màu đỏ đến đen. Con non màu xám có mảng đen tròn lớn ở gốc đuôi, vây đuôi màu vàng và có sọc sẫm dọc xuyên qua mắt.
Sinh thái: Thường tập trung thành đứng yên bơi lượn trên rạn san hô vào ban ngày, những con non trú ẩn trong các thảm cỏ biển ở những khu vực được bảo vệ trên nền cát và bùn bởi các con thủ lĩnh với độ sâu ghi nhận là 1-150m. Thức ăn của chúng là các loài cá và động vật không xương sống như tôm, cua, tôm hùm, da gai. Sự trưởng thành về giới tính xảy ra khi chúng được hai tuổi rưỡi và chúng hình thành các quần thể sinh sản.
Phân bố:
Thế giới: Biển Đỏ, Đông Phi, Nhật Bản, Úc,..
Việt Nam: Khu vực Trường Sa, cù lao Cau,.."
113,Cá,E.57219,Nemipteridae,Pentapodus caninus,"(Cuvier, 1830)",Cá Dơi đuôi dài răng nhỏ,Tốc Tan,29.04.2021,08°49'43.8,113°58'30.3,,,,1,1,,"Cá Dơi đuôi dài răng nhỏ
Small-toothed whiptail

Đặc điểm:
D. X, 9; A. III, 7;
Có chiều dài có thể lên đến 35 cm, vây lưng dài. Cơ thể của cá có màu xanh, trên thân có hai đường màu vàng nhạt, một đường chạy dọc giữa thân, đường kia bắt đầu từ mắt và kết thúc ở gốc đuôi.
Sinh thái: Sống đơn độc hoặc theo nhóm nhỏ và thường được tìm thấy ở gần đáy trên các khu vực rạn san hô ở độ sâu 2 - 35 m. Ăn các loài cá nhỏ và động vật phù du lớn hơn, cũng như các sinh vật đáy
Phân bố:
Thế giới: Ấn Độ-Tây Thái Bình Dương: Biển Đông đến Quần đảo Gilbert, Nhật Bản, New Caledonia.
Việt Nam: Khánh Hòa"
116,Cá,E.57220,Pinguipedidae,Parapercis pacifica,"Imamura & Yoshino, 2007",Cá Lú,Tốc Tan,29.04.2021,08°49'43.8,113°58'30.3,,,,,,,"Cá Lú
(chưa có tên tiếng Anh)

Đặc điểm:
D. V, 21-22; A. I, 17-18;
Loài cá Lú này đạt chiều dài tối đa là 19cm. Cơ thể thon dài vừa phải và ít nén. Đầu nhọn; mắt thường hơi nhô lên phía trên mặt lưng của đầu. Cơ thể có màu nhạt với các đốm đen rải rác trên đầu và thân, các đường viền hình chữ nhật mờ trên cơ thể và trên vây đuôi có một đốm đen lớn, má có các vết hình chữ 'M' hoặc hình bán nguyệt và phía trên có nhiều đốm đen hơn.
Sinh thái: Loài cá này thường sống ở các rạn san hô hoặc nền đáy cát có độ sâu dưới 35m.
Phân bố:
Thế giới: Ghi nhận sự xuất hiện của loài cá này ở Tây Thái Bình Dương từ miền nam Nhật Bản tới Indonesia.
Việt Nam: Vùng biển Nha Trang, Trường Sa,.."
117,Cá,E.57221,Chaetodontidae,Hemitaurichthys polylepis,"(Bleeker, 1857)",Cá Bướm kim tự tháp,Thuyền Chài,01.05.2021,08°16'14.3,113°21'28.7,1,,,1,,1,"Cá Bướm kim tự tháp
Pyramid butterflyfish

Đặc điểm:
D. XII, 23-26; A. III, 20-21
Cá Bướm kim tự tháp có chiều dài tối đa được ghi nhận là 18cm. Cơ thể nổi bật với các mảng hình kim tự tháp lớn màu trắng ở hai bên, vây đuôi, vây ngực và vây bụng màu trắng, đầu màu nâu và phần còn lại của cơ thể có màu vàng sáng.
Sinh thái: Chúng thường sống trên khu vực sườn dốc của rạn viền bờ ở độ sâu khoảng từ 3 đến 60 m, sống thành nhóm nhỏ và có thể hợp thành đàn lớn, chúng có thể phát ra âm thanh (lúc hoàng hôn để thực hiện các màn tán tỉnh và thu hút bạn tình) nhờ vào bong bóng cá. Thức ăn chủ yếu là sinh vật phù du.
Phân bố:
Thế giới: Vùng biển các nước Đông Nam Á, Nhật Bản, Úc, Hawaii,..
Việt Nam: Khánh Hòa (khu vực Trường Sa, hòn Mun), đảo ngoài khơi Ninh Thuận,.."
118,Cá,E.57222,Holocentridae,Sargocentron violaceum,"(Bleeker, 1853)",Cá Sơn đá,Thuyền Chài,01.05.2021,08°16'14.3,113°21'28.7,,,,,,,"Cá Sơn đá
Violet squirrelfish

Đặc điểm: 
D. XI, 12-15; A. IV, 9;
Chiều dài lớn nhất được ghi nhận là 45cm, với chiều dài thường gặp là 35cm. Màu cơ thể từ nâu đến đỏ tía, phần đầu có màu đỏ; phần trên của nắp mang có màu hơi đen, mỗi vảy có vạch dọc màu trắng bạc, có bốn đến năm hàng vảy xiên trên má.
Sinh thái: Là loài sống đơn độc, hiếm gặp tại các bãi rạn san hô có phạm vi độ sâu dưới 100m. Sống về đêm, thức ăn chủ yếu là cua và tôm ở tầng đáy
Phân bố:
Thế giới: vùng biển Ấn Độ- Thái Bình Dương
Việt Nam: Khu vực quần đảo Trường Sa"
119,Cá,E.57223,Labridae,Cheilinus fasciatus,"(Bloch, 1791)",Cá Bàng Chài sọc ngang,Thuyền Chài,01.05.2021,08°16'14.3,113°21'28.7,,,,1,,1,"Cá Bàng Chài sọc ngang
Redbreasted wrasse

Đặc điểm: 
Loài cá Bàng Chài sọc ngang có D. IX, 10; A. III, 8, chiều dài thân chuẩn cá gấp 2,35 đến 2,6 lần chiều cao thân. Hàm dưới cá trưởng thành có 2 răng nanh lớn, khỏe. Toàn thân cá với hai màu chủ đạo: đỏ cam và đen, với 6 vạch đen trên thân và 1 vạch trên đuôi. Phần thân dưới, vây lưng, vây hậu môn và nửa sau của vây đuôi có những chấm nhỏ màu cam sẫm đến đỏ.
Sinh thái: Thường được thấy ở các rạn san hô hay nền đáy sỏi cát, ở độ sâu 4-60m. Thức ăn của cá Bàng chài sọc ngang là các loài thủy sinh không xương sống có vỏ cứng, bao gồm động vật thân mềm, động vật giáp xác và cầu gai nhờ sở hữu bộ hàm chắc khỏe
Phân bố: 
Thế giới: Ấn Độ Dương - Thái Bình Dương, biển Đỏ, Nhật Bản,..
Việt Nam: Trường Sa (Khánh Hòa), Kiên Giang, Ninh Thuận, Phú Yên"
120,Cá,E.57224,Labridae,Cheilinus trilobatus,"Lacepède, 1801",Cá Bàng Chài đuôi ba thùy,Thuyền Chài,01.05.2021,08°16'14.3,113°21'28.7,,,,1,,1,"Cá Bàng Chài đuôi ba thùy
Tripletail wrasse

Đặc điểm:
D. IX, 10; A. III, 8
Chiều dài lớn nhất được ghi nhận là 45 cm. Chúng có bộ hàm rất chắc, mỗi hàm có hai răng nanh nằm ở phía trước. Loài này có thể nhanh chóng chuyển đổi màu sắc cơ thể tùy thuộc vào môi trường xung quanh, thường bắt gặp với các tông màu nâu xanh lục lốm đốm các vệt đỏ và tím. Vùng đầu có nhiều chấm đỏ, các vạch ngắn cùng màu tập trung quanh mắt. Vảy cá hai bên thân cũng có các vạch dọc màu đỏ nhưng dài hơn. Vây đuôi cá đực trưởng thành đặc biệt có đến ba thùy và được viền đỏ 3 rìa sau, trong khi vây đuôi cá cái được bo tròn. Cá con và cá cái đang lớn có 3–4 đốm đen nổi bật ở hai bên thân, cũng như xuất hiện thêm các dải màu sẫm trên cơ thể. 
Sinh thái: Loài cá này thường sống ven rạn, đầm phá chủ yếu sống ở những nơi có nhiều rạn san hô có độ sâu dưới 30m, những cá thể còn nhỏ có thể tìm thấy trong các thảm tảo hoặc thảm cỏ biển. Thức ăn của cá Bàng chài sọc ngang là các loài thủy sinh không xương sống có vỏ cứng, bao gồm động vật thân mềm, động vật giáp xác,..
Phân bố:
Thế giới: Ấn Độ Dương-Thái Bình Dương: Đông Phi đến các đảo Tuamoto và Austral, phía bắc đến Quần đảo Ryukyu, phía nam đến New Caledonia
Việt Nam: Ở Việt Nam, loài này được ghi nhận tại cù lao Chàm (Quảng Nam), vịnh Vân Phong và vịnh Nha Trang (Khánh Hòa), đảo Phú Quốc, bờ biển Ninh Thuận, đảo Lý Sơn (Quảng Ngãi), quần đảo Nam Du (Kiên Giang), Côn Đảo,cũng như tại quần đảo Hoàng Sa và quần đảo Trường Sa."
121,Cá,E.57225,Labridae,Halichoeres trimaculatus,"(Quoy & Gaimard, 1834)",Cá Bàng Chài ba đốm,Thuyền Chài,01.05.2021,08°16'14.3,113°21'28.7,,,,1,,1,"Cá Bàng Chài ba đốm
Threespot wrasse

Đặc điểm:
D. IX, 11; A. III, 10-11
Cá Bàng chài ba đốm có chiều dài tối đa 27cm. Cá đực trưởng thành có màu vàng lục nhạt với các vạch hồng trên mỗi vảy, đầu màu xanh lục với nhiều vệt sọc hồng tím, có một đốm đen ở cuống đuôi, bao quanh bởi một vệt vàng, phía sau nắp mang (trên gốc vây ngực) cũng có môt đốm đen tương tự nhưng nhỏ hơn (có thể tiêu biến ở nhiều cá thể). Cá cái có màu cơ thể nhạt hơn so với cá đực và có màu trắng ở bụng
Sinh thái: Loài cá Bàng chài này thường sống ở các rạn viền bờ hoặc trong các đầm phá với độ sâu dưới 30m, chúng hoạt động vào ban ngày và vùi mình vào cát để nghỉ ngơi vào ban đêm, thức ăn của chúng chủ yếu bao gồm các loài động vật không xương sống (giáp xác, giun nhiều tơ,..), trứng cá và cá nhỏ, chúng là loài lưỡng tính (đa số là cá cái chuyển đổi thành cá đực nhưng một số trường hợp ngược lại).
Phân bố:
Thế giới: Các quần đảo của Úc, vùng biển các nước Đông Nam Á,..
Việt Nam: Quảng Ninh, Hải Phòng, Quảng Nam, Quảng Ngãi, Ninh Thuận, Khánh Hòa,…"
122,Cá,E.57226,Labridae,Macropharyngodon meleagris,"(Valenciennes, 1839)",Cá Bàng Chài chấm đen,Thuyền Chài,01.05.2021,08°16'14.3,113°21'28.7,,,,1,,1,"Cá Bàng Chài chấm đen
Blackspotted wrasse

Đặc điểm:
D. IX, 11; A. III, 11
Chiều dài cơ thể tối đa được ghi nhận là 15 cm. Cá cái màu xanh lục nhạt (gần như trắng) với nhiều đốm đen phủ khắp đầu và thân; phía trước đầu còn có các dải màu đỏ. Cá con có đốm tròn lớn ở phía sau vây lưng và vây hậu môn. Cá đực có màu đỏ da cam sẫm với các đốm xanh lục trên mỗi vảy, tạo thành các hàng đốm. Trên mang có một vệt đen rõ rệt với một vài đốm nhỏ màu vàng nằm trong.
Sinh thái: Chúng sống gần các rạn san hô trên nền đáy cát và đá vụn trong các đầm phá, vịnh và vùng biển ngoài khơi ở độ sâu đến 30 m. Thức ăn chủ yếu là các loài nhuyễn thể thuộc lớp chân bụng cùng nhiều động vật có vỏ cứng khác, và cả trùng lỗ
Phân bố:
Thế giới: Phân bố tập trung ở Tây và Trung Thái Bình Dương, nhưng thưa thớt ở Đông Nam Ấn Độ Dương, các vùng biển các nước Đông Nam Á,..
Việt Nam: Ghi nhận tại các vùng biển cù lao Chàm, Nha Trang, quần đảo Trường Sa, cù lao Cau, Phú Quốc,"
123,Cá,E.57227,Labridae,Oxycheilinus digramma,"(Lacepède, 1801)",Cá Bàng Chài má vạch,Thuyền Chài,01.05.2021,08°16'14.3,113°21'28.7,,,,1,,1,"Cá Bàng Chài má vạch
Cheeklined wrasse

Đặc điểm:
D. IX, 10; A. III, 8
Chiều dài cơ thể tối đa được ghi nhận là 40 cm, loài này đa dạng màu sắc, nhưng thường được quan sát phổ biến là kiểu màu nâu xám và xanh ô liu (bên cạnh đó là các kiểu màu đỏ nâu hoặc đỏ phớt hồng). Nửa thân dưới thường có màu đỏ cam, vảy có các vạch màu đỏ cam, đầu có màu xanh lục xám với khoảng 8 vạch sọc màu nâu sẫm ở dưới đầu; nửa đầu trên có các vệt đốm cùng màu, cá con có hai dải trắng dọc theo chiều dài cơ thể
Sinh thái: Chúng sống xung quanh các rạn san hô viền bờ và rạn san hô trong các đầm phá ở độ sâu đến ít nhất là 120m. Thức ăn của chúng là các loài nhuyễn thể có vỏ cứng, giáp xác và da gai, thường sống đơn độc, nhưng lại được quan sát bơi trong đàn của các loài cá phèn.
Phân bố:
Thế giới: phân bố rộng rãi trên khắp Ấn Độ Dương - Thái Bình Dương, băng qua vùng biển các nước Đông Nam Á và trải dài về phía đông đến nhiều đảo quốc thuộc châu Đại Dương .
Việt Nam: ghi nhận tại vịnh Nha Trang (Khánh Hòa), bờ biển Ninh Thuận,  đảo đá ngoài khơi Bình Thuận, quần đảo An Thới (Kiên Giang), đảo Phú Quốc, cũng như tại quần đảo Trường Sa và quần đảo Hoàng Sa"
124,Cá,E.57228,Labridae,Oxycheilinus unifasciatus,"(Streets, 1877)",Cá Bàng Chài vòng đuôi,Thuyền Chài,01.05.2021,08°16'14.3,113°21'28.7,,,,1,,1,"Cá Bàng Chài vòng đuôi
Ringtail maori wrasse

Đặc điểm:
D. IX, 10; A. III, 8;
Có chiều dài cơ thể tối đa được ghi nhận là 46 cm. Loài này đa dạng màu sắc, thường là màu nâu tía hoặc màu ô liu với một dải trắng bao quanh cuống đuôi. Đầu có các vệt sọc màu đỏ cam bao quanh mắt, và có cặp sọc ngang song song nổi bật ở trên má. Vây bụng và vây lưng trước có đốm lớn.
Sinh thái: sống gần các rạn san hô viền bờ và rạn san hô trong các đầm phá ở độ sâu đến 161 m, thức ăn chủ yếu là giáp xác và cá nhỏ.
Phân bố:
Thế giới: có phạm vi phân bố rộng khắp Tây và Trung Thái Bình Dương, nhưng thưa thớt ở Đông Ấn Độ Dương
Việt Nam: Khánh Hòa, bờ biển Ninh Thuận, đảo đá ngoài khơi Bình Thuận, đảo Lý Sơn (Quảng Ngãi), cũng như tại quần đảo Hoàng Sa."
125,Cá,E.57229,Labridae,Thalassoma lunare,"(Linnaeus, 1758)",Cá Bàng Chài đầu đen,Thuyền Chài,01.05.2021,08°16'14.3,113°21'28.7,1,,1,1,,1,"Cá Bàng Chài đầu đen
Moon wrasse

Đặc điểm:
D. 8, 13; A. III, 11;
Chiều dài cơ thể tối đa là 45 cm, Cá trưởng thành có cơ thể màu xanh lục, nhưng cá đực sẫm màu xanh lam hơn, đặc biệt là trong quá trình tán tỉnh. Mỗi bên thân có các vạch sọc đứng màu đỏ trên vảy. Đầu có các vệt màu hồng tím. Thùy đuôi có màu hồng tím viền xanh óng, phần còn lại của đuôi màu vàng tươi. Vây ngực màu lam với một vệt đốm màu tím ở giữa. Cá con có màu ô liu (nâu lục) với một đốm đen ở giữa vây lưng và một đốm tương tự giữa cuống đuôi
Sinh thái: sống gần các rạn san hô viền bờ và trong các đầm phá ở độ sâu đến 30 m, sống đơn độc hoặc hợp thành từng nhóm. Thức ăn chủ yếu là các loài thủy sinh không xương sống và trứng cá, nhưng chúng cũng có thể ăn các loài cá nhỏ hơn
Phân bố:
Thế giới: Nhật Bản, Trung Quốc, Philippin, Inđônêxia, Micrônêxia, Ôxtrâylia, Papua Niu Ghine, Đông châu Phi, Biển Đỏ.
Việt Nam: Vịnh Bắc Bộ, Cù Lao Chàm, Nha Trang, Cù Lao Cau, Côn Đảo, Phú Quốc (Kiên Giang) và quần đảo Trường Sa"
126,Cá,E.57230,Lethrinidae,Gnathodentex aureolineatus,"(Lacepède, 1802)",Cá Hè răng đai,Thuyền Chài,01.05.2021,08°16'14.3,113°21'28.7,,,,1,1,,"Cá Hè răng đai
Striped large-eye bream

Đặc điểm:
D. X, 10; A. III, 8-10.
Cơ thể có chiều dài tối đa là 30cm (thường thấy nhất là 20cm), cơ thể dẹp bên, mõm nhọn và đuôi chẻ, tính theo tỷ lệ với kích thước cơ thể thì loài cá này có mắt to. Cơ thể có màu xám với các sọc ngang màu vàng nằm ngang ở cả 2 bên thân, phía sát lưng màu của sọc đậm hơn, vây có ánh hồng, với một đường màu vàng giống như râu nằm phía trên môi trên, các chỗ nối liền các vây ngực với cơ thể cũng như viền rìa ngoài nắp mang cũng có màu vàng. Đốm màu vàng kim nằm ở phía sau chỗ kết thúc vây lưng là dấu hiệu xác nhận loài này
Sinh thái: Chúng thường sống đơn độc hoặc bơi trong các bầy cá nhỏ ven các rạn san hô. Chúng hoạt động nhiều về ban đêm để kiếm ăn, thức ăn của nó chủ yếu là các động vật không xương sống tầng đáy, như nhiều loài động vật giáp xác và động vật chân bụng, đôi khi cả cá nhỏ.
Phân bố:
Thế giới: Cá Hè răng đai có phạm vi sinh sống trong vùng biển nhiệt đới và cận nhiệt đới thuộc Ấn Độ Dương và Thái Bình Dương, từ vùng ven biển phía đông châu Phi tới các đảo trên Thái Bình Dương như quần đảo Tuamotu, trừ quần đảo Hawaii
Việt Nam: Khánh Hòa, Ninh Thuận,..."
127,Cá,E.57231,Lethrinidae,Lethrinus erythracanthus,"Valenciennes, 1830",Cá Hè chấm cam,Thuyền Chài,01.05.2021,08°16'14.3,113°21'28.7,,,,1,1,,"Cá Hè chấm cam
Orange-spotted emperor

Đặc điểm:
D. X, 9; A. III, 8.
Cá Hè chấm cam có chiều dài cơ thể lớn nhất 70cm nhưng thường gặp nhất là 50cm. Thân màu nâu đến xám đậm, lốm đốm những chấm sáng và sẫm màu rải rác trên cơ thể, đôi khi có các vệt sọc nhạt ở thân dưới. Đầu màu nâu hoặc xám, thường có nhiều chấm cam trên má. Vây ngực và vây bụng màu trắng hoặc cam, vây lưng và vây hậu môn lốm đốm cam và hơi xanh, vây đuôi thường có màu cam sáng. Con non có màu hơi vàng, đầu màu xám và có các đường hoặc sọc hẹp màu trắng dọc theo hai bên.
Sinh thái: Loài cá Hè này thường sống ở vùng đáy mểm, đầm phá, kênh đào sâu với độ sâu được ghi nhận là 15-120m. Sống đơn độc, ban ngày chúng hay lượn quanh các hang động hoặc trên các bãi đá, thức ăn chủ yếu là da gai, giáp xác, thân mềm
Phân bố:
Thế giới: Có phân bố trải rộng trên vùng Ấn Độ Dương - Thái Bình Dương
Việt Nam: Khánh Hòa (quần đảo Trường Sa)"
128,Cá,E.57232,Lethrinidae,Lethrinus semicinctus,"Valenciennes, 1830",Cá Hè đốm đen,Thuyền Chài,01.05.2021,08°16'14.3,113°21'28.7,,,,1,1,,"Cá Hè đốm đen
Black blotch emperor

Đặc điểm:
D. X, 9; A. III, 8
Chiều dài cơ thể lớn nhất được ghi nhận là 35 cm. Cá có màu nâu thường hoặc nâu tanin, rải rác những đốm đen nhỏ. Một đốm đen lớn thuôn dài nằm bên dưới phần tia mềm của vây lưng, các vây trắng nhạt hoặc phớt hồng. Cá có thể chuyển sang kiểu hình lốm đốm các vệt trắng và nâu đen để ngụy trang
Sinh thái: L. semicinctus sống gần các rạn san hô, trên nền đáy cát và thảm cỏ biển, trong đầm phá và ở độ sâu khoảng 4–35 m. Thức ăn của chúng bao gồm cá nhỏ và những loài thủy sinh không xương sống khác ở tầng đáy.
Phân bố:
Thế giới: Cá Hè đốm đen có phân bố tương đối rộng ở vùng Ấn Độ Dương - Thái Bình Dương, từ Sri Lanka trải dài về phía đông đến quần đảo Marshall và Fiji, ngược lên phía bắc đến quần đảo Ryukyu, giới hạn phía nam đến bờ bắc Úc
Việt Nam: Quần đảo Trường Sa,"
129,Cá,E.57233,Lutjanidae,Lutjanus gibbus,"(Forsskål, 1775)",Cá Hồng bụng cong,Thuyền Chài,01.05.2021,08°16'14.3,113°21'28.7,1,,,1,,1,"Cá Hồng bụng cong
Humpback red snapper

Đặc điểm:
D. X, 13-14; A. III, 8
Con trưởng thành có kích thước tối đa là 50cm, đầu có trán dốc rất dốc, phát triển tốt và có khía ở phần trước mang, màu sắc tổng thể của loài cá hồng này là đỏ hoặc xám, sẫm hơn ở lưng và phần trên đầu, đuôi lớn sẫm màu với các thùy tròn rộng, vây màu đỏ đến đen. Con non màu xám có mảng đen tròn lớn ở gốc đuôi, vây đuôi màu vàng và có sọc sẫm dọc xuyên qua mắt.
Sinh thái: Thường tập trung thành đứng yên bơi lượn trên rạn san hô vào ban ngày, những con non trú ẩn trong các thảm cỏ biển ở những khu vực được bảo vệ trên nền cát và bùn bởi các con thủ lĩnh với độ sâu ghi nhận là 1-150m. Thức ăn của chúng là các loài cá và động vật không xương sống như tôm, cua, tôm hùm, da gai. Sự trưởng thành về giới tính xảy ra khi chúng được hai tuổi rưỡi và chúng hình thành các quần thể sinh sản.
Phân bố:
Thế giới: Biển Đỏ, Đông Phi, Nhật Bản, Úc,..
Việt Nam: Khu vực Trường Sa, cù lao Cau,.."
130,Cá,E.57234,Pomacentridae,Plectroglyphidodon lacrymatus,"(Quoy & Gaimard, 1825)",Cá Thia chấm trắng,Thuyền Chài,01.05.2021,08°16'14.3,113°21'28.7,1,,,1,,1,"Cá Thia chấm trắng
Whitespotted devil

Đặc điểm:
D. XII, 16-18; A. II, 13-14;
Kích thước lớn nhất ghi nhận là 10 cm. Cơ thể của có màu nâu sẫm, lốm đốm những chấm nhỏ màu xanh lam sáng trên đầu và thân (nhiều hơn ở cá con). Đốm xanh ở cá trưởng thành thường chỉ hiện rõ khi được quan sát gần hoặc dưới ánh sáng nhân tạo, đầu có các vệt màu xanh tím, đuôi màu trắng đến màu vàng nhạt, chuyển thành nâu nhạt khi lớn lên. Cá con có một đốm đen lớn trên vây lưng
Sinh thái: sống gần những rạn san hô ở ngoài khơi và trong các đầm phá, nền đáy là đá vụn xen lẫn san hô chết, ở độ sâu đến 40 m, thức ăn chủ yếu à tảo, nhưng cũng có thể bao gồm cả trứng của những loài cá khác và các loài thủy sinh không xương sống nhỏ.
Phân bố:
Thế giới:
Việt Nam: Vùng biển Khánh Hòa, Quảng Nam, Phú Yên,.."
131,Cá,E.57235,Priacanthidae,Priacanthus hamrur,"(Forsskål, 1775)",Cá Trác vàng,Thuyền Chài,01.05.2021,08°16'14.3,113°21'28.7,1,,,1,,1,"Cá Trác vàng
Moontail bullseye

Đặc điểm:
D. X, 13-15; A. III, 13-16;
Chiều dài lớn nhất là 45cm (con đực). Loài cá này có mắt to, cơ thể có màu đỏ đôi khi có những đốm sẫm màu không rõ dọc theo đường bên và ây đuôi có rìa lõm, hơi nhọn hình lưỡi liềm. Loài này có thể nhanh chóng chuyển sang màu hồng bạc với khoảng sáu vạch màu đỏ hoặc các đốm lớn dọc theo thân.
Sinh thái: Là một loài sống ở rạn san hô, sống ở vùng nước biển nhiệt đới trên các sườn rạn san hô bên ngoài và các khu vực nhiều đá và trong các đầm phá ở độ sâu từ 8 đến 250 mét, nhưng phổ biến nhất là từ 30 đến 50 m, hoạt động kiếm ăn chủ yếu vào ban đêm thức ăn của chúng là các loài cá nhỏ, động vật giáp xác nhỏ và các động vật không xương sống khác nhau (động vật thân mềm nhỏ, tôm, cua, giun nhiều tơ, v.v.).
Phân bố:
Thế giới: Ấn Độ-Thái Bình Dương, từ Biển Đỏ và Nam Phi đến Polynesia thuộc Pháp, miền nam Nhật Bản và Australia
Việt Nam: Phân bố ở khu vực miền Trung và cả Nam Bộ"
132,Cá,E.57236,Serranidae,Cephalopholis leopardus,"(Lacepède, 1801)",Cá Mú chấm bé,Thuyền Chài,01.05.2021,08°16'14.3,113°21'28.7,1,,,1,1,,"Cá Mú chấm bé
Leopard hind

Đặc điểm: 
D. IX, 13-15; A. III,  9-10.
Cá mú nhỏ, thân hình tương đối mảnh khảnh, chiều dài cơ thể tối đa là 24cm, thân có màu đỏ nhạt với các đốm lớn màu cam, yên đen ở cuống đuôi, có vệt dưới mép sẫm màu gần đầu vây đuôi trên. 
Sinh học, sinh thái: Cá Mú chấm bé thường thấy ở các rạn san hô với độ sâu từ 3-40m, sống đơn độc có tính lãnh thổ, thường ẩn trú trong rạn san hô. Thức ăn chủ yếu là các loài cá nhỏ và giáp xác nhỏ.
Phân bố: 
Thế giới: Cá Mú chấm bé có phân bố rộng rãi ở khu vực Ấn Độ Dương - Thái Bình Dương, từ Đông Phi trải dài về phía đông đến quần đảo Mariana, quần đảo Line và quần đảo Marquises, ngược lên phía bắc đến Nhật Bản, xa về phía nam đến Úc, Nouvelle-Calédonie và Tonga
Việt Nam: Cù lao Chàm và dọc theo bờ biển Quảng Nam, Khánh Hòa,.."
133,Cá,E.57237,Serranidae,Cephalopholis spiloparaea,"(Valenciennes, 1828)",Cá Mú đỏ dâu,Thuyền Chài,01.05.2021,08°16'14.3,113°21'28.7,,,,1,1,,"Cá Mú đỏ dâu
Strawberry hind

Đặc điểm:
D. IX, 14-16; A. III, 9 - 10.
Đặc trưng bởi toàn thân có màu đỏ hồng đến đỏ cam nhạt, lốm đốm các chấm nhỏ màu đỏ sẫm đến đỏ nâu, vây đuôi có dải màu trắng hình vòng cung ngang mép đuôi. Chiều dài thân chuẩn cá gấp 2,7 - 3,2 lần chiều cao thân; vây đuôi tròn; chiều dài đầu bằng 1,9 - 2,2 chiều dài vây bụng; mắt lớn, đường kính gấp đôi khoảng gian cách mắt. Răng mịn, khía nông.
Sinh học, sinh thái: Cá Mú đỏ dâu được xem là loài phổ biến nhất ở rạn san hô, chúng sống ở các độ sâu dưới 40m. Thức ăn chủ yếu là cua và một số loài giáp xác khác.
Phân bố: 
Thế giới:Ấn Độ Dương - Thái Bình Dương: Pinda, Mozambique đến Polynesia thuộc Pháp, phía bắc đến quần đảo Ryukyu, phía nam đến đảo Heron (cuối phía nam của Great Barrier Reef).
Việt Nam: Mẫu thu được ở vùng biển các đảo: Song Tử Tây, Thuyền Chài, Tốc Tan,"
134,Cá,E.57238,Serranidae,Epinephelus merra,"Bloch, 1793",Cá Mú chấm tổ ong,Thuyền Chài,01.05.2021,08°16'14.3,113°21'28.7,,,,1,1,1,"Cá Mú chấm tổ ong
Honeycomb grouper

Đặc điểm: Cá Mú
D. XI, 15-17; A. III, 8.
Cá Mú chấm tổ ong trưởng thành có chiều dài cơ thể lớn nhất là 60cm. Thân thuôn dài, hình bầu dục. Cơ thể cá trưởng thành có màu vàng nâu hoặc nâu xám với các chấm màu nâu sẫm hình tổ ong phủ khắp đầu và thân, và cả các vây, đôi khi các đốm dính vào nhau tạo thành các vệt dài. Đuôi bo tròn
Sinh thái: thường gặp trong các đầm phá san hô và các rạn san hô hướng ra khơi, độ sâu phân bố đến 50m. Thức ăn chủ yếu là cá và giáp xác.
Phân bố:
Thế giới: vùng biển Ấn Độ- Thái Bình Dương:  từ Nam Phi đến Polynesia (Pháp), không ghi nhận ở Biển Đỏ và vịnh Persian
Việt Nam: vùng rạn san hô ven bờ và các đảo từ Quảng Ninh đến Kiên Giang."
135,Cá,E.57239,Serranidae,Saloptia powelli,"Smith, 1964",Cá Mú,Thuyền Chài,01.05.2021,08°16'14.3,113°21'28.7,1,,,1,1,,"Cá Mú
Golden grouper

Đặc điểm:
D. VIII, 11; A. III, 8;
Chiều dài lớn nhất là 39cm, có thân hình thuôn dài. Đầu, thân và vây có màu từ vàng đến vàng cam, phần dưới bụng có màu trắng hoặc hồng. mõm, môi và phần trên của đầu có màu đỏ, các gai ở vây lưng đôi khi có những vệt đỏ.
Sinh thái: Loài cá Mú là loài hiếm, chúng sống ở vùng nước sâu trên nền đá với độ sâu 140-367m
Phân bố:
Thế giới: phân bố tập trung chủ yếu ở Thái Bình Dương, Nhật Bản, Úc,..
Việt Nam: Ghi nhận tại hai quần đảo Hoàng Sa và quần đảo Trường Sa"
136,Cá,E.57240,Acanthuridae,Acanthurus nigrofuscus,"(Forsskål, 1775)",Cá Bắp nẻ nâu,Thuyền Chài,04.05.2021,08°16'14.3,113°21'28.7,,,,1,,1,"Cá Bắp nẻ nâu
Brown surgeonfish

Đặc điểm: Có màu nâu, có thể có các đường dọc nhỏ màu xám trên thân, vây ngực có màu nhạt với mép trên hẹp có màu đen, vây bụng màu đen, môi có màu đen, răng hàm trên nhọn, gốc vây lưng có một đốm đen nổi rõ lớn hơn 1/2 đường kính mắt; một đốm nhỏ hơn ở gốc vây hậu môn. Rãnh gai đuôi có viền đen hẹp bao quanh. Cơ thể rất dẹp với mắt cao trên đầu và xương trước ổ mắt dài. Vây lưng đơn không khía có 4-9 gai và 19-31 tia. Vảy lược rất nhỏ. Miệng cuối nhỏ với một hàng răng khít nhau.
Sinh học, sinh thái: Được tìm thấy trên nền cứng của đầm phá nông và các rạn san hô, vùng dưới triều có độ sâu 0-25m, tdi chuyển theo những bầy đàn lớn dọc theo những rạn san hô. Thức ăn chủ yếu là tảo.
Phân bố: 
Thế giới: Ấn Độ Dương, Thái Bình Dương, Nam Phi, các đảo ở Hawaii, Nhật Bản,...
Việt Nam: Khánh Hòa, Phú Yên,.."
137,Cá,E.57241,Acanthuridae,Ctenochaetus striatus,"(Quoy & Gaimard, 1825)",Cá Răng Gai nhiều sọc,Thuyền Chài,04.05.2021,08°16'14.3,113°21'28.7,,,,1,,1,"Cá Răng Gai nhiều sọc
Striated surgeonfish

Đặc điểm: 
D. VIII, 27-31; A. III, 24-28
Cá Răng gai nhiều sọc có chiều dài tối đa là 26cm, ở cuống đuôi mỗi bên có 1 mảnh xương nhọn chỉa ra tạo thành phần ngạnh sắc. Cơ thể hình bầu dục thuôn dài, có màu nâu lục pha xám đến màu vàng nâu với những đường sọc ngang màu xanh lam, đầu, ngực và thân trước chi chít những chấm tròn màu cam, vây ngực có các tia vây màu vàng nâu. Đuôi lõm sâu, hình cánh nhạn, màu nâu đỏ sẫm. Vây lưng và vây hậu môn có viền màu xanh lam ánh kim, sẫm màu hơn thân với các dải sọc màu xanh lam đậm dọc theo chiều dài của vây
Sinh thái: Sống ở vùng gần bờ đến độ sâu 30 m, rạn san hô và vùng có đáy cát, san hô chết. Tập trung thành từng đàn hay riêng lẻ.
Phân bố: 
Thế giới: trải rộng vùng biển Ấn Độ-Thái Bình Dương, không bao gồm quần đảo Hawaii, quần đảo Marquesas và Easter.   
Việt Nam: vùng rạn san hô ven bờ và các đảo từ Quảng Ninh đến Kiên Giang, quần đảo Trường Sa."
138,Cá,E.57242,Lethrinidae,Monotaxis heterodon,"(Bleeker, 1854)",Cá Hè vây đỏ,Thuyền Chài,04.05.2021,08°16'14.3,113°21'28.7,,,,,,,"Cá Hè vây đỏ
Redfin emperor

Đặc điểm: 
D. X, 10; A.III, 9
Kích thước cơ thể lớn nhất được ghi nhận là 35cm. Thân có màu xám bạc có các vạch trắng hẹp trên thân, rộng 1-2 hàng vảy, một đốm đen lớn phía sau gốc vây ngực (nách), môi màu nâu đến đỏ, đuôi màu vàng và vây thường có màu hơi vàng đến hơi đỏ.
Sinh thái: sống trong rạn san hô ven bờ và ngoài khơi, chúng bắt gặp trong vịnh và đầm phá, đến độ sâu 3-40 m, thường ẩn nấp trong các hang hốc của rạn. 
Phân bố: 
Thế giới: vùng biển Ấn Độ- Thái Bình Dương: Đông Phi đến Samoa, phía bắc lên đến quần đảo Ryukyu (Nhật Bản), phía Nam  đến rạn san hô lớn Great Barrier Reef (Úc), New Caledonia,  Palau (Micronesia).
Việt Nam: vùng rạn đá, rạn san hô ven bờ và các đảo từ Quảng Ninh đến Kiên Giang."
139,Cá,E.57243,Pomacentridae,Stegastes obreptus,"(Whitley, 1948)",Cá Thia,Thuyền Chài,04.05.2021,08°16'14.3,113°21'28.7,,,,,,,"Cá Thia
Western gregory

Đặc điểm:
D. XIII, 14-16; A. II, 12-14;
Chiều dài thân chuẩn cá gấp 1,7 đến 2,2 lần chiều cao thân. Thân cá và các vây có màu nâu đen đến đen. Viền trước vây bụng và vây hậu môn có màu xanh đen. Môi màu nâu sẫm.
Sinh thái: Chúng thường sống xung quanh các rạn san hô chết hoặc những bãi đá ngầm, những khu vực ít sóng, ở độ sâu khoảng 2 – 10 m. Thức ăn của chúng là rong tảo và các loại động vật không xương sống (giun, giáp xác, ốc biển). Chúng có tập tính sinh sản theo cặp, trứng được đặt trong các hốc đá và được bảo vệ bởi cá đực.
Phân bố: 
Thế giới: Ấn Độ - Thái Bình Dương: Quần đảo Ryukyu, bao gồm Indo-Malayan Archipelago, Tây Úc ở phía bắc Quần đảo Abrolhos; phía đông dọc theo rìa phía bắc của Ấn Độ Dương đến Sri Lanka và Ấn Độ.
Việt Nam: Mẫu thu được ở vùng biển các đảo: Đá Nam, Nam Yết và Thuyền Chài"
140,Cá,E.57244,Serranidae,Cephalopholis urodeta,"(Forster, 1801)",Cá Mú rạn,Thuyền Chài,04.05.2021,08°16'14.3,113°21'28.7,1,,,1,1,1,"Cá Mú rạn
Darkfin hind

Đặc điểm: 
D. IX, 14-16; A. III, 8 - 9
Chiều dài cơ thể lớn nhất được ghi nhận ở cá mú rạn là 28 cm, Cơ thể có màu nâu đỏ đến nâu xám nhạt trở nên sẫm màu hơn về phía sau, với các sọc xiên màu trắng đến xanh nhạt đặc biệt chạy dọc thùy trên và thùy dưới của đuôi, thường có sáu sọc mờ dọc theo bên chia bụng, các đốm nhỏ màu đỏ cam trên đầu và gáy, có một cặp đốm đen ở phía trước môi dưới.
Sinh thái: sống trong vùng nước sạch của rạn san hô,  nhiều trong các rạn được bảo vệ, độ sâu phân bố từ 2-150m. Thức ăn là cá và giáp xác. Là loài chuyển đổi giới tính cái sang đực, sống thành nhóm gồm 1 con đực và từ 2-12 con cái, chúng chiếm cứ lãnh thổ 475m2 và chia thành các vùng phụ và được bảo vệ bỡi 1 con cái.
Phân bố:
Thế giới: vùng biển Ấn Độ- Thái Bình Dương: Biển Đỏ đến Durban (Nam Phi), phía đông đến quần đảo Line. Bắt gặp hầu hết ở các đảo biển Ấn Độ Dương và Trung Tây Thái Bình Dương. Không phát hiện thấy ở vịnh  Persian và vịnh Oman.
Việt Nam: vùng rạn san hô ven bờ và các đảo từ Quảng Ninh đến Kiên Giang."
141,Cá,E.57245,Serranidae,Epinephelus hexagonatus,"(Forster, 1801)",Cá Mú chấm sao,Thuyền Chài,04.05.2021,08°16'14.3,113°21'28.7,1,,,1,1,,"Cá Mú chấm sao
Starspotted grouper

Đặc điểm: 
D. XI, 15-17; A. III, 8
Loài cá Mú chấm sao có chiều dài thân chuẩn cá gấp 2,8 - 3,5 chiều cao thân, bằng 2,5- 2,6 chiều dài đầu. Toàn thân cá được bao phủ bởi các đốm nâu đa giác (chủ yếu là hình lục giác) có xu hướng hợp nhất; có 4 hoặc 5 vết đen hình yên ngựa màu nâu nâu (hình thành bởi các nhóm đốm đậm hơn) trên phần lưng của thân và cuống đuôi. Các vây có các đốm nâu sẫm hoặc nâu đỏ; vây bụng và vây hậu môn có mép nâu nhạt.
Sinh thái: Cá trưởng thành sống xung quanh các rạn san hô và các bãi đá ngầm ở độ sâu dưới 30m; cá con sống ở vùng nước nông hơn. Thức ăn của cá Mú chấm sao là các loài cá nhỏ hơn, động vật thân mềm và động vật giáp xác
Phân bố: 
Thế giới: Ấn Độ Dương - Thái Bình Dương.
Việt Nam: Mẫu thu được ở vùng biển các đảo: Đá Nam, Nam Yết, Thuyền Chài."
142,Cá,E.57246,Syngnathidae,Syngnathoides biaculeatus,"(Bloch, 1785)",Cá Hải long,Thuyền Chài,04.05.2021,08°16'14.3,113°21'28.7,1,,,1,,1,"Cá Hải long
Alligator pipefish

Đặc điểm:
D38-48; A4;
Chiều dài cơ thể tối đa là 29 cm. Đầu hẹp có mõm được bao bọc bởi một cặp xúc tu ngắn và thân thon dài và có hình tứ diện, đuôi dài và thuôn nhọn, màu sắc của loài cá này có xu hướng phù hợp với môi trường xung quanh và thường có màu xanh lục, nâu hoặc xám. Con cái thường có đốm và có thể có một đường ngoằn ngoèo màu trắng chạy dọc bụng
Sinh thái: sống trong các môi trường có cỏ biển và rong biển, ẩn náu bằng cách bơi thẳng đứng đầu cúi xuống giữa những tán cây có màu sắc tương tự để ngụy trang, nó kiếm ăn bằng cách hút con mồi, thức ăn chủ yếu bao gồm amphipod , mysids , tôm , động vật không xương sống đáy khác và cá nhỏ
Phân bố:
Thế giới: Úc, Ai Cập, Fiji, Ấn Độ, Indonesia, Nhật Bản, Madagascar, quần đảo Marshall, Micronesia, Mozambique, quần đảo Bắc Mariana, Papua New Guinea, Philippines, Samoa, quần đảo Solomon, Nam Phi, Brasil, Sri Lanka, Đài Loan,...
Việt Nam: Ghi nhận tại vùng biển Trường Sa, vịnh Vân Phong,.."
