TT,Nhóm mẫu,Số hiệu,Họ,Loài,Tác giả,Tên việt,Nơi thu,Ngày thu,Long,Lat,CT,IUCN,SĐVN,KT,TP,LC/MN,Thông tin,Khu vực trưng bày
1,Cá biển,E.57105,Serranidae,Cephalopholis urodeta,"(Forster, 1801)",Cá Mú rạn,Song Tử Tây,29.03.2021,11°25'32.2,114°19'39.5,,,,1,1,1,"Cá Mú rạn
Darkfin hind

Đặc điểm: 
D. IX, 14-16; A. III, 8 - 9
Chiều dài cơ thể lớn nhất được ghi nhận ở cá mú rạn là 28 cm, Cơ thể có màu nâu đỏ đến nâu xám nhạt trở nên sẫm màu hơn về phía sau, với các sọc xiên màu trắng đến xanh nhạt đặc biệt chạy dọc thùy trên và thùy dưới của đuôi, thường có sáu sọc mờ dọc theo bên chia bụng, các đốm nhỏ màu đỏ cam trên đầu và gáy, có một cặp đốm đen ở phía trước môi dưới.
Sinh thái: sống trong vùng nước sạch của rạn san hô,  nhiều trong các rạn được bảo vệ, độ sâu phân bố từ 2-150m. Thức ăn là cá và giáp xác. Là loài chuyển đổi giới tính cái sang đực, sống thành nhóm gồm 1 con đực và từ 2-12 con cái, chúng chiếm cứ lãnh thổ 475m2 và chia thành các vùng phụ và được bảo vệ bỡi 1 con cái.
Phân bố:
Thế giới: vùng biển Ấn Độ- Thái Bình Dương: Biển Đỏ đến Durban (Nam Phi), phía đông đến quần đảo Line. Bắt gặp hầu hết ở các đảo biển Ấn Độ Dương và Trung Tây Thái Bình Dương. Không phát hiện thấy ở vịnh  Persian và vịnh Oman.
Việt Nam: vùng rạn san hô ven bờ và các đảo từ Quảng Ninh đến Kiên Giang.",Khu trưng bày đa dạng sinh học biển
2,Cá biển,E.57106,Acanthuridae,Acanthurus nigrofuscus,"(Forsskål, 1775)",Cá Bắp nẻ nâu,Song Tử Tây,30.03.2021,11°26'07.0,114°20'04.5,,,,1,,1,"Cá Bắp nẻ nâu
Brown surgeonfish

Đặc điểm: Có màu nâu, có thể có các đường dọc nhỏ màu xám trên thân, vây ngực có màu nhạt với mép trên hẹp có màu đen, vây bụng màu đen, môi có màu đen, răng hàm trên nhọn, gốc vây lưng có một đốm đen nổi rõ lớn hơn 1/2 đường kính mắt; một đốm nhỏ hơn ở gốc vây hậu môn. Rãnh gai đuôi có viền đen hẹp bao quanh. Cơ thể rất dẹp với mắt cao trên đầu và xương trước ổ mắt dài. Vây lưng đơn không khía có 4-9 gai và 19-31 tia. Vảy lược rất nhỏ. Miệng cuối nhỏ với một hàng răng khít nhau.
Sinh học, sinh thái: Được tìm thấy trên nền cứng của đầm phá nông và các rạn san hô, vùng dưới triều có độ sâu 0-25m, tdi chuyển theo những bầy đàn lớn dọc theo những rạn san hô. Thức ăn chủ yếu là tảo.
Phân bố: 
Thế giới: Ấn Độ Dương, Thái Bình Dương, Nam Phi, các đảo ở Hawaii, Nhật Bản,...
Việt Nam: Khánh Hòa, Phú Yên,..",Khu trưng bày đa dạng sinh học biển
17,Cá biển,E.57121,Cirrhitidae,Cirrhitus pinnulatus,"(Forster, 1801)",Cá Ông chấm mắt cao,Song Tử Tây,30.03.2021,11°26'07.0,114°20'04.5,1,,,1,,1,"Cá Ông chấm mắt cao
Stocky hawkfish

Đặc điểm: 
D. X, 11; A. III, 6
Cá Ông chấm mắt cao có chiều dài tối đa là 30cm, đầu có mõm ngắn, cùn và miệng lớn kéo dài đến tận mép sau của mắt và có một gờ xương thấp phía trên. Cơ thể có màu nâu với các đốm trắng và các đốm nâu đỏ không đều trên cơ thể. Đầu có các đường và đốm hình sin màu đỏ cam. Có một đốm đen giống như yên ngựa ở phần lưng của cuống đuôi
Sinh thái: Sống trong rạn san hô và rạn đá ven bờ, có độ sâu 0-23m, thường gặp ở độ sâu 1-3m. Chúng là loài săn mồi với thức ăn chủ yếu là cua và giáp xác nhỏ, cá và sao biển có kích thước nhỏ.
Phân bố: 
Thế giới: vùng biển Ấn Độ - Thái Bình Dương:  Biển Đỏ và Đông Phi đến  quần đảo Marquesas và Mangaréva, phía bắc đến nam Nhật Bản và quần đảo Hawaii, phía nam đến quần đảo Kermadec và Rapa. 
Việt Nam: vùng rạn đá, rạn san hô ven bờ và các đảo từ Quảng Ninh đến Kiên Giang, quần đảo Trường Sa.",Khu trưng bày đa dạng sinh học biển
18,Cá biển,E.57122,Cirrhitidae,Paracirrhites arcatus,"(Cuvier, 1829)",Cá Ông chấm,Song Tử Tây,30.03.2021,11°26'07.0,114°20'04.5,1,,,1,,1,"Cá Ông chấm
Arc-eye hawkfish

Đặc điểm:
D. X, 11; A. III, 6;
Kích thước tối đa của cá Ông chấm là 20 cm. Cá có màu hồng, hoặc màu nâu, sau mắt có vòng được tạo bởi các đường màu vàng, đỏ và xanh lam, phần dưới của nắp mang có ba vạch màu cam, một vạch trắng lớn kéo dài từ giữa thân tới khấu đuôi
Sinh thái: Loài cá biển này thường sinh sống ở những rạn san hô có độ sâu từ 1 m tới 91m, thông thường là từ 1 m tới 33 m, chúng ăn chủ yếu là tôm, cá nhỏ, cua và một số loài giáp xác
Phân bố:
Thế giới: Chúng sinh sống ở những vùng biển nhiệt đới có nhiệt độ từ 25 °C tới 27 °C như Biển Ấn Độ dương, Đông Phi, Hawaii, quần đảo Mangareva, Từ bắc tới nam biển Nhật Bản, phía Nam Australia và Rapa.
Việt Nam: Vùng biển Trường Sa, Phú Yên,..",Khu trưng bày đa dạng sinh học biển
19,Cá biển,E.57123,Labridae,Halichoeres marginatus,"Rüppell, 1835",Cá Bàng Chài nhiều chấm,Song Tử Tây,30.03.2021,11°26'07.0,114°20'04.5,,,,1,,1,"Cá Bàng Chài nhiều chấm
Dusky wrasse

Đặc điểm:
D. IX, 13-14; A. III, 12-13
Cá Bàng Chài nhiều chấm có chiều dài cơ thể lớn nhất được ghi nhận là 18cm. Cá đực trưởng thành có màu xanh lục hoặc nâu cam với các đốm màu xanh tím trên vảy xếp thành các hàng sọc ở hai bên thân, đầu có nhiều vệt sọc màu xanh lam, cuống đuôi có một dải sọc hình lưỡi liềm màu xanh lục tươi tiếp đến là một dải màu đỏ được viền xanh lơ, lốm đốm các chấm xanh lục, cuối cùng là một dải viền vàng ở sát rìa, vây ngực có đốm vàng, vây lưng và vây hậu môn màu nâu đỏ, có nhiều vệt đốm màu xanh lục với dải xanh lam gần rìa và dải vàng nâu ở ngay rìa. Cá cái có màu nâu sẫm với những hàng sọc ngang màu nâu đen ở hai bên thân, vây lưng có hai đốm màu xanh đen, vây đuôi trắng. Cá con màu nâu đen với 2 đốm ở vây lưng như cá cái, nhưng thân có thêm các sọc đốm màu vàng.
Sinh thái: Chúng sống trên rạn san hô viền bờ và trong đầm phá, đặc biệt là khu vực có nhiều san hô phát triển, ở độ sâu đến dưới 30m. Thức ăn của chúng đa dạng bao gồm các loài thủy sinh không xương sống và có cả trứng của những loài cá khác. Chúng sống đơn độc hoặc hợp thành một nhóm nhỏ.
Phân bố:
Thế giới: Biển Đỏ, vịnh Ba Tư, Đông Phi, Nhật Bản,..
Việt Nam: Quảng Nam, Quảng Ngãi, Phú Yên, Ninh Thuận, Khánh Hòa,…",Khu trưng bày đa dạng sinh học biển
20,Cá biển,E.57124,Serranidae,Cephalopholis spiloparaea,"(Valenciennes, 1828)",Cá Mú đỏ dâu,Song Tử Tây,30.03.2021,11°26'07.0,114°20'04.5,1,,,1,1,,"Cá Mú đỏ dâu
Strawberry hind

Đặc điểm:
D. IX, 14-16; A. III, 9 - 10.
Đặc trưng bởi toàn thân có màu đỏ hồng đến đỏ cam nhạt, lốm đốm các chấm nhỏ màu đỏ sẫm đến đỏ nâu, vây đuôi có dải màu trắng hình vòng cung ngang mép đuôi. Chiều dài thân chuẩn cá gấp 2,7 - 3,2 lần chiều cao thân; vây đuôi tròn; chiều dài đầu bằng 1,9 - 2,2 chiều dài vây bụng; mắt lớn, đường kính gấp đôi khoảng gian cách mắt. Răng mịn, khía nông.
Sinh học, sinh thái: Cá Mú đỏ dâu được xem là loài phổ biến nhất ở rạn san hô, chúng sống ở các độ sâu dưới 40m. Thức ăn chủ yếu là cua và một số loài giáp xác khác.
Phân bố: 
Thế giới:Ấn Độ Dương - Thái Bình Dương: Pinda, Mozambique đến Polynesia thuộc Pháp, phía bắc đến quần đảo Ryukyu, phía nam đến đảo Heron (cuối phía nam của Great Barrier Reef).
Việt Nam: Mẫu thu được ở vùng biển các đảo: Song Tử Tây, Thuyền Chài, Tốc Tan,",Khu trưng bày đa dạng sinh học biển
21,Cá biển,E.57125,Labridae,Stethojulis bandanensis,"(Bleeker, 1851)",Cá Bàng Chài chấm đỏ,Đá Nam,01.04.2021,11°22'36.6,114°18'22.4,1,,,1,,1,"Cá Bàng Chài chấm đỏ
Red shoulder wrasse

Đặc điểm:
D. IX, 11-12; A. III, 11;
Chiều dài cơ thể tối đa là 15 cm. Con đực có một vệt màu đỏ ửng trên gốc vây ngực, có 4 dải sọc màu xanh lam sáng: sọc trên cùng từ mắt dọc theo gốc vây lưng xuống cuống đuôi; sọc thứ hai ngắn nằm trên mõm, ngang mắt và kéo dài đến thân trước; sọc thứ ba (dài đến khoảng nửa thân trước) từ khoé miệng băng xuống dưới mắt, vòng lên trên vệt đốm đỏ; dải dưới cùng từ cằm băng qua gốc vây ngực kéo dài đến giữa vây đuôi, có vệt màu vàng trên má. Cá cái có màu xám với những đốm trắng nhỏ chi chít bao phủ khắp phần thân trên, dưới mắt có một vệt vàng tươi, một đốm đỏ ở trên gốc vây ngực và hai đốm đen nhỏ ở giữa cuống đuôi. Cá con có thêm các đốm ở sau vây lưng và vây hậu môn
Sinh thái: Thường được tìm thấy ở vùng nước nông trong của các bãi san hô, đầm phá và các rạn san hô hướng ra biển, ở các khu vực có nhiều cát, đá vụn và san hô, độ sâu ghi nhận là 0-30m. Thức ăn chủ yếu là động vật giáp xác phù du ở tầng đáy và động vật không xương sống nhỏ ở đáy.
Phân bố:
Thế giới: Khu vực Ấn Độ Dương-Thái Bình Dương: phía đông Ấn Độ Dương đến phía tây Australia, Nhật Bản,..
Việt Nam: Ghi nhận tai vùng biển Khánh Hòa, Phú Yên, Quãng Ngãi,..",Khu trưng bày đa dạng sinh học biển
22,Cá biển,E.57126,Monacanthidae,Pervagor melanocephalus,(Bleeker 1853),Cá Bò giấy đuôi đỏ,Đá Nam,01.04.2021,11°22'36.6,114°18'22.4,,,,1,,1,"Cá Bò giấy đuôi đỏ
Redtail filefish

Đặc điểm:
D. I-II, 30-33; A27-30;
Kích thước lớn nhất ghi nhận là 16cm. Đầu và thân trước có màu nâu đen đến đen xanh, phần còn lại của cơ thể màu cam, có một đốm đen bao quanh lỗ mang và gốc vây ngực, vây đuôi có màu đỏ cam với các đường lượn sóng màu xanh đậm đến hơi đen. 
Sinh thái: Thường sống trong các vùng nước sâu có san hô mềm và bọt biển với độ sâu từ 20-40m, thức ăn của chúng chủ yếu là bao gồm cua, ốc, giun và động vật thân mềm cỡ nhỏ và cả tảo
Phân bố:
Thế giới: Khu vực Đông Ấn Độ Dương, Tây Ấn Độ Dương, Úc, Nhật Bản, Indonesia,..
Việt Nam: Khu vực Trường Sa,..",Khu trưng bày đa dạng sinh học biển
23,Cá biển,E.57127,Pomacentridae,Amphiprion clarkii,(Bennett 1830),Cá Khoang cổ đuôi vàng,Đá Nam,01.04.2021,11°22'36.6,114°18'22.4,1,,,1,,1,"Cá Khoang cổ đuôi vàng
Yellowtail clownfish

Đặc điểm: Loài cá này có nhiều biến thể màu khác nhau, nhưng thường được thấy nhất là thân màu đen với các vùng màu cam trên đầu, bụng và các vây. Các vùng màu đen sẽ lan rộng hơn khi chúng phát triển thành cá cái. Có 3 dải sọc trắng trên đầu, giữa thân và gốc vây đuôi. Vây đuôi màu vàng hoặc màu trắng viền vàng (đối với cá đực). Thân cao và dẹp bên. Miệng nhỏ. Số gai ở vây lưng: 10; Số tia vây ở vây lưng: 15–16; Số gai ở vây hậu môn: 2; Số tia vây ở vây hậu môn: 13–14.
Sinh học, sinh thái: Thường sống ở những rạn san hô, quanh những xúc tu của hải quỳ, thường sống theo từng cặp hoặc nhóm, ăn tạp.
Phân bố: 
Thế giới: có phạm vi phân bố rộng khắp khu vực Ấn Độ Dương - Thái Bình Dương, Vịnh Ba Tư, phía Đông Ấn Độ, vùng biển các nước Đông Nam Á, Đài Loan vùng biển phía nam Nhật Bản,..
Việt Nam: Khánh Hòa (Trường Sa)",Khu trưng bày đa dạng sinh học biển
24,Cá biển,E.57128,Scaridae,Scarus psittacus,"Forsskål, 1775",Cá Mó thường,Đá Nam,01.04.2021,11°22'36.6,114°18'22.4,1,,,1,,1,"Cá Mó thường
Common parrotfish

Đặc điểm:
D. IX, 10; A. III, 9;
Có chiều dài cơ thể tối đa là 34 cm, vây đuôi của cá đực lõm sâu hơn ở cá cái, tạo thành hình lưỡi liềm, có răng nanh ở phía sau phiến răng của hàm trên. Cá cái màu nâu đỏ hoặc nâu xám, phớt màu cam ở ngực và bụng, vùng mõm nhạt hơn đầu, có đốm đen ở gốc vây ngực và một đốm nâu sẫm ở màng vây lưng thứ nhất. Cá đực có màu xanh lục với các vạch màu hồng cam trên vảy, mõm có màu tím, bao quanh miệng là một dải màu xanh lam kéo dài thành một vệt sọc, vây lưng và vây hậu môn cùng hai thùy đuôi có viền xanh lam; thường có màu vàng ở cuống đuôi
Sinh thái: Chúng thường sống ở các bãi đá ngầm, rạn san hô viền bờ và rạn san hô trong các đầm phá ở độ sâu đến 30 m, thức ăn chủ yếu là tảo
Phân bố:
Thế giới: Tây Úc, quần đảo Hawaii, Nhật Bản,..
Việt Nam: Vùng biển Khánh Hòa, Ninh Thuận,..",Khu trưng bày đa dạng sinh học biển
25,Cá biển,E.57129,Serranidae,Epinephelus hexagonatus,"(Forster, 1801)",Cá Mú chấm sao,Đá Nam,01.04.2021,11°22'36.6,114°18'22.4,,,,1,1,,"Cá Mú chấm sao
Starspotted grouper

Đặc điểm: 
D. XI, 15-17; A. III, 8
Loài cá Mú chấm sao có chiều dài thân chuẩn cá gấp 2,8 - 3,5 chiều cao thân, bằng 2,5- 2,6 chiều dài đầu. Toàn thân cá được bao phủ bởi các đốm nâu đa giác (chủ yếu là hình lục giác) có xu hướng hợp nhất; có 4 hoặc 5 vết đen hình yên ngựa màu nâu nâu (hình thành bởi các nhóm đốm đậm hơn) trên phần lưng của thân và cuống đuôi. Các vây có các đốm nâu sẫm hoặc nâu đỏ; vây bụng và vây hậu môn có mép nâu nhạt.
Sinh thái: Cá trưởng thành sống xung quanh các rạn san hô và các bãi đá ngầm ở độ sâu dưới 30m; cá con sống ở vùng nước nông hơn. Thức ăn của cá Mú chấm sao là các loài cá nhỏ hơn, động vật thân mềm và động vật giáp xác
Phân bố: 
Thế giới: Ấn Độ Dương - Thái Bình Dương.
Việt Nam: Mẫu thu được ở vùng biển các đảo: Đá Nam, Nam Yết, Thuyền Chài.",Khu trưng bày đa dạng sinh học biển
26,Cá biển,E.57130,Synodontidae,Saurida gracilis,"(Quoy & Gaimard, 1824)",Cá Mối nhặng,Đá Nam,01.04.2021,11°22'36.6,114°18'22.4,,,,1,1,,"Cá Mối nhặng
Gracile lizardfish

Đặc điểm:
D11-12; A9-10;
Chiều dài cơ thể lớn nhất là 32cm. Cơ thể thon dài, thon và hình trụ, miệng rộng với những chiếc răng thon nhọn lộ ra khi ngậm miệng, cơ thể có màu xám lốm đốm, có ba vạch sẫm màu dọc phía sau thân vạch lớn nhất nằm ở phía sau vây lưng, phía trên bụng có các hàng đốm đen, vây lưng, vây đuôi và vây bụng có các dãi màu sẫm.
Sinh thái: Loài cá này sống ở cát và các rạn san hô bùn, ở các thảm cỏ biển, cũng có thể được tìm thấy trên nền đáy cứng độ sâu thường là 1-12 m, thường hoạt động vào ban đêm và ăn cá nhỏ và đôi khi ăn động vật giáp xác.
Phân bố:
Thế giới: Phân bố tại khu vực Ấn Độ Dương-Thái Bình Dương: Biển Đỏ và Đông Phi đến các đảo Hawaii, Marquesan và Ducie, phía bắc đến các đảo Ryukyu và Ogasawara, phía nam đến Rạn san hô Great Barrier, Lord Howe và Rapa
Việt Nam: Ghi nhận ở các vùng biển Khánh Hòa, Phú Yên,..",Khu trưng bày đa dạng sinh học biển
27,Cá biển,E.57131,Holocentridae,Sargocentron caudimaculatum,"(Rüppell, 1838)",Cá Sơn đá chấm đuôi,Đá Nam,02.04.2021,11°23'10.0,114°17'43.6,1,,,1,,1,"Cá Sơn đá chấm đuôi
Silverspot squirrelfish

Đặc điểm:
D. XI, 13-15; A. IV, 8-9;
Chiều dài lớn nhất là 25cm, thân hình bầu dục, dẹp bên, đầu to vừa, mõm ngắn. Thân có màu đỏ tươi, trên xương nắp mang có một sọc trắng nằm ngang, gai vây lưng màu đỏ tươi, các vây trong mờ, có viền đỏ, vây ngực nhỏ, vây đuôi dạng chẻ.
Sinh thái: Thường sống ở các rạn san hô, đầm phá và các rạn xa bờ có độ sâu từ 2-40m, có thể sống đơn độc hoặc theo nhóm, chúng là loài hoạt động về đêm, thức ăn chủ yếu là cua và tôm.
Phân bố:
Thế giới:  phân bố rộng khắp vùng Ấn Độ Dương - Thái Bình Dương, từ Biển Đỏ dọc theo Đông Phi, trải dài về phía đông đến quần đảo Line và Polynésie thuộc Pháp,..
Việt Nam: ghi nhận tại cù lao Chàm, đảo Lý Sơn, ngoài khơi Bình Thuận, vịnh Nha Trang, Côn Đảo, quần đảo Hoàng Sa và quần đảo Trường Sa",Khu trưng bày đa dạng sinh học biển
28,Cá biển,E.57132,Labridae,Halichoeres hortulanus,"(Lacepède, 1801)",Cá Bàng Chài vân vuông,Đá Nam,02.04.2021,11°23'10.0,114°17'43.6,,,,1,,1,"Cá Bàng Chài vân vuông
Checkerboard wrasse

Đặc điểm: 
D. IX, 11; A. III, 11.
Cá Bàng chài vân vuông có chiều dài cơ thể lớn nhất được ghi nhận là 27 cm, con đực có màu xanh lục với các vảy ở giữa màu xanh đậm tạo thành hình ca-rô, đầu màu xanh lá cây với các sọc đứt quãng màu đỏ, vạch sáng rộng phía sau vây ngực, đuôi màu xanh lam và đốm màu vàng ở lưng bên dưới điểm bắt đầu của vây lưng. Con cái có các sọc đen hình chữ nhật dọc trên vảy tạo thành các đường ca rô đen trắng ở mặt trên, các vết hình chữ nhật ở phía dưới cơ thể bị thay bằng các đốm nhỏ, hai đốm màu vàng và đốm đen lớn ở lưng, đầu màu vàng với các đường màu hồng và vây lưng và vây đuôi có màu vàng. Con non có sọc đen trắng, đốm vàng quanh đầu, viền vàng ở vây lưng và đuôi màu vàng.
Sinh thái: thường gặp trên các dải cát của đầm phá san hô, vùng rạn hướng ra khơi, có độ sâu đến 30m, chúng cũng xuất hiện ở các trũng dọc sườn dốc rạn.
Phân bố: 
Thế giới: vùng biển Ấn Độ - Thái Bình Dương: nam Biển Đỏ đến vịnh Sodwana, Nam Phi, phía đông đến quần đảo Line, Marquesas và Tuamoto, phía bắc đến nam Nhật Bản, phía nam đến rạn san hô Great Barrier Reef (Úc). 
Việt Nam: vùng rạn san hô ven bờ và các đảo từ Quảng Ninh đến Kiên Giang, quần đảo Trường Sa.",Khu trưng bày đa dạng sinh học biển
29,Cá biển,E.57133,Labridae,Stethojulis bandanensis,"(Bleeker, 1851)",Cá Bàng Chài chấm đỏ,Đá Nam,02.04.2021,11°23'10.0,114°17'43.6,,,,1,,1,"Cá Bàng Chài chấm đỏ
Red shoulder wrasse

Đặc điểm:
D. IX, 11-12; A. III, 11;
Chiều dài cơ thể tối đa là 15 cm. Con đực có một vệt màu đỏ ửng trên gốc vây ngực, có 4 dải sọc màu xanh lam sáng: sọc trên cùng từ mắt dọc theo gốc vây lưng xuống cuống đuôi; sọc thứ hai ngắn nằm trên mõm, ngang mắt và kéo dài đến thân trước; sọc thứ ba (dài đến khoảng nửa thân trước) từ khoé miệng băng xuống dưới mắt, vòng lên trên vệt đốm đỏ; dải dưới cùng từ cằm băng qua gốc vây ngực kéo dài đến giữa vây đuôi, có vệt màu vàng trên má. Cá cái có màu xám với những đốm trắng nhỏ chi chít bao phủ khắp phần thân trên, dưới mắt có một vệt vàng tươi, một đốm đỏ ở trên gốc vây ngực và hai đốm đen nhỏ ở giữa cuống đuôi. Cá con có thêm các đốm ở sau vây lưng và vây hậu môn
Sinh thái: Thường được tìm thấy ở vùng nước nông trong của các bãi san hô, đầm phá và các rạn san hô hướng ra biển, ở các khu vực có nhiều cát, đá vụn và san hô, độ sâu ghi nhận là 0-30m. Thức ăn chủ yếu là động vật giáp xác phù du ở tầng đáy và động vật không xương sống nhỏ ở đáy.
Phân bố:
Thế giới: Khu vực Ấn Độ Dương-Thái Bình Dương: phía đông Ấn Độ Dương đến phía tây Australia, Nhật Bản,..
Việt Nam: Ghi nhận tai vùng biển Khánh Hòa, Phú Yên, Quãng Ngãi,..",Khu trưng bày đa dạng sinh học biển
30,Cá biển,E.57134,Ostraciidae,Ostracion meleagris,"Shaw, 1796",Cá Nóc hòm chấm trắng,Đá Nam,02.04.2021,11°23'10.0,114°17'43.6,1,,,1,,1,"Cá Nóc hòm chấm trắng
Whitespotted boxfish

Đặc điểm:
D8-9; A9
Chiều dài cơ thể lớn nhất được ghi nhận là 25 cm. Chúng là loài dị hình giới tính cá cái và cá con có màu nâu sẫm, hơi đen hoặc phớt xanh lục, có đốm trắng trên đầu và thân; cá đực lớn có màu nâu đen ở lưng với các vệt đốm cam ở bên thân, thân và đầu xanh lam sẫm; sọc cam bao quanh rìa tấm giáp lưng
Sinh thái: Thường sống đầm phá san hô, rạn san hô hướng ra khơi, độ sâu đến 30m. Thức ăn của chúng bao gồm tảo và những loài thủy sinh không xương sống như động vật thân mềm, hải miên, hải tiêu, giun nhiều tơ, động vật giáp xác. Có khả năng tạo âm thanh trong quá trình thực hiện màn tán tỉnh, hoặc khi hai con đực đang chiến đấu với nhau
Phân bố: 
Thế giới: Ấn Độ-Thái Bình Dương và Đông Thái Bình Dương: Đông Phi đến Mexico, phía bắc đến phía nam Nhật Bản và quần đảo Hawai, phía nam đến New Caledonia quần đảo Tuamoto.
Việt Nam: vịnh Bắc Bộ, Trung Bộ đến vùng biển Tây Nam.",Khu trưng bày đa dạng sinh học biển
31,Cá biển,E.57135,Pomacentridae,Plectroglyphidodon dickii,"(Liénard, 1839)",Cá Thia vạch đen,Đá Nam,02.04.2021,11°23'10.0,114°17'43.6,1,,,1,,1,"Cá Thia vạch đen
Blackbar devil

Đặc điểm:
D. XII, 16-18; A. II, 14-16;
Kích thước lớn nhất ghi nhận là 11,6cm. cơ thể có màu nâu tanin, vây ngực màu vàng, vảy viền nâu với một dải sọc đen ở thân sau, gần cuống đuôi. Cuống và vây đuôi có màu trắng, tuy nhiên nhiều cá thể được quan sát có cuống và vây đuôi màu cam.
Sinh thái: Cá Thia chấm trắng sống gần những rạn san hô ngoài khơi và trong các đầm phá, đặc biệt là những rạn san hô thuộc chi Pocillopora và Acropora, ở độ sâu 0-20m, thức ăn chủ yếu là tảo sợi và các loài thủy sinh không xương sống nhỏ, đôi khi bao gồm cả cá nhỏ, cũng có thể ăn cả polyp san hô và hải quỳ.
Phân bố:
Thế giới: phân bố rộng khắp khu vực Ấn Độ Dương - Thái Bình Dương
Việt Nam: Vùng biển Khánh Hòa, Phú Yên, Ninh Thuận,..",Khu trưng bày đa dạng sinh học biển
32,Cá biển,E.57136,Pomacentridae,Plectroglyphidodon leucozonus,"(Bleeker, 1859)",Cá Thia đơn vạch,Đá Nam,02.04.2021,11°23'10.0,114°17'43.6,1,,,1,,1,"Cá Thia đơn vạch
Singlebar devil

Đặc điểm:
D. XII, 15-17; A. II, 12-13;
Cá Thia đơn vạch có chiều dài tối đa là 12cm, cơ thể có có màu nâu sẫm, chuyển thành màu vàng ở cuống và vây đuôi. Bên dưới gai vây lưng thứ 8 có một dải sọc trắng kéo dài xuống bụng. Cá con có màu vàng hơn cá lớn, với một đốm đen lớn viền vàng trên vây lưng
Sinh thái: Môi trường sống phổ biến của chúng là gần những rạn san hô ở độ sâu khoảng 6 m, thức ăn chủ yếu là tảo, trứng của chúng bám dính vào chất nền, cá đực có nhiệm vụ bảo vệ và chăm sóc trứng
Phân bố:
Thế giới: có phạm vi phân bố rộng khắp khu vực Ấn Độ Dương - Thái Bình Dương
Việt Nam: Khánh Hòa, Phú Yên, Ninh Thuận,..",Khu trưng bày đa dạng sinh học biển
33,Cá biển,E.57137,Pomacentridae,Plectroglyphidodon leucozonus,"(Bleeker, 1859)",Cá Thia đơn vạch,Đá Nam,02.04.2021,11°23'10.0,114°17'43.6,1,,,1,,1,"Cá Thia đơn vạch
Singlebar devil

Đặc điểm:
D. XII, 15-17; A. II, 12-13;
Cá Thia đơn vạch có chiều dài tối đa là 12cm, cơ thể có có màu nâu sẫm, chuyển thành màu vàng ở cuống và vây đuôi. Bên dưới gai vây lưng thứ 8 có một dải sọc trắng kéo dài xuống bụng. Cá con có màu vàng hơn cá lớn, với một đốm đen lớn viền vàng trên vây lưng
Sinh thái: Môi trường sống phổ biến của chúng là gần những rạn san hô ở độ sâu khoảng 6 m, thức ăn chủ yếu là tảo, trứng của chúng bám dính vào chất nền, cá đực có nhiệm vụ bảo vệ và chăm sóc trứng
Phân bố:
Thế giới: có phạm vi phân bố rộng khắp khu vực Ấn Độ Dương - Thái Bình Dương
Việt Nam: Khánh Hòa, Phú Yên, Ninh Thuận,..",Khu trưng bày đa dạng sinh học biển
34,Cá biển,E.57138,Pomacentridae,Stegastes obreptus,"(Whitley, 1948)",Cá Thia,Đá Nam,02.04.2021,11°23'10.0,114°17'43.6,1,,,,,,"Cá Thia
Western gregory

Đặc điểm:
D. XIII, 14-16; A. II, 12-14;
Chiều dài thân chuẩn cá gấp 1,7 đến 2,2 lần chiều cao thân. Thân cá và các vây có màu nâu đen đến đen. Viền trước vây bụng và vây hậu môn có màu xanh đen. Môi màu nâu sẫm.
Sinh thái: Chúng thường sống xung quanh các rạn san hô chết hoặc những bãi đá ngầm, những khu vực ít sóng, ở độ sâu khoảng 2 – 10 m. Thức ăn của chúng là rong tảo và các loại động vật không xương sống (giun, giáp xác, ốc biển). Chúng có tập tính sinh sản theo cặp, trứng được đặt trong các hốc đá và được bảo vệ bởi cá đực.
Phân bố: 
Thế giới: Ấn Độ - Thái Bình Dương: Quần đảo Ryukyu, bao gồm Indo-Malayan Archipelago, Tây Úc ở phía bắc Quần đảo Abrolhos; phía đông dọc theo rìa phía bắc của Ấn Độ Dương đến Sri Lanka và Ấn Độ.
Việt Nam: Mẫu thu được ở vùng biển các đảo: Đá Nam, Nam Yết và Thuyền Chài",Khu trưng bày đa dạng sinh học biển
35,Cá biển,E.57139,Scaridae,Scarus rubroviolaceus,"Bleeker, 1847",Cá Mó môi đỏ,Đá Nam,02.04.2021,11°23'10.0,114°17'43.6,1,,,1,,1,"Cá Mó môi đỏ
Ember parrotfish

Đặc điểm:
D. IX, 10; A. III, 9;
Chiều dài cơ thể tối đa là 70 cm, mõm dốc, thẳng đứng ở cả hai giới, vây đuôi của cá đực lõm sâu hơn ở cá cái, tạo thành hình lưỡi liềm. Cá cái màu nâu đỏ hoặc nâu xám, ửng đỏ hơn ở vùng dưới đầu và bụng và các vây, đầu và thân trước thường sẫm màu hơn thân sau, nhiều cá thể cái có nửa thân sau là màu trắng. Cá đực có màu xanh lục lam, mõm màu tím xám, vảy có viền màu cam pha hồng, rìa môi trên có vệt sọc màu hồng cam trên đó là một dải màu xanh lục. Dưới cằm cũng có hai vệt màu lục với một vệt màu hồng cam nằm giữa, vây lưng và vây hậu môn cùng hai thùy đuôi có dải viền xanh lam. Cá con có các dải sọc ngang màu trắng và nâu xanh lục xen kẽ, lốm đốm các chấm trắng
Sinh thái: Chúng thường sống ở các rạn san hô viền bờ, ở khu vực có nền đáy đá vụn, đá cuội hoặc san hô, độ sâu đến 36 m.
Phân bố:
Thế giới: Có phạm vi phân bố rộng khắp khu vực Ấn Độ Dương - Thái Bình Dương, và mở rộng đến Đông Thái Bình Dương
Việt Nam: Ghi nhận tại vùng biển Khánh Hòa, Ninh Thuận, Kiên Giang,..",Khu trưng bày đa dạng sinh học biển
36,Cá biển,E.57140,Serranidae,Cephalopholis leopardus,"(Lacepède, 1801)",Cá Mú chấm bé,Đá Nam,02.04.2021,11°23'10.0,114°17'43.6,,,,1,1,,"Cá Mú chấm bé
Leopard hind

Đặc điểm: 
D. IX, 13-15; A. III,  9-10.
Cá mú nhỏ, thân hình tương đối mảnh khảnh, chiều dài cơ thể tối đa là 24cm, thân có màu đỏ nhạt với các đốm lớn màu cam, yên đen ở cuống đuôi, có vệt dưới mép sẫm màu gần đầu vây đuôi trên. 
Sinh học, sinh thái: Cá Mú chấm bé thường thấy ở các rạn san hô với độ sâu từ 3-40m, sống đơn độc có tính lãnh thổ, thường ẩn trú trong rạn san hô. Thức ăn chủ yếu là các loài cá nhỏ và giáp xác nhỏ.
Phân bố: 
Thế giới: Cá Mú chấm bé có phân bố rộng rãi ở khu vực Ấn Độ Dương - Thái Bình Dương, từ Đông Phi trải dài về phía đông đến quần đảo Mariana, quần đảo Line và quần đảo Marquises, ngược lên phía bắc đến Nhật Bản, xa về phía nam đến Úc, Nouvelle-Calédonie và Tonga
Việt Nam: Cù lao Chàm và dọc theo bờ biển Quảng Nam, Khánh Hòa,..",Khu trưng bày đa dạng sinh học biển
37,Cá biển,E.57141,Balistidae,Balistapus undulatus,(Park 1797),Cá Bò đen,Đá Lớn,04.04.2021,10°06'22.8,113°51'21.1,1,,,1,1,1,"Cá Bò đen
Orange-lined triggerfish

Đặc điểm: Đầu và thân có màu từ xanh đến nâu với các đường cong màu cam chéo và một đốm đen tròn lớn bao phủ phần lớn gốc vây đuôi; các tia vây lưng, vây hậu môn và vây ngực mềm màu cam và cả vây đuôi. Thân dẹp bên. Các vây bụng hợp nhất thành một gai. Gai lưng thứ nhất có cơ cấu khóa. Với 12 tia chính ở vây đuôi. 18 đốt sống. Hàm trên không nhô ra ngoài. Hàm trên thường có bốn răng ở bên ngoài và ba ở dãy bên trong trên mỗi răng tiền hàm.
Sinh thái: Thường thấy ở các rạn san hô ở độ sâu 0-60m. Chúng ăn nhiều loại sinh vật đáy như tảo, động vật da gai, cá, động vật thân mềm, động vật có vỏ, bọt biển và động vật thủy sinh. Trứng được đẻ thành từng cụm dưới các hố các.
Phân bố: 
Thế giới: thường xuyên xuất hiện ở Quần đảo Seychelles, Réunion và Maldives, ở Ấn Độ, Sri Lanka, Thái Lan, Úc, Indonesia, New Guinea, Micronesia, Philippines, Đài Loan và Trung Quốc cho đến miền nam Nhật Bản.
Việt Nam: Khánh Hòa, Ninh Thuận, Quãng Ngãi,...",Khu trưng bày đa dạng sinh học biển
40,Cá biển,E.57144,Balistidae,Melichthys vidua,"(Richardson, 1845)",Cá Bò vảy góc,Đá Lớn,04.04.2021,10°06'22.8,113°51'21.1,1,,,1,,1,"Cá Bò vảy góc
Pinktail triggerfish

Đặc điểm: 
D. III, 31-35; A., 27-31
Chiều dài cơ thể lớn nhất được ghi nhận là 40 cm, cơ thể có màu nâu sẫm, gần như đen hoàn toàn. Phần mõm có màu vàng cam, vây lưng sau và vây hậu môn trắng đục với viền đen, vây ngực màu vàng, vây đuôi trắng ở gốc, ra xa ửng hồng. Cá con có các sọc đen xung quanh mắt, vây lưng sau và vây hậu môn có các sọc ngang màu đen.
Sinh thái: Thường sống trên vùng rạn san hô hướng ra khơi, có hợp phần động vật không xương sống phong phú, độ sâu đến 60m. Thức ăn chủ yếu là tảo và vụn hữu cơ, nhưng chúng cũng có thể ăn cả giáp xác, nhuyễn thể, hải miên và cá nhỏ
Phân bố: 
Thế giới: Ấn Độ-Thái Bình Dương: Đông Phi đến Natal (Nam Phi), phía đông đến quần đảo Hawai, Marquesas và Tuamoto phía bắc đến nam Nhật Bản, phía nam đến Great Barrier Reef  (Úc) và New Caledonia.
Việt Nam: vịnh Bắc Bộ, Trung Bộ đến vùng biển Tây Nam.",Khu trưng bày đa dạng sinh học biển
41,Cá biển,E.57145,Pomacentridae,Pomacentrus bankanensis,"Bleeker, 1854",Cá Thia đốm,Đá Lớn,04.04.2021,10°06'22.8,113°51'21.1,,,,1,,1,"Cá Thia đốm
Speckled damselfish

Đặc điểm:
D. XIII, 15-16; A. II, 15-16;
Chiều dài lớn nhất được ghi nhận là 9 cm. Cơ thể có màu nâu, trắng ở cuống và vây đuôi. Có đốm nhỏ màu xanh lam ở rìa nắp mang và một đốm đen lớn viền xanh óng ở ngay sau vây lưng. Cá con có màu cam ở lưng và đỉnh đầu, cũng có đốm trên vây lưng và nhiều vệt sọc xanh óng trên mặt và lưng
Sinh thái: Loài cá này sinh sống tập trung trên nền đáy đá vụn, gần những rạn san hô viền bờ hoặc trong các đầm phá ở độ sâu đến 32 m, thức ăn của chúng bao gồm tảo và các loài động vật phù du. Cá đực có tập tính bảo vệ và chăm sóc trứng
Phân bố:
Thế giới: Ghi nhận tại các vùng biển thuộc nước Úc, các nước Đông Nam Á, Nhật Bản,..
Việt Nam: Khánh Hòa–Ninh Thuận, Bình Thuận, cù lao Chàm (Quảng Nam), đảo Lý Sơn (Quảng Ngãi), Côn Đảo và quần đảo Trường Sa.",Khu trưng bày đa dạng sinh học biển
42,Cá biển,E.57146,Scaridae,Scarus globiceps,"Valenciennes, 1840",Cá Mó đầu tròn,Đá Lớn,04.04.2021,10°06'22.8,113°51'21.1,,,,1,,1,"Cá Mó đầu tròn
Globehead parrotfish

Đặc điểm:
D. IX, 10; A. III, 9;
Chiều dài lớn nhất là 45cm, cá đực có màu xanh lục lam với các vạch màu hồng cam trên vảy. Đầu và một phần thân trước lốm đốm các chấm, vạch màu xanh lục, trước mõm có dải màu hồng tím kéo dài ra sau đến trên rìa nắp mang, băng ngang qua mắt. Vây đuôi có dải màu cam trên mỗi thùy, vây lưng và vây hậu môn màu xanh, có các dải sọc hồng cam, cá cái và cá con có màu nâu xám. vây đuôi cụt ở cá cái, lõm vào trong tạo thành hình lưỡi liềm ở cá đực trưởng thành. Cá đực còn có thêm răng nanh phía sau các phiến răng ở hai hàm
Sinh thái: sống gần các rạn san hô viền bờ và rạn san hô trong các đầm phá ở độ sâu đến 30 m, sống thành từng cặp hoặc theo nhóm lớn, ăn tảo. 
Phân bố:
Thế giới: ghi nhận dọc theo bờ biển Đông Phi, bờ biển Tây Úc, vùng biển Nhật Bản,..
Việt Nam: Ghi nhận tại quần đảo Trường Sa",Khu trưng bày đa dạng sinh học biển
43,Cá biển,E.57147,Serranidae,Cephalopholis argus,"Schneider, 1801",Cá Mú chấm nâu,Đá Lớn,04.04.2021,10°06'22.8,113°51'21.1,,,,1,1,1,"Cá Mú chấm nâu
Peacock hind

Đặc điểm: Cá mú màu nâu được bao phủ bởi những đốm nhỏ màu xanh viền đen, có hoặc không có 5-6 sọc nhạt ở phía sau thân, vây màu xanh lam và một mảng màu trắng kem xung quanh gốc vây ngực.
Sinh học, sinh thái: Cá mú chấm nâu ưa sống trên các rạn san hô với độ sâu 0-40m tuy nhiên thường thấy ở độ số 0-10m, thường sống biệt lập có tính lãnh thổ, chúng thường ăn một số loại cá và giáp xác nhỏ thường hoạt động vào sáng sớm hoặc ban đêm, là loài lưỡng tính, con cái có thể thành con đực khi trưởng thành.
Phân bố:
Thế giới: Khu vực Ấn Độ Dương - Thái Bình Dương, biển Đỏ,...
Việt Nam: Cá Mú chấm nâu được ghi nhận tại: Cù lao Chàm và dọc theo bờ biển Quảng Nam, vịnh Nha Trang (Khánh Hòa), Ninh Thuận, Phú Yên và Bình Thuận, quần đảo An Thới (Kiên Giang), quần đảo Hoàng Sa và quần đảo Trường Sa.",Khu trưng bày đa dạng sinh học biển
44,Cá biển,E.57148,Acanthuridae,Acanthurus japonicus,"(Schmidt, 1931)",Cá Bắp nẻ nhật bản,Đá Lớn,06.04.2021,09°59'46.1,113°50'39.1,,,,1,,1,"Cá Bắp nẻ nhật bản
Japan surgeonfish

Đặc điểm: Cơ thể hình bầu dục thuôn dài, có màu nâu xám. Có một mảnh xương nhọn màu vàng chĩa ra ở mỗi bên cuống đuôi, tạo thành ngạnh sắc. Một dải màu trắng kéo dài từ rìa dưới của mắt đến môi trên. Một dải màu vàng ở rìa thân trên và dưới, dọc theo gốc vây lưng và vây hậu môn. Vây lưng, vây bụng và vây hậu môn có màu đen, có dải màu trắng xanh viền ở rìa; riêng vây lưng có dải màu cam ở cận biên. Cuống đuôi màu vàng, lan rộng sang gốc vây đuôi cụt; gốc vây đuôi được bao quanh bởi một sọc trắng; vây đuôi màu trắng xám. Gốc vây ngực màu vàng, với một khoảng màu vàng nâu ở rìa nắp mang. Chiều dài cơ thể tối đa được ghi nhận ở Acanthurus japonicus là 21 cm. Số gai ở vây lưng: 9; Số tia vây ở vây lưng: 28 - 31; Số gai ở vây hậu môn: 3; Số tia vây ở vây hậu môn: 26 - 29.
Sinh học, sinh thái: Cá trưởng thành thường bơi theo từng nhóm nhỏ, nhưng có thể hợp thành đàn lớn ở nhiều nơi trong phạm vi phân bố; cá con có thể bắt gặp trong đàn của những loài cá khác. Thức ăn của Cá Bắp nẻ nhật bản là tảo, chủ yếu là tảo đỏ
Phân bố:
Thế giới: Ấn Độ Dương– Tây Thái Bình Dương, Indonesia, Philippines quần đảo Ryukyu Nhật Bản
Việt Nam: Khánh Hòa, Đà Nẵng, Phú Yên, Ninh Thuận,...",Khu trưng bày đa dạng sinh học biển
46,Cá biển,E.57150,Acanthuridae,Ctenochaetus striatus,"(Quoy & Gaimard, 1825)",Cá Răng Gai nhiều sọc,Đá Lớn,06.04.2021,09°59'46.1,113°50'39.1,,,,1,,1,"Cá Răng Gai nhiều sọc
Striated surgeonfish

Đặc điểm: 
D. VIII, 27-31; A. III, 24-28
Cá Răng gai nhiều sọc có chiều dài tối đa là 26cm, ở cuống đuôi mỗi bên có 1 mảnh xương nhọn chỉa ra tạo thành phần ngạnh sắc. Cơ thể hình bầu dục thuôn dài, có màu nâu lục pha xám đến màu vàng nâu với những đường sọc ngang màu xanh lam, đầu, ngực và thân trước chi chít những chấm tròn màu cam, vây ngực có các tia vây màu vàng nâu. Đuôi lõm sâu, hình cánh nhạn, màu nâu đỏ sẫm. Vây lưng và vây hậu môn có viền màu xanh lam ánh kim, sẫm màu hơn thân với các dải sọc màu xanh lam đậm dọc theo chiều dài của vây
Sinh thái: Sống ở vùng gần bờ đến độ sâu 30 m, rạn san hô và vùng có đáy cát, san hô chết. Tập trung thành từng đàn hay riêng lẻ.
Phân bố: 
Thế giới: trải rộng vùng biển Ấn Độ-Thái Bình Dương, không bao gồm quần đảo Hawaii, quần đảo Marquesas và Easter.   
Việt Nam: vùng rạn san hô ven bờ và các đảo từ Quảng Ninh đến Kiên Giang, quần đảo Trường Sa.",Khu trưng bày đa dạng sinh học biển
49,Cá biển,E.57153,Labridae,Cymolutes torquatus,"(Valenciennes, 1840)",Cá Bàng Chài,Đá Lớn,06.04.2021,09°59'46.1,113°50'39.1,1,,,,,,"Cá Bàng Chài
Finescale razorfish

Đặc điểm:
D. IX, 12; A. II, 11-12
Chiều dài cơ thể tối đa của loài cá Bàng chài này là 20cm, cơ thể có màu xanh lục nhạt và trắng ở bụng.  Thân có khoảng 14 đến 19 vạch sọc màu nâu sẫm, bắt đầu từ sau vây ngực trải dài đến cuống đuôi; những sọc này chuyển thành màu cam ở cá đực. Má và nắp mang có 3 đường sọc màu xanh lam và một đường sọc xiên màu đen nằm trên gốc vây ngực.
Sinh thái: Loài cá Bàng chài này thường sống đơn độc, sống xung quanh các rạn san hô ở các nền đáy cát với độ sâu 6-25m, các cá thể non thường được tìm thấy quanh thảm cỏ biển. Thức ăn chủ yếu là các động vật đáy không xương sống.
Phân bố:
Thế giới: Tập trung nhiều ở khu vực Thái Bình Dương và thưa hơn ở Ấn Độ Dương, và ghi nhận nhiều ở vùng biển ở khu vực Đông Nam Á.
Việt Nam: Khánh Hòa",Khu trưng bày đa dạng sinh học biển
50,Cá biển,E.57154,Labridae,Hemigymnus melapterus,"(Bloch, 1791)",Cá Bàng Chài trớt,Đá Lớn,06.04.2021,09°59'46.1,113°50'39.1,,,,1,,1,"Cá Bàng Chài trớt
Blackeye thicklip

Đặc điểm: 
D. IX, 10-11; A. III, 11
Cá Bàng chài trớt có chiều dài tối đa là 90cm, tuy nhiên loài thường gặp chỉ có 37cm. Môi dày, có nhiều vệt hồng quanh mắt. Con đực có màu xanh lục với vảy trên thân có rìa màu đen môi và phần dưới của đầu chủ yếu có màu xanh lam nhạt, ngực và bụng màu trắng hồng. Cá cái nhỏ và cá con đang phát triển có hai màu rõ rệt trên thân: đầu và thân trước có màu xanh lục xám thân sau màu đen, cuống đuôi và vây đuôi màu vàng, thường có 1–2 đốm đen nhỏ ở giữa vây (cá con mới lớn có thêm một dải màu trắng rõ rệt chia tách hai vùng màu trên thân), vảy của cá cái có thêm các vạch màu lục sẫm, chuyển sang màu vàng với các đốm màu xanh lam ở cuống đuôi và vây đuôi. Cá cái trưởng thành có màu sắc gần giống với cá đực: thân sau dần chuyển sang màu lục sẫm, vảy có viền đen, đầu có màu xanh lục sáng
Sinh thái: thường gặp trong các đầm phá san hô và các rạn san hô hướng ra khơi. Con non thường ở trong các san hô cành, con trưởng ở vùng có dạng hỗn hợp san hô, san hô chết, cát, cá kích thước lớn sống ở vùng nước sâu hơn.
Phân bố: 
Thế giới: vùng biển Ấn Độ- Thái Bình Dương: từ Biển Đỏ và Đông Phi đến Micronesia, Samoa và Polynesia. 
Việt Nam: vùng rạn san hô ven bờ và các đảo từ Quảng Ninh đến Kiên Giang.",Khu trưng bày đa dạng sinh học biển
51,Cá biển,E.57155,Lethrinidae,Lethrinus xanthochilus,"Klunzinger, 1870",Cá Hè môi vàng,Đá Lớn,06.04.2021,09°59'46.1,113°50'39.1,,,,1,1,,"Cá Hè môi vàng
Yellowlip emperor

Đặc điểm:
D. X, 9; A. III, 8
Chiều dài cơ thể lớn nhất được ghi nhận là 70 cm. Thân có màu xám phớt vàng, lốm đốm các vệt đen. Môi màu vàng nhạt, môi trên sẫm hơn, có một đốm đỏ ở gốc trên của vây ngực, các vây màu xanh lam xám, rìa vây lưng và vây đuôi hơi ửng đỏ.
Sinh thái: Sống đơn độc nhưng đôi khi bơi theo nhóm nhỏ trên thảm cỏ biển, vùng cát và đá vụn của các rạn san hô, kênh sâu và đầm phá, thường được tìm thấy ở vùng nước nông tới độ sâu 150 m. Thức ăn chủ yếu là giáp xác, cá và da gai.
Phân bố:
Thế giới: ó phân bố rộng rãi trên vùng Ấn Độ Dương - Thái Bình Dương
Việt Nam: Quần đảo Hoàng Sa và Trường Sa",Khu trưng bày đa dạng sinh học biển
52,Cá biển,E.57156,Nemipteridae,Scolopsis bilineata,"(Bloch, 1793)",Cá Tráo trác hai sọc,Đá Lớn,06.04.2021,09°59'46.1,113°50'39.1,1,,,1,,1,"Cá Tráo trác hai sọc
Two-lined monocle bream

Đặc điểm:
D. X, 9; A. III, 7;
Chiều dài cơ thể tối đa là 25 cmThân có sọc trắng viền đen uốn cong lên từ dưới mắt đến giữa gốc vây lưng. Con non - nửa trên của cơ thể màu đen với hai sọc vàng, giữa thân có sọc rộng màu trắng không rõ ràng, vây hậu môn có một vết đen
Sinh thái: Thường sống ở các rạn san hô theo từng cặp với độ sâu ghi nhận là 1-25m, thức ăn chủ yếu của loài này là cá nhỏ và động vật không xương sống ở đáy
Phân bố:
Thế giới: Ghi nhận ở các vùng biển nhiệt đới Tây Thái Bình Dương
Việt Nam: Vùng biển khu vực Nha Trang, Trường Sa,..",Khu trưng bày đa dạng sinh học biển
53,Cá biển,E.57157,Pomacentridae,Amphiprion frenatus,"Brevoort, 1856",Cá Khoang cổ đỏ,Đá Lớn,06.04.2021,09°59'46.1,113°50'39.1,1,,,1,,1,"Cá Khoang cổ đỏ 
Tomato clownfish

Đặc điểm: Loài cá này có một dải sọc trắng ngay sau mắt. Cá cái gần như có màu đen ở hai bên thân, trừ vùng mõm, ngực, bụng và các vây là màu đỏ. Cá đực lại không có màu đen, thay vào đó là đỏ hoàn toàn và có kích thước nhỏ hơn cá cái. Amphiprion frenatus có chiều dài cơ thể tối đa được ghi nhận là 14 cm, số gai ở vây lưng: 9–10; Số tia vây ở vây lưng: 16–18; Số gai ở vây hậu môn: 2; Số tia vây ở vây hậu môn: 13–15
Sinh học, sinh thái: Trong tự nhiên, cá thường sống ở các rạn san hô, đầm phá ở độ sâu 0-12m,  cá khoang cổ đỏ cộng sinh với hải quỳ và không bị ảnh hưởng bởi các xúc tu của hải quỳ. Cá khoang cổ đỏ thụ tinh ngoài. Là loài lưỡng tính tuần tự ,khi còn nhỏ chúng phát triển thành con đực trước tiên. Trưởng thành, chúng trở thành con cái.
Phân bố:
Thế giới: Nhật Bản, Biển Đông, Malaysia, ...
Việt Nam: Khánh Hòa (Trường Sa)",Khu trưng bày đa dạng sinh học biển
54,Cá biển,E.57158,Scaridae,Scarus psittacus,"Forsskål, 1775",Cá Mó thường,Đá Lớn,06.04.2021,09°59'46.1,113°50'39.1,1,,,1,,1,"Cá Mó thường
Common parrotfish

Đặc điểm:
D. IX, 10; A. III, 9;
Có chiều dài cơ thể tối đa là 34 cm, vây đuôi của cá đực lõm sâu hơn ở cá cái, tạo thành hình lưỡi liềm, có răng nanh ở phía sau phiến răng của hàm trên. Cá cái màu nâu đỏ hoặc nâu xám, phớt màu cam ở ngực và bụng, vùng mõm nhạt hơn đầu, có đốm đen ở gốc vây ngực và một đốm nâu sẫm ở màng vây lưng thứ nhất. Cá đực có màu xanh lục với các vạch màu hồng cam trên vảy, mõm có màu tím, bao quanh miệng là một dải màu xanh lam kéo dài thành một vệt sọc, vây lưng và vây hậu môn cùng hai thùy đuôi có viền xanh lam; thường có màu vàng ở cuống đuôi
Sinh thái: Chúng thường sống ở các bãi đá ngầm, rạn san hô viền bờ và rạn san hô trong các đầm phá ở độ sâu đến 30 m, thức ăn chủ yếu là tảo
Phân bố:
Thế giới: Tây Úc, quần đảo Hawaii, Nhật Bản,..
Việt Nam: Vùng biển Khánh Hòa, Ninh Thuận,..",Khu trưng bày đa dạng sinh học biển
55,Cá biển,E.57159,Scaridae,Scarus schlegeli,"(Bleeker, 1861)",Cá Mó vằn vàng,Đá Lớn,06.04.2021,09°59'46.1,113°50'39.1,1,,,1,,1,"Cá Mó vằn vàng
Yellowband parrotfish

Đặc điểm:
D. IX, 10; A. III, 9;
Chiều dài cơ thể tối đa là 40 cm. Vây đuôi bo tròn ở cá cái, cụt ở cá đực nhưng hai thùy đuôi phát triển dài hơn. Cá đực có màu xanh lục sẫm, vùng lưng trước sáng màu hơn, trên lưng ở có một hoặc hai vệt đốm màu vàng, kéo dài về phía bụng thành một hoặc hai vệt sọc màu xanh sáng ở giữa thân, vảy có các vạch màu hồng, vây lưng và vây hậu môn cùng hai thùy đuôi có dải viền xanh lam. Cá cái màu nâu đỏ hoặc nâu sẫm, thường có các dải màu nhạt ở hai bên thân.
Sinh thái: Môi trường sống thường là các rạn san hô viền bờ và rạn san hô trong các đầm phá, độ sâu được tìm thấy đến 50 m, nhưng thường phổ biến ở độ sâu khoảng 25 m, thức ăn chủ yếu là tảo.
Phân bố:
Thế giới: Phạm vi phân bố vùng biển nhiệt đới khu vực Ấn Độ Dương-Thái Bình Dương
Việt Nam: Ghi nhận tại vùng biển Nha Trang, Trường Sa,..",Khu trưng bày đa dạng sinh học biển
56,Cá biển,E.57160,Balistidae,Rhinecanthus rectangulus,"(Bloch & Schneider, 1801)",Cá Bò da láng,Đá Lớn,07.04.2021,10°01'26.8,113°50'42.2,,,,1,,1,"Cá Bò da láng
Wedge-tail triggerfish

Đặc điểm:
D. III, 22-25; A20-22;
Chiều dài lớn nhất ghi nhận là 30cm. Bụng, ngực và cằm có màu trắng, màu nâu xám ở phần thân còn lại, dải đen từ mắt lan rộng xuống vây hậu môn, băng qua gốc vây ngực, giữa hai mắt có các sọc xanh lam, thân sau có cặp sọc màu vàng tạo thành hình tam giác. Cuống đuôi có vệt đen hình tam giác, viền vàng, môi trên có một vệt sọc xanh. Cuống đuôi có 4 (hiếm khi 5) hàng gai nhỏ
Sinh thái: Loài cá này thường sống ở độ sâu khoảng 10–20 m trên nền đáy đá trộn lẫn san hô, là loài ăn tạp, thức ăn của chúng bao gồm tảo, vụn hữu cơ, các loài nhuyễn thể, giáp xác, cầu gai, san hô, sống đuôi, hải miên, trùng lỗ cũng như những loài cá nhỏ hơn
Phân bố:
Thế giới:  bố rộng khắp khu vực Ấn Độ Dương - Thái Bình Dương
Việt Nam: Ghi nhận tại quần đảo Hoàng Sa và Trường Sa.",Khu trưng bày đa dạng sinh học biển
57,Cá biển,E.57161,Labridae,Thalassoma lunare,"(Linnaeus, 1758)",Cá Bàng Chài đầu đen,Đá Lớn,07.04.2021,10°01'26.8,113°50'42.2,1,,1,1,,1,"Cá Bàng Chài đầu đen
Moon wrasse

Đặc điểm:
D. 8, 13; A. III, 11;
Chiều dài cơ thể tối đa là 45 cm, Cá trưởng thành có cơ thể màu xanh lục, nhưng cá đực sẫm màu xanh lam hơn, đặc biệt là trong quá trình tán tỉnh. Mỗi bên thân có các vạch sọc đứng màu đỏ trên vảy. Đầu có các vệt màu hồng tím. Thùy đuôi có màu hồng tím viền xanh óng, phần còn lại của đuôi màu vàng tươi. Vây ngực màu lam với một vệt đốm màu tím ở giữa. Cá con có màu ô liu (nâu lục) với một đốm đen ở giữa vây lưng và một đốm tương tự giữa cuống đuôi
Sinh thái: sống gần các rạn san hô viền bờ và trong các đầm phá ở độ sâu đến 30 m, sống đơn độc hoặc hợp thành từng nhóm. Thức ăn chủ yếu là các loài thủy sinh không xương sống và trứng cá, nhưng chúng cũng có thể ăn các loài cá nhỏ hơn
Phân bố:
Thế giới: Nhật Bản, Trung Quốc, Philippin, Inđônêxia, Micrônêxia, Ôxtrâylia, Papua Niu Ghine, Đông châu Phi, Biển Đỏ.
Việt Nam: Vịnh Bắc Bộ, Cù Lao Chàm, Nha Trang, Cù Lao Cau, Côn Đảo, Phú Quốc (Kiên Giang) và quần đảo Trường Sa",Khu trưng bày đa dạng sinh học biển
58,Cá biển,E.57162,Lutjanidae,Lutjanus kasmira,"(Forsskål, 1775)",Cá Hồng bốn sọc,Đá Lớn,07.04.2021,10°01'26.8,113°50'42.2,,,,1,,1,"Cá Hồng bốn sọc
Common bluestripe snapper

Đặc điểm:
D. X, 13-15; A. III, 8
Chiều dài cơ thể lớn nhất được ghi nhận ở cá hồng bốn sọc là 40 cm, thường thấy với chiều dài trung bình khoảng 25 cm, loài này có màu vàng tươi, chuyển dần sang màu trắng ở bụng và dưới đầu. Hai bên thân có 4 sọc xanh lam óng với nhiều sọc xám nhạt ở phần thân dưới cùng , các vây có màu vàng.
Sinh thái:Cá hồng bốn sọc sống tập trung gần các rạn san hô, được quan sát ở độ sâu khoảng 3–265 m (thường thấy trong khoảng 30–150 m); cá con sống trong các thảm cỏ biển. Thức ăn của chúng bao gồm cá nhỏ hơn, động vật chân đầu, động vật giáp xác và động vật phù du, cũng ăn cả tảo. Chúng có thể hợp thành đàn lớn, lên đến vài trăm cá thể
Phân bố:
Thế giới: Có phân bố rộng khắp vùng Ấn Độ Dương - Thái Bình Dương
Việt Nam: Vùng biển Nha Trang, Trường Sa, Côn Đảo, Phú Quốc,..",Khu trưng bày đa dạng sinh học biển
61,Cá biển,E.57165,Chaetodontidae,Chaetodon citrinellus,"Cuvier, 1831",Cá Bướm vảy xanh,Đá Lớn,09.04.2021,09°59'37.5,113°50'54.8,,,,1,,1,"Cá Bướm vảy xanh
Speckled butterflyfish

Đặc điểm:
D. XIII - XIV, 20-22; A. III, 16 - 17
Một loài cá bướm nhỏ, với chiều dài lớn nhất được ghi nhận có chiều dài 13cm, cơ thể có màu vàng nhạt được bao phủ bởi những đốm đen nhỏ có một vạch đen từ gai vây lưng đầu tiên xuyên qua mắt và một viền đen trên vây hậu môn
Sinh thái: Sống ở các rạn san hô, nhưng thường được tìm thấy ở vùng nước nông từ 1 – 10 m và ăn tảo sợi, polyp san hô mềm, giun, hải quỳ, động vật giáp xác, bọt biển,.., và các động vật không xương sống khác
Phân bố:
Thế giới: Ấn Độ Dương-Thái Bình Dương: Đông Phi đến các đảo Hawaii, Marquesan và Tuamoto, phía bắc đến phía nam Nhật Bản và Quần đảo Ogasawara, phía nam đến New South Wales (Úc) và Đảo Lord Howe
Việt Nam: Khánh Hòa, Phú Yên, Ninh Thuận, Bình Thuận",Khu trưng bày đa dạng sinh học biển
62,Cá biển,E.57166,Labridae,Epibulus insidiator,"(Pallas, 1770)",Cá Bàng Chài hàm dài,Đá Lớn,09.04.2021,09°59'37.5,113°50'54.8,1,,,1,,1,"Cá Bàng Chài hàm dài
Sling-jaw wrasse

Đặc điểm:
D. IX-X, 9-11; A. III, 8-9
Chiều dài tối đa của loài cá bàng chài này là 54cm. Cá Slingjaw sở hữu phần hàm khá là đặc biệt, phần hàm của chúng có thể kéo dài tới 27 cm khi cần bắt lấy con mồi. Đây chính là vũ khí bí mật đầy lợi hại của loài cá này. Con đực có màu nâu xám với lưng màu cam, viền vảy sẫm màu, sọc dọc màu vàng ở bên hông và đầu màu xám nhạt với một sọc đen hẹp xuyên qua mắt. Con cái có màu vàng sáng hoặc nâu sẫm. Con non có màu nâu với các sọc trắng hẹp ở hai bên và các sọc trắng tỏa ra từ mắt.
Sinh thái: Chúng thường sống ở khu vực có nhiều san hô, đầm phá, hoặc các bãi đá. Chúng ăn các loài giáp xác nhỏ sống trong san hô và cá nhỏ. Đây là loài lưỡng tính (cá thể cái chuyển thành đực)
Phân bố:
Thế giới: Ấn Độ Dương-Thái Bình Dương: Biển Đỏ đến Nam Phi các đảo Hawaii và Tuamoto, Nhật Bản,..
Việt Nam: Khánh Hòa, Đà Nẵng,..",Khu trưng bày đa dạng sinh học biển
63,Cá biển,E.57167,Labridae,Halichoeres hortulanus,"(Lacepède, 1801)",Cá Bàng Chài vân vuông,Đá Lớn,09.04.2021,09°59'37.5,113°50'54.8,,,,1,,1,"Cá Bàng Chài vân vuông
Checkerboard wrasse

Đặc điểm: 
D. IX, 11; A. III, 11.
Cá Bàng chài vân vuông có chiều dài cơ thể lớn nhất được ghi nhận là 27 cm, con đực có màu xanh lục với các vảy ở giữa màu xanh đậm tạo thành hình ca-rô, đầu màu xanh lá cây với các sọc đứt quãng màu đỏ, vạch sáng rộng phía sau vây ngực, đuôi màu xanh lam và đốm màu vàng ở lưng bên dưới điểm bắt đầu của vây lưng. Con cái có các sọc đen hình chữ nhật dọc trên vảy tạo thành các đường ca rô đen trắng ở mặt trên, các vết hình chữ nhật ở phía dưới cơ thể bị thay bằng các đốm nhỏ, hai đốm màu vàng và đốm đen lớn ở lưng, đầu màu vàng với các đường màu hồng và vây lưng và vây đuôi có màu vàng. Con non có sọc đen trắng, đốm vàng quanh đầu, viền vàng ở vây lưng và đuôi màu vàng.
Sinh thái: thường gặp trên các dải cát của đầm phá san hô, vùng rạn hướng ra khơi, có độ sâu đến 30m, chúng cũng xuất hiện ở các trũng dọc sườn dốc rạn.
Phân bố: 
Thế giới: vùng biển Ấn Độ - Thái Bình Dương: nam Biển Đỏ đến vịnh Sodwana, Nam Phi, phía đông đến quần đảo Line, Marquesas và Tuamoto, phía bắc đến nam Nhật Bản, phía nam đến rạn san hô Great Barrier Reef (Úc). 
Việt Nam: vùng rạn san hô ven bờ và các đảo từ Quảng Ninh đến Kiên Giang, quần đảo Trường Sa.",Khu trưng bày đa dạng sinh học biển
64,Cá biển,E.57168,Labridae,Halichoeres margaritaceus,"(Quoy & Gaimard, 1834)",Cá Bàng Chài macga,Đá Lớn,09.04.2021,09°59'37.5,113°50'54.8,,,,1,,1,"Cá Bàng Chài macga
Pink-belly wrasse

Đặc điểm:
D. IX, 11; A. III, 11
Cá Bàng chài macga có chiều dài cơ thể lớn nhất được ghi nhận là 13 cm. Con cái cơ thể có màu xanh nâu đến hơi hồng ở trên và nhạt ở dưới. Chúng có các đốm trắng ở hai bên và một vùng màu hồng ở phía dưới bụng. Có một đốm đen phía sau mắt và một đốm đen khác ở ""góc"" phía trên của nắp mang. Giữa vây lưng có một đốm đen có viền màu vàng hoặc xanh. Con đực có màu xanh lục với các đốm đỏ cam. Chúng thiếu các mảng màu trắng và đỏ của con cái
Sinh thái: 
Phân bố:
Thế giới: Có phạm vi phân bố Ấn Độ Dương-Thái Bình Dương: Đảo Cocos ở phía đông Ấn Độ Dương đến đảo Line và Tuamoto, phía bắc đến phía nam Nhật Bản, phía nam đến New South Wales và đảo Lord Howe,..
Việt Nam:  Loài cá Bàng chài này được ghi nhận tại Lý Sơn (Quảng Ngãi); cù lao Chàm (Quảng Nam); bờ biển Phú Yên; vịnh Nha Trang (Khánh Hòa); bờ biển Ninh Thuận; cù lao Cau (Bình Thuận); đảo Phú Quốc và quần đảo An Thới (Kiên Giang); Côn Đảo; cũng như tại quần đảo Hoàng Sa và quần đảo Trường Sa.",Khu trưng bày đa dạng sinh học biển
65,Cá biển,E.57169,Mullidae,Parupeneus multifasciatus,"(Quoy & Gaimard, 1825)",Cá Phèn nhiều sọc,Đá Lớn,09.04.2021,09°59'37.5,113°50'54.8,1,,,1,,1,"Cá Phèn nhiều sọc
Manybar goatfish

Đặc điểm: 
D. VIII, 9; A. I, 7;
Cá phèn nhiều sọc có chiều dài có thể lên đến 35 cm, có râu dài, có màu xám nhạt đến đỏ nâu với các vạch màu đỏ sẫm đến đen và trắng xen kẽ có chiều rộng khác nhau và một vạch sẫm phía sau mắt.
Sinh thái: Sống ở vùng rạn san hô, đến độ sâu 60m. Chúng thường tập hợp thành đàn trên các dải cát, cũng như san hô chết. Thức ăn chủ yếu là cua nhỏ, tôm, tôm tít, cá, giun nhiều tơ…
Phân bố:
Thế giới:  Thái Bình Dương; từ đảo Christmas (đông Ấn Độ Dương) đến các đảo Hawaii, Line, Marquesan và Tuamoto, phía bắc đến nam Nhật Bản, phía nam đến các đảo Lord Howe và Rapa.
Việt Nam: vịnh Bắc Bộ, Trung Bộ đến vùng biển Tây Nam.",Khu trưng bày đa dạng sinh học biển
66,Cá biển,E.57170,Scaridae,Chlorurus sordidus,"(Forsskål, 1775)",Cá Mó xám,Đá Lớn,09.04.2021,09°59'37.5,113°50'54.8,,,,1,,1,"Cá Mó xám
Daisy parrotfish

Đặc điểm:
D. IX, 10; A. III, 9
Có chiều dài cơ thể tối đa ghi nhận là 40cm. Thân thuôn dài, hình bầu dục, mõm tròn. Vây đuôi cụt, hơi lõm ở nhiều cá thể đực lớn. Màu sắc ở cá khác nhau ở các giai đoạn và khác nhau giữa cá thể đực và cái: cá con màu nâu sẫm với các sọc ngang màu trắng đến vàng nhạt, con đực có thân màu xanh lục lam sẫm với các vạch màu hồng tím trên vảy. Đầu và cuống đuôi có màu xanh sáng hơn thân. Trên mõm có một dải màu tím nổi bật. Trên môi và dưới cằm có các vệt màu xanh. Hai bên má có thể có màu vàng lục, con cái có màu nâu đỏ (đỏ tươi ở quanh miệng và vùng dưới đầu), có các hàng đốm trắng dọc hai bên thân. Một vùng màu trắng chứa một đốm nâu bên trong thường xuất hiện ở cuống đuôi. Vùng trắng này và các hàng đốm trắng có thể biến mất và nhanh chóng xuất hiện trở lại
Sinh thái: Sống gần các rạn san hô, đầm phá ở độ sâu dưới 50 m; cá con có thể sống trong các thảm cỏ biển, chúng thường sống tập trung thành đàn và kiếm ăn xung quanh rạn san hô. Đây là loài lưỡng tính, cá đực được biến đổi từ cơ thể cá cái.
Phân bố:
Thế giới: có phạm vi trải rộng trên khắp khu vực Ấn Độ Dương - Thái Bình Dương, Biển Đỏ, vịnh Ba Tư, Ấn Độ, Indonesia,..
Việt Nam: Khánh Hòa",Khu trưng bày đa dạng sinh học biển
67,Cá biển,E.57171,Balistidae,Melichthys vidua,"(Richardson, 1845)",Cá Bò vảy góc,Nam Yết,12.04.2021,10°10'43.0,114°20'49.6,1,,,1,,1,"Cá Bò vảy góc
Pinktail triggerfish

Đặc điểm: 
D. III, 31-35; A., 27-31
Chiều dài cơ thể lớn nhất được ghi nhận là 40 cm, cơ thể có màu nâu sẫm, gần như đen hoàn toàn. Phần mõm có màu vàng cam, vây lưng sau và vây hậu môn trắng đục với viền đen, vây ngực màu vàng, vây đuôi trắng ở gốc, ra xa ửng hồng. Cá con có các sọc đen xung quanh mắt, vây lưng sau và vây hậu môn có các sọc ngang màu đen.
Sinh thái: Thường sống trên vùng rạn san hô hướng ra khơi, có hợp phần động vật không xương sống phong phú, độ sâu đến 60m. Thức ăn chủ yếu là tảo và vụn hữu cơ, nhưng chúng cũng có thể ăn cả giáp xác, nhuyễn thể, hải miên và cá nhỏ
Phân bố: 
Thế giới: Ấn Độ-Thái Bình Dương: Đông Phi đến Natal (Nam Phi), phía đông đến quần đảo Hawai, Marquesas và Tuamoto phía bắc đến nam Nhật Bản, phía nam đến Great Barrier Reef  (Úc) và New Caledonia.
Việt Nam: vịnh Bắc Bộ, Trung Bộ đến vùng biển Tây Nam.",Khu trưng bày đa dạng sinh học biển
69,Cá biển,E.57173,Balistidae,Rhinecanthus rectangulus,"(Bloch & Schneider, 1801)",Cá Bò da láng,Nam Yết,12.04.2021,10°10'43.0,114°20'49.6,1,,,1,,1,"Cá Bò da láng
Wedge-tail triggerfish

Đặc điểm:
D. III, 22-25; A20-22;
Chiều dài lớn nhất ghi nhận là 30cm. Bụng, ngực và cằm có màu trắng, màu nâu xám ở phần thân còn lại, dải đen từ mắt lan rộng xuống vây hậu môn, băng qua gốc vây ngực, giữa hai mắt có các sọc xanh lam, thân sau có cặp sọc màu vàng tạo thành hình tam giác. Cuống đuôi có vệt đen hình tam giác, viền vàng, môi trên có một vệt sọc xanh. Cuống đuôi có 4 (hiếm khi 5) hàng gai nhỏ
Sinh thái: Loài cá này thường sống ở độ sâu khoảng 10–20 m trên nền đáy đá trộn lẫn san hô, là loài ăn tạp, thức ăn của chúng bao gồm tảo, vụn hữu cơ, các loài nhuyễn thể, giáp xác, cầu gai, san hô, sống đuôi, hải miên, trùng lỗ cũng như những loài cá nhỏ hơn
Phân bố:
Thế giới:  bố rộng khắp khu vực Ấn Độ Dương - Thái Bình Dương
Việt Nam: Ghi nhận tại quần đảo Hoàng Sa và Trường Sa.",Khu trưng bày đa dạng sinh học biển
70,Cá biển,E.57174,Labridae,Cheilinus fasciatus,"(Bloch, 1791)",Cá Bàng Chài sọc ngang,Nam Yết,12.04.2021,10°10'43.0,114°20'49.6,,,,1,,1,"Cá Bàng Chài sọc ngang
Redbreasted wrasse

Đặc điểm: 
Loài cá Bàng Chài sọc ngang có D. IX, 10; A. III, 8, chiều dài thân chuẩn cá gấp 2,35 đến 2,6 lần chiều cao thân. Hàm dưới cá trưởng thành có 2 răng nanh lớn, khỏe. Toàn thân cá với hai màu chủ đạo: đỏ cam và đen, với 6 vạch đen trên thân và 1 vạch trên đuôi. Phần thân dưới, vây lưng, vây hậu môn và nửa sau của vây đuôi có những chấm nhỏ màu cam sẫm đến đỏ.
Sinh thái: Thường được thấy ở các rạn san hô hay nền đáy sỏi cát, ở độ sâu 4-60m. Thức ăn của cá Bàng chài sọc ngang là các loài thủy sinh không xương sống có vỏ cứng, bao gồm động vật thân mềm, động vật giáp xác và cầu gai nhờ sở hữu bộ hàm chắc khỏe
Phân bố: 
Thế giới: Ấn Độ Dương - Thái Bình Dương, biển Đỏ, Nhật Bản,..
Việt Nam: Trường Sa (Khánh Hòa), Kiên Giang, Ninh Thuận, Phú Yên",Khu trưng bày đa dạng sinh học biển
71,Cá biển,E.57175,Labridae,Oxycheilinus unifasciatus,"(Streets, 1877)",Cá Bàng Chài vòng đuôi,Nam Yết,12.04.2021,10°10'43.0,114°20'49.6,,,,1,,1,"Cá Bàng Chài vòng đuôi
Ringtail maori wrasse

Đặc điểm:
D. IX, 10; A. III, 8;
Có chiều dài cơ thể tối đa được ghi nhận là 46 cm. Loài này đa dạng màu sắc, thường là màu nâu tía hoặc màu ô liu với một dải trắng bao quanh cuống đuôi. Đầu có các vệt sọc màu đỏ cam bao quanh mắt, và có cặp sọc ngang song song nổi bật ở trên má. Vây bụng và vây lưng trước có đốm lớn.
Sinh thái: sống gần các rạn san hô viền bờ và rạn san hô trong các đầm phá ở độ sâu đến 161 m, thức ăn chủ yếu là giáp xác và cá nhỏ.
Phân bố:
Thế giới: có phạm vi phân bố rộng khắp Tây và Trung Thái Bình Dương, nhưng thưa thớt ở Đông Ấn Độ Dương
Việt Nam: Khánh Hòa, bờ biển Ninh Thuận, đảo đá ngoài khơi Bình Thuận, đảo Lý Sơn (Quảng Ngãi), cũng như tại quần đảo Hoàng Sa.",Khu trưng bày đa dạng sinh học biển
72,Cá biển,E.57176,Labridae,Oxycheilinus digramma,"(Lacepède, 1801)",Cá Bàng Chài má vạch,Nam Yết,12.04.2021,10°10'43.0,114°20'49.6,,,,1,,1,"Cá Bàng Chài má vạch
Cheeklined wrasse

Đặc điểm:
D. IX, 10; A. III, 8
Chiều dài cơ thể tối đa được ghi nhận là 40 cm, loài này đa dạng màu sắc, nhưng thường được quan sát phổ biến là kiểu màu nâu xám và xanh ô liu (bên cạnh đó là các kiểu màu đỏ nâu hoặc đỏ phớt hồng). Nửa thân dưới thường có màu đỏ cam, vảy có các vạch màu đỏ cam, đầu có màu xanh lục xám với khoảng 8 vạch sọc màu nâu sẫm ở dưới đầu; nửa đầu trên có các vệt đốm cùng màu, cá con có hai dải trắng dọc theo chiều dài cơ thể
Sinh thái: Chúng sống xung quanh các rạn san hô viền bờ và rạn san hô trong các đầm phá ở độ sâu đến ít nhất là 120m. Thức ăn của chúng là các loài nhuyễn thể có vỏ cứng, giáp xác và da gai, thường sống đơn độc, nhưng lại được quan sát bơi trong đàn của các loài cá phèn.
Phân bố:
Thế giới: phân bố rộng rãi trên khắp Ấn Độ Dương - Thái Bình Dương, băng qua vùng biển các nước Đông Nam Á và trải dài về phía đông đến nhiều đảo quốc thuộc châu Đại Dương .
Việt Nam: ghi nhận tại vịnh Nha Trang (Khánh Hòa), bờ biển Ninh Thuận,  đảo đá ngoài khơi Bình Thuận, quần đảo An Thới (Kiên Giang), đảo Phú Quốc, cũng như tại quần đảo Trường Sa và quần đảo Hoàng Sa",Khu trưng bày đa dạng sinh học biển
73,Cá biển,E.57177,Mullidae,Parupeneus cyclostomus,"(Lacepède, 1801)",Cá Phèn vàng,Nam Yết,12.04.2021,10°10'43.0,114°20'49.6,1,,,1,,1,"Cá Phèn vàng
Gold-saddle goatfish

Đặc điểm:
D. VIII, 9; A. I, 7
Cá phèn vàng có chiều dài có thể lên đến 50 cm dài, có râu dài, cơ thể thường là màu vàng, phần lưng có ánh xanh nhưng có trường hợp cơ thể có màu vàng hoàn toàn, cá con có màu nâu với một đốm vàng trên cuống đuôi và các đường màu xanh trên đầu.
Sinh thái: Cá Phèn vàng sống đơn độc hoặc theo nhóm ở khu vực rạn san hô hoặc nền đáy đá vụn với độ sâu ghi nhận 0-125m, Nó sử dụng râu của mình để thăm dò các lỗ và đẩy con mồi ra ngoài, thức ăn chủ yếu là các loài cá nhỏ, động vật giáp xác, giun, tôm, cua, bạch tuộc và động vật chân bụng nhỏ
Phân bố:
Thế giới: Ấn Độ Dương-Thái Bình Dương, từ Biển Đỏ đến Nam Phi, Hawaii, hải đảo, quần đảo Ryukyu.
Việt Nam: Vùng biển Khánh Hòa, Bình Thuận,..",Khu trưng bày đa dạng sinh học biển
74,Cá biển,E.57178,Labridae,Gomphosus varius,"Lacepède, 1801",Cá Bàng Chài mỏ chim,Nam Yết,14.04.2021,10°10'35.9,114°21'45.5,1,,,1,,1,"Cá Bàng Chài mỏ chim
Bird wrasse

Đặc điểm:
D. VIII, 13-14; A. II-III, 10-13
Cá Bàng chài mỏ chim có chiều dài tối đa là 32cm. Loài cá này có đặc điểm là phần mõm dài và nhọn như mỏ chim nhưng mõm của cá con ngắn hơn rất nhiều. Cá cái có đầu và thân trước màu trắng, lốm đốm những chấm đen trên mỗi vảy, chuyển dần sang màu xám ở thân giữa, sẫm đen ở thân sau và toàn bộ vây đuôi; vùng trên của mõm có màu đỏ, kéo dài thành sọc đen băng qua mắt; vây đuôi hơi bo tròn, có dải viền màu trắng xám ở rìa sau. Cá đực có màu xanh lục lam sẫm với một vệt màu vàng lục ở sau đầu, trên gốc vây ngực; mỗi vảy trên thân có một vạch màu đỏ; vây đuôi cụt, có một dải màu xanh lam sáng hình bán nguyệt ở rìa sau. Cá con có lưng màu xanh lục (hơi nâu) với 2 dải sọc ngang màu đen ở mỗi bên thân (một sọc băng qua mắt, sọc còn lại nằm trên bụng); phần thân còn lại có màu trắng
Sinh thái: Loài cá Bàng chài mỏ chim này sống gần những rạn san hô viền bờ và trong các đầm phá ở độ sâu đến dưới 35m, cá con đôi khi được ghi nhận trong các thảm cỏ biển. Thức ăn của chúng chủ yếu là các loài thủy sinh không xương sống, đặc biệt là những động vật giáp xác, đôi khi chúng ăn cả những con cá nhỏ hơn, loài cá này có thể sống đơn độc hoặc hợp thành những nhóm nhỏ
Phân bố:
Thế giới: Cá Bàng chài mỏ chim phân bố rộng rãi ở Tây và Trung Thái Bình Dương, nhưng ít phổ biến hơn ở Đông Ấn Độ Dương. Loài này được ghi nhận ở hầu hết vùng biển thuộc các nước Đông Nam Á
Việt Nam: Khánh Hòa",Khu trưng bày đa dạng sinh học biển
75,Cá biển,E.57179,Scaridae,Chlorurus sordidus,"(Forsskål, 1775)",Cá Mó xám,Nam Yết,14.04.2021,10°10'35.9,114°21'45.5,1,,,1,,1,"Cá Mó xám
Daisy parrotfish

Đặc điểm:
D. IX, 10; A. III, 9
Có chiều dài cơ thể tối đa ghi nhận là 40cm. Thân thuôn dài, hình bầu dục, mõm tròn. Vây đuôi cụt, hơi lõm ở nhiều cá thể đực lớn. Màu sắc ở cá khác nhau ở các giai đoạn và khác nhau giữa cá thể đực và cái: cá con màu nâu sẫm với các sọc ngang màu trắng đến vàng nhạt, con đực có thân màu xanh lục lam sẫm với các vạch màu hồng tím trên vảy. Đầu và cuống đuôi có màu xanh sáng hơn thân. Trên mõm có một dải màu tím nổi bật. Trên môi và dưới cằm có các vệt màu xanh. Hai bên má có thể có màu vàng lục, con cái có màu nâu đỏ (đỏ tươi ở quanh miệng và vùng dưới đầu), có các hàng đốm trắng dọc hai bên thân. Một vùng màu trắng chứa một đốm nâu bên trong thường xuất hiện ở cuống đuôi. Vùng trắng này và các hàng đốm trắng có thể biến mất và nhanh chóng xuất hiện trở lại
Sinh thái: Sống gần các rạn san hô, đầm phá ở độ sâu dưới 50 m; cá con có thể sống trong các thảm cỏ biển, chúng thường sống tập trung thành đàn và kiếm ăn xung quanh rạn san hô. Đây là loài lưỡng tính, cá đực được biến đổi từ cơ thể cá cái.
Phân bố:
Thế giới: có phạm vi trải rộng trên khắp khu vực Ấn Độ Dương - Thái Bình Dương, Biển Đỏ, vịnh Ba Tư, Ấn Độ, Indonesia,..
Việt Nam: Khánh Hòa",Khu trưng bày đa dạng sinh học biển
76,Cá biển,E.57180,Cirrhitidae,Cirrhitus pinnulatus,"(Forster, 1801)",Cá Ông chấm mắt cao,Nam Yết,16.04.2021,10°11'06.5,114°21'48.5,,,,1,,1,"Cá Ông chấm mắt cao
Stocky hawkfish

Đặc điểm: 
D. X, 11; A. III, 6
Cá Ông chấm mắt cao có chiều dài tối đa là 30cm, đầu có mõm ngắn, cùn và miệng lớn kéo dài đến tận mép sau của mắt và có một gờ xương thấp phía trên. Cơ thể có màu nâu với các đốm trắng và các đốm nâu đỏ không đều trên cơ thể. Đầu có các đường và đốm hình sin màu đỏ cam. Có một đốm đen giống như yên ngựa ở phần lưng của cuống đuôi
Sinh thái: Sống trong rạn san hô và rạn đá ven bờ, có độ sâu 0-23m, thường gặp ở độ sâu 1-3m. Chúng là loài săn mồi với thức ăn chủ yếu là cua và giáp xác nhỏ, cá và sao biển có kích thước nhỏ.
Phân bố: 
Thế giới: vùng biển Ấn Độ - Thái Bình Dương:  Biển Đỏ và Đông Phi đến  quần đảo Marquesas và Mangaréva, phía bắc đến nam Nhật Bản và quần đảo Hawaii, phía nam đến quần đảo Kermadec và Rapa. 
Việt Nam: vùng rạn đá, rạn san hô ven bờ và các đảo từ Quảng Ninh đến Kiên Giang, quần đảo Trường Sa.",Khu trưng bày đa dạng sinh học biển
77,Cá biển,E.57181,Holocentridae,Sargocentron caudimaculatum,"(Rüppell, 1838)",Cá Sơn đá chấm đuôi,Nam Yết,16.04.2021,10°11'06.5,114°21'48.5,1,,,1,,1,"Cá Sơn đá chấm đuôi
Silverspot squirrelfish

Đặc điểm:
D. XI, 13-15; A. IV, 8-9;
Chiều dài lớn nhất là 25cm, thân hình bầu dục, dẹp bên, đầu to vừa, mõm ngắn. Thân có màu đỏ tươi, trên xương nắp mang có một sọc trắng nằm ngang, gai vây lưng màu đỏ tươi, các vây trong mờ, có viền đỏ, vây ngực nhỏ, vây đuôi dạng chẻ.
Sinh thái: Thường sống ở các rạn san hô, đầm phá và các rạn xa bờ có độ sâu từ 2-40m, có thể sống đơn độc hoặc theo nhóm, chúng là loài hoạt động về đêm, thức ăn chủ yếu là cua và tôm.
Phân bố:
Thế giới:  phân bố rộng khắp vùng Ấn Độ Dương - Thái Bình Dương, từ Biển Đỏ dọc theo Đông Phi, trải dài về phía đông đến quần đảo Line và Polynésie thuộc Pháp,..
Việt Nam: ghi nhận tại cù lao Chàm, đảo Lý Sơn, ngoài khơi Bình Thuận, vịnh Nha Trang, Côn Đảo, quần đảo Hoàng Sa và quần đảo Trường Sa",Khu trưng bày đa dạng sinh học biển
78,Cá biển,E.57182,Labridae,Cheilinus trilobatus,"Lacepède, 1801",Cá Bàng Chài đuôi ba thùy,Nam Yết,16.04.2021,10°11'06.5,114°21'48.5,,,,1,,1,"Cá Bàng Chài đuôi ba thùy
Tripletail wrasse

Đặc điểm:
D. IX, 10; A. III, 8
Chiều dài lớn nhất được ghi nhận là 45 cm. Chúng có bộ hàm rất chắc, mỗi hàm có hai răng nanh nằm ở phía trước. Loài này có thể nhanh chóng chuyển đổi màu sắc cơ thể tùy thuộc vào môi trường xung quanh, thường bắt gặp với các tông màu nâu xanh lục lốm đốm các vệt đỏ và tím. Vùng đầu có nhiều chấm đỏ, các vạch ngắn cùng màu tập trung quanh mắt. Vảy cá hai bên thân cũng có các vạch dọc màu đỏ nhưng dài hơn. Vây đuôi cá đực trưởng thành đặc biệt có đến ba thùy và được viền đỏ 3 rìa sau, trong khi vây đuôi cá cái được bo tròn. Cá con và cá cái đang lớn có 3–4 đốm đen nổi bật ở hai bên thân, cũng như xuất hiện thêm các dải màu sẫm trên cơ thể. 
Sinh thái: Loài cá này thường sống ven rạn, đầm phá chủ yếu sống ở những nơi có nhiều rạn san hô có độ sâu dưới 30m, những cá thể còn nhỏ có thể tìm thấy trong các thảm tảo hoặc thảm cỏ biển. Thức ăn của cá Bàng chài sọc ngang là các loài thủy sinh không xương sống có vỏ cứng, bao gồm động vật thân mềm, động vật giáp xác,..
Phân bố:
Thế giới: Ấn Độ Dương-Thái Bình Dương: Đông Phi đến các đảo Tuamoto và Austral, phía bắc đến Quần đảo Ryukyu, phía nam đến New Caledonia
Việt Nam: Ở Việt Nam, loài này được ghi nhận tại cù lao Chàm (Quảng Nam), vịnh Vân Phong và vịnh Nha Trang (Khánh Hòa), đảo Phú Quốc, bờ biển Ninh Thuận, đảo Lý Sơn (Quảng Ngãi), quần đảo Nam Du (Kiên Giang), Côn Đảo,cũng như tại quần đảo Hoàng Sa và quần đảo Trường Sa.",Khu trưng bày đa dạng sinh học biển
79,Cá biển,E.57183,Labridae,Halichoeres trimaculatus,"(Quoy & Gaimard, 1834)",Cá Bàng Chài ba đốm,Nam Yết,16.04.2021,10°11'06.5,114°21'48.5,1,,,1,,1,"Cá Bàng Chài ba đốm
Threespot wrasse

Đặc điểm:
D. IX, 11; A. III, 10-11
Cá Bàng chài ba đốm có chiều dài tối đa 27cm. Cá đực trưởng thành có màu vàng lục nhạt với các vạch hồng trên mỗi vảy, đầu màu xanh lục với nhiều vệt sọc hồng tím, có một đốm đen ở cuống đuôi, bao quanh bởi một vệt vàng, phía sau nắp mang (trên gốc vây ngực) cũng có môt đốm đen tương tự nhưng nhỏ hơn (có thể tiêu biến ở nhiều cá thể). Cá cái có màu cơ thể nhạt hơn so với cá đực và có màu trắng ở bụng
Sinh thái: Loài cá Bàng chài này thường sống ở các rạn viền bờ hoặc trong các đầm phá với độ sâu dưới 30m, chúng hoạt động vào ban ngày và vùi mình vào cát để nghỉ ngơi vào ban đêm, thức ăn của chúng chủ yếu bao gồm các loài động vật không xương sống (giáp xác, giun nhiều tơ,..), trứng cá và cá nhỏ, chúng là loài lưỡng tính (đa số là cá cái chuyển đổi thành cá đực nhưng một số trường hợp ngược lại).
Phân bố:
Thế giới: Các quần đảo của Úc, vùng biển các nước Đông Nam Á,..
Việt Nam: Quảng Ninh, Hải Phòng, Quảng Nam, Quảng Ngãi, Ninh Thuận, Khánh Hòa,…",Khu trưng bày đa dạng sinh học biển
80,Cá biển,E.57184,Labridae,Hemigymnus melapterus,"(Bloch, 1791)",Cá Bàng Chài trớt,Nam Yết,16.04.2021,10°11'06.5,114°21'48.5,1,,,1,,1,"Cá Bàng Chài trớt
Blackeye thicklip

Đặc điểm: 
D. IX, 10-11; A. III, 11
Cá Bàng chài trớt có chiều dài tối đa là 90cm, tuy nhiên loài thường gặp chỉ có 37cm. Môi dày, có nhiều vệt hồng quanh mắt. Con đực có màu xanh lục với vảy trên thân có rìa màu đen môi và phần dưới của đầu chủ yếu có màu xanh lam nhạt, ngực và bụng màu trắng hồng. Cá cái nhỏ và cá con đang phát triển có hai màu rõ rệt trên thân: đầu và thân trước có màu xanh lục xám thân sau màu đen, cuống đuôi và vây đuôi màu vàng, thường có 1–2 đốm đen nhỏ ở giữa vây (cá con mới lớn có thêm một dải màu trắng rõ rệt chia tách hai vùng màu trên thân), vảy của cá cái có thêm các vạch màu lục sẫm, chuyển sang màu vàng với các đốm màu xanh lam ở cuống đuôi và vây đuôi. Cá cái trưởng thành có màu sắc gần giống với cá đực: thân sau dần chuyển sang màu lục sẫm, vảy có viền đen, đầu có màu xanh lục sáng
Sinh thái: thường gặp trong các đầm phá san hô và các rạn san hô hướng ra khơi. Con non thường ở trong các san hô cành, con trưởng ở vùng có dạng hỗn hợp san hô, san hô chết, cát, cá kích thước lớn sống ở vùng nước sâu hơn.
Phân bố: 
Thế giới: vùng biển Ấn Độ- Thái Bình Dương: từ Biển Đỏ và Đông Phi đến Micronesia, Samoa và Polynesia. 
Việt Nam: vùng rạn san hô ven bờ và các đảo từ Quảng Ninh đến Kiên Giang.",Khu trưng bày đa dạng sinh học biển
82,Cá biển,E.57186,Labridae,Oxycheilinus unifasciatus,"(Streets, 1877)",Cá Bàng Chài vòng đuôi,Nam Yết,16.04.2021,10°11'06.5,114°21'48.5,,,,1,,1,"Cá Bàng Chài vòng đuôi
Ringtail maori wrasse

Đặc điểm:
D. IX, 10; A. III, 8;
Có chiều dài cơ thể tối đa được ghi nhận là 46 cm. Loài này đa dạng màu sắc, thường là màu nâu tía hoặc màu ô liu với một dải trắng bao quanh cuống đuôi. Đầu có các vệt sọc màu đỏ cam bao quanh mắt, và có cặp sọc ngang song song nổi bật ở trên má. Vây bụng và vây lưng trước có đốm lớn.
Sinh thái: sống gần các rạn san hô viền bờ và rạn san hô trong các đầm phá ở độ sâu đến 161 m, thức ăn chủ yếu là giáp xác và cá nhỏ.
Phân bố:
Thế giới: có phạm vi phân bố rộng khắp Tây và Trung Thái Bình Dương, nhưng thưa thớt ở Đông Ấn Độ Dương
Việt Nam: Khánh Hòa, bờ biển Ninh Thuận, đảo đá ngoài khơi Bình Thuận, đảo Lý Sơn (Quảng Ngãi), cũng như tại quần đảo Hoàng Sa.",Khu trưng bày đa dạng sinh học biển
83,Cá biển,E.57187,Lethrinidae,Gnathodentex aureolineatus,"(Lacepède, 1802)",Cá Hè răng đai,Nam Yết,16.04.2021,10°11'06.5,114°21'48.5,,,,1,1,,"Cá Hè răng đai
Striped large-eye bream

Đặc điểm:
D. X, 10; A. III, 8-10.
Cơ thể có chiều dài tối đa là 30cm (thường thấy nhất là 20cm), cơ thể dẹp bên, mõm nhọn và đuôi chẻ, tính theo tỷ lệ với kích thước cơ thể thì loài cá này có mắt to. Cơ thể có màu xám với các sọc ngang màu vàng nằm ngang ở cả 2 bên thân, phía sát lưng màu của sọc đậm hơn, vây có ánh hồng, với một đường màu vàng giống như râu nằm phía trên môi trên, các chỗ nối liền các vây ngực với cơ thể cũng như viền rìa ngoài nắp mang cũng có màu vàng. Đốm màu vàng kim nằm ở phía sau chỗ kết thúc vây lưng là dấu hiệu xác nhận loài này
Sinh thái: Chúng thường sống đơn độc hoặc bơi trong các bầy cá nhỏ ven các rạn san hô. Chúng hoạt động nhiều về ban đêm để kiếm ăn, thức ăn của nó chủ yếu là các động vật không xương sống tầng đáy, như nhiều loài động vật giáp xác và động vật chân bụng, đôi khi cả cá nhỏ.
Phân bố:
Thế giới: Cá Hè răng đai có phạm vi sinh sống trong vùng biển nhiệt đới và cận nhiệt đới thuộc Ấn Độ Dương và Thái Bình Dương, từ vùng ven biển phía đông châu Phi tới các đảo trên Thái Bình Dương như quần đảo Tuamotu, trừ quần đảo Hawaii
Việt Nam: Khánh Hòa, Ninh Thuận,...",Khu trưng bày đa dạng sinh học biển
84,Cá biển,E.57188,Lethrinidae,Lethrinus rubrioperculatus,"Sato, 1978",Cá Hè chấm má,Nam Yết,16.04.2021,10°11'06.5,114°21'48.5,1,,,1,1,,"Cá Hè chấm má
Spotcheek emperor

Đặc điểm:
D. X, 9; A. III, 8.
Chiều dài cơ thể lớn nhất được ghi nhận là 57 cm, thường bắt gặp với chiều dài trung bình khoảng 30 cm. Thân màu xanh lục xám hoặc nâu, lốm đốm các vệt đen nhỏ, môi đỏ, một đốm ở rìa trên nắp mang thường có màu đỏ. Các vây trắng nhạt hoặc phớt hồng. Chúng có thể chuyển sang kiểu hình cơ thể có dạng lốm đốm các vệt trắng hoặc xuất hiện một dải nâu dọc hai bên lườn
Sinh thái: Cá Hè chấm má thường sống gần các rạn san hô, trên nền đáy cát và đá vụn ở rìa ngoài các rạn san hô, độ sâu ghi nhận khoảng 10–198 m. Thức ăn của loài cá này thường là ngao, giáp xác, cá nhỏ, động vật không xương sống, ốcc sên, sao biển, động vật đáy, động vật phù du
Phân bố:
Thế giới: Vùng biển Đông Phi , miền nam Nhật Bản và Đài Loan , Quần đảo Marquesas , New Caledonia và nửa phía bắc của Australia,..
Việt Nam: Quần đảo Hoàng Sa, Trường Sa,..",Khu trưng bày đa dạng sinh học biển
85,Cá biển,E.57189,Pomacentridae,Stegastes obreptus,"(Whitley, 1948)",Cá Thia,Nam Yết,16.04.2021,10°11'06.5,114°21'48.5,1,,,,,,"Cá Thia
Western gregory

Đặc điểm:
D. XIII, 14-16; A. II, 12-14;
Chiều dài thân chuẩn cá gấp 1,7 đến 2,2 lần chiều cao thân. Thân cá và các vây có màu nâu đen đến đen. Viền trước vây bụng và vây hậu môn có màu xanh đen. Môi màu nâu sẫm.
Sinh thái: Chúng thường sống xung quanh các rạn san hô chết hoặc những bãi đá ngầm, những khu vực ít sóng, ở độ sâu khoảng 2 – 10 m. Thức ăn của chúng là rong tảo và các loại động vật không xương sống (giun, giáp xác, ốc biển). Chúng có tập tính sinh sản theo cặp, trứng được đặt trong các hốc đá và được bảo vệ bởi cá đực.
Phân bố: 
Thế giới: Ấn Độ - Thái Bình Dương: Quần đảo Ryukyu, bao gồm Indo-Malayan Archipelago, Tây Úc ở phía bắc Quần đảo Abrolhos; phía đông dọc theo rìa phía bắc của Ấn Độ Dương đến Sri Lanka và Ấn Độ.
Việt Nam: Mẫu thu được ở vùng biển các đảo: Đá Nam, Nam Yết và Thuyền Chài",Khu trưng bày đa dạng sinh học biển
86,Cá biển,E.57190,Serranidae,Epinephelus hexagonatus,"(Forster, 1801)",Cá Mú chấm sao,Nam Yết,16.04.2021,10°11'06.5,114°21'48.5,,,,1,1,,"Cá Mú chấm sao
Starspotted grouper

Đặc điểm: 
D. XI, 15-17; A. III, 8
Loài cá Mú chấm sao có chiều dài thân chuẩn cá gấp 2,8 - 3,5 chiều cao thân, bằng 2,5- 2,6 chiều dài đầu. Toàn thân cá được bao phủ bởi các đốm nâu đa giác (chủ yếu là hình lục giác) có xu hướng hợp nhất; có 4 hoặc 5 vết đen hình yên ngựa màu nâu nâu (hình thành bởi các nhóm đốm đậm hơn) trên phần lưng của thân và cuống đuôi. Các vây có các đốm nâu sẫm hoặc nâu đỏ; vây bụng và vây hậu môn có mép nâu nhạt.
Sinh thái: Cá trưởng thành sống xung quanh các rạn san hô và các bãi đá ngầm ở độ sâu dưới 30m; cá con sống ở vùng nước nông hơn. Thức ăn của cá Mú chấm sao là các loài cá nhỏ hơn, động vật thân mềm và động vật giáp xác
Phân bố: 
Thế giới: Ấn Độ Dương - Thái Bình Dương.
Việt Nam: Mẫu thu được ở vùng biển các đảo: Đá Nam, Nam Yết, Thuyền Chài.",Khu trưng bày đa dạng sinh học biển
87,Cá biển,E.57191,Serranidae,Epinephelus merra,"Bloch, 1793",Cá Mú chấm tổ ong,Nam Yết,16.04.2021,10°11'06.5,114°21'48.5,,,,1,1,1,"Cá Mú chấm tổ ong
Honeycomb grouper

Đặc điểm: Cá Mú
D. XI, 15-17; A. III, 8.
Cá Mú chấm tổ ong trưởng thành có chiều dài cơ thể lớn nhất là 60cm. Thân thuôn dài, hình bầu dục. Cơ thể cá trưởng thành có màu vàng nâu hoặc nâu xám với các chấm màu nâu sẫm hình tổ ong phủ khắp đầu và thân, và cả các vây, đôi khi các đốm dính vào nhau tạo thành các vệt dài. Đuôi bo tròn
Sinh thái: thường gặp trong các đầm phá san hô và các rạn san hô hướng ra khơi, độ sâu phân bố đến 50m. Thức ăn chủ yếu là cá và giáp xác.
Phân bố:
Thế giới: vùng biển Ấn Độ- Thái Bình Dương:  từ Nam Phi đến Polynesia (Pháp), không ghi nhận ở Biển Đỏ và vịnh Persian
Việt Nam: vùng rạn san hô ven bờ và các đảo từ Quảng Ninh đến Kiên Giang.",Khu trưng bày đa dạng sinh học biển
88,Cá biển,E.57192,Serranidae,Epinephelus spilotoceps,"Schultz, 1953",Cá Song chàm,Nam Yết,16.04.2021,10°11'06.5,114°21'48.5,,,,1,1,,"Cá Song chàm
Foursaddle grouper

Đặc điểm:
D. XI, 14-16; A. III, 8.
Cá Song chàm trưởng thành có chiều dài cơ thể lớn nhất được ghi nhận là 35 cm. Thân thuôn dài, hình bầu dục. Cơ thể cá trưởng thành có màu trắng ngà với các đốm màu nâu sẫm và đỏ nâu phủ khắp đầu và thân, được xếp theo mô hình tổ ong. Có 4 đốm đen lớn dọc theo lưng. Vây có các đốm đen. Đuôi bo tròn.
Sinh thái: Cá trưởng thành sống xung quanh các rạn san hô và các bãi đá ngầm ở độ sâu khoảng dưới 30m; cá con sống ở vùng nước nông hơn. Thức ăn của chúng là các loài cá nhỏ hơn, động vật thân mềm và động vật giáp xác
Phân bố:
Thế giới: Cá Song chàm có phạm vi phân bố rộng khắp Ấn Độ Dương và Tây Thái Bình Dương. Loài này được tìm thấy dọc theo bờ biển Đông Phi, từ Kenya đến Mozambique, bao gồm Madagascar và tất các hòn đảo, quần đảo nằm trong Ấn Độ Dương
Việt Nam: ghi nhận tại quần đảo Trường Sa (Khánh Hòa)",Khu trưng bày đa dạng sinh học biển
89,Cá biển,E.57193,Holocentridae,Myripristis kuntee,"Valenciennes, 1831",Cá Sơn đá vằn mang,Nam Yết,16.04.2021,10°11'06.5,114°21'48.5,1,,,1,,1,"Cá Sơn đá vằn mang
Shoulderbar soldierfish

Đặc điểm:
D. XI, 16; A. IV, 14-15
Kích thước lớn nhất 17 cm. Thân hình bầu dục, dẹp bên, đầu tương đối to, mõm ngắn. Thân màu vàng, từ xương nắp mang đến nách vây ngực có 1 sọc nâu đen, phần mút tia vây lưng, vây hậu môn và vây đuôi màu đỏ. Thân phủ vảy lược to, rắn, khó rụng, vây ngực tương đối lớn, vây bụng ở ngang ngực, vây đuôi dạng chẻ.
Sinh thái: Sống ở biển, trong rạn và hồ san hô sâu đến 30 m, thức ăn chủ yếu là phiêu sinh vật.
Phân bố:
Thế giới:Thái Bình Dương: Inđônêxia, Úc, Châu Đại Dương và Đông Phi.
Việt Nam: Biển Đông, quần đảo Trường Sa",Khu trưng bày đa dạng sinh học biển
90,Cá biển,E.57194,Balistidae,Sufflamen chrysopterum,"(Bloch & Schneider, 1801)",Cá Bò họng xanh,Tốc Tan,19.04.2021,08°49'32.2,113°55'18.9,,,,1,,1,"Cá Bò họng xanh
Halfmoon triggerfish

Đặc điểm:
D. III, 26-28; A23-26;
Chiều dài cơ thể tối đa là 30 cm. Cơ thể có màu nâu vàng đến nâu sẫm với một vệt màu vàng lục hoặc trắng xám ở sau mắt, vây đuôi có một vùng tam giác tiệp màu với thân, được viền trắng ở xung quang rìa. Cá con có màu nâu sẫm ở thân trên và trắng ở thân dưới, vệt móng ngựa sẫm màu ở đuôi. Cá đực có vệt dài màu xanh tím từ cằm tới bụng
Sinh thái: Chúng sống tập trung trên các rạn san hô viền bờ ở độ sâu đến 30 m, thức ăn chủ yếu là các động vật không xương sống.
Phân bố:
Thế giới: Có phân bố rộng khắp khu vực Ấn Độ Dương - Thái Bình Dương, từ vịnh Ba Tư xuống Đông Phi, trải dài về phía đông đến quần đảo Samoa, ngược lên phía bắc đến Trung Nhật Bản
Việt Nam:  vịnh Hạ Long (Quảng Ninh), cù lao Chàm (Quảng Nam), đảo Lý Sơn (Quảng Ngãi), bờ biển Ninh Thuận, cù lao Cau và một vài đảo đá ngoài khơi Bình Thuận, vịnh Nha Trang (Khánh Hòa), Côn Đảo, quần đảo Hoàng Sa và quần đảo Trường Sa,..",Khu trưng bày đa dạng sinh học biển
91,Cá biển,E.57195,Labridae,Macropharyngodon negrosensis,"Herre, 1932",Cá Bàng Chài chấm vàng,Tốc Tan,19.04.2021,08°49'32.2,113°55'18.9,,,,1,,,"Cá Bàng Chài chấm vàng
Yellowspotted wrasse

Đặc điểm:
D. IX, 11; A. III, 11
Chiều dài cơ thể tối đa được ghi nhận là 12 cm, cá cái và cá con có màu đen được phủ chi chít những chấm màu vàng tươi đến màu xanh lục lam (có màu trắng khi quan sát ở dưới nước). Vây lưng màu trắng có các vạch sọc đen; vây bụng và vây hậu môn màu đen; vây đuôi trong suốt. Cá đực cũng màu đen với những chấm xanh lục lam phủ dày đặc cơ thể, nhưng đầu có các vệt sọc màu vàng tươi và tím nhạt, rìa trên và dưới của vây đuôi có màu đen; vảy có viền màu sáng nổi bật
Sinh thái: Chúng sống gần các rạn san hô trên nền đáy cát và đá vụn trong các đầm phá, vịnh và vùng biển ngoài khơi ở độ sâu đến 32 m, ăn các loài động vật không xương sống nhỏ ở nền đáy. Chúng thường hợp thành những nhóm nhỏ, bơi gần đáy hoặc bơi theo cặp.
Phân bố:
Thế giới: Phân bố tập trung ở Tây và Trung Thái Bình Dương, nhưng thưa thớt ở Đông Nam Ấn Độ Dương, các vùng biển các nước Đông Nam Á,..
Việt Nam: Ghi nhận tại vùng biển Trường Sa, Ninh Thuận,..",Khu trưng bày đa dạng sinh học biển
92,Cá biển,E.57196,Labridae,Oxycheilinus celebicus,"(Bleeker, 1853)",Cá Bàng Chài celebes,Tốc Tan,19.04.2021,08°49'32.2,113°55'18.9,1,,,1,,1,"Cá Bàng Chài celebes
Celebes wrasse

Đặc điểm:
D. IX, 10; A. III, 8
Chiều dài cơ thể tối đa được ghi nhận là 24 cm, mõm dài và nhọn, có dạng hình nón; phần đầu hơi lõm cá đực và cá cái có màu nâu đỏ, lốm đốm những vệt trắng, đỏ nhạt và nâu sẫm. Đầu có những vệt sọc màu cam bao quanh mắt, các vây lấm chấm đỏ, có một dải sọc đen được ngắt thành các đốm hình vuông ở hai bên thân (sẫm nâu về phía thân sau) và dải trắng bao quanh cuống đuôi
Sinh thái: Cá Bàng chài celebes sống trên các rạn viền bờ ở độ sâu đến ít nhất là 40 m, là loài lưỡng tính tiền nữ, thức ăn của chúng chủ yếu là các loài động vật không xương sống. 
Phân bố:
Thế giới: phân bố tập trung ở Đông Ấn Độ Dương và Tây Thái Bình Dương. Từ quần đảo Mergui (Myanmar), mở rộng đến vùng biển các nước Đông Nam Á
Việt Nam: vùng biển khu vực Hoàng Sa, Trường Sa,..",Khu trưng bày đa dạng sinh học biển
93,Cá biển,E.57197,Priacanthidae,Heteropriacanthus cruentatus,"(Lacepède, 1801)",Cá Trác vây đuôi chấm,Tốc Tan,19.04.2021,08°49'32.2,113°55'18.9,1,,,1,,1,"Cá Trác vây đuôi chấm
Glasseye

Đặc điểm:
D. X, 12-13; A. III, 13-14
Cá Trác vây đuôi chấm có chiều dài lớn nhất được ghi nhận là 57cm. Thân hình bầu dục , dẹt mạnh, miệng lớn, hếch, xiên với hàm dưới nhô ra, không có gai trên đầu, phía sau nắp mang không có vảy, có gờ mảnh, có gai lớn phẳng ở một góc Thường có màu hồng đến đỏ, bao gồm cả vây và mống mắt, đuôi, vây lưng và vây hậu môn có các đốm đen hình elip; vây có thể có màu bạc với các đốm màu đỏ và hồng hoặc các vạch không đều, hoặc phần vây màu vàng với các đốm màu hồng bạc
Sinh thái: Loài cá này thường sống sinh sống ở các rạn san hô nông và dành cả ngày để ẩn náu trong hang động. Chúng sống về đêm và ăn động vật phù du, tôm, ấu trùng cá, mực nhỏ và bạch tuộc.
Phân bố:
Thế giới: Loài cá này có phân bố ở các vùng biển nhiệt đới và cận nhiệt đới thuộc Ấn Độ Dương và Thái Bình Dương
Việt Nam: Vùng biển vịnh Bắc Bộ đến miền Trung Việt Nam",Khu trưng bày đa dạng sinh học biển
94,Cá biển,E.57198,Serranidae,Cephalopholis spiloparaea,"(Valenciennes, 1828)",Cá Mú đỏ dâu,Tốc Tan,19.04.2021,08°49'32.2,113°55'18.9,1,,,1,1,,"Cá Mú đỏ dâu
Strawberry hind

Đặc điểm:
D. IX, 14-16; A. III, 9 - 10.
Đặc trưng bởi toàn thân có màu đỏ hồng đến đỏ cam nhạt, lốm đốm các chấm nhỏ màu đỏ sẫm đến đỏ nâu, vây đuôi có dải màu trắng hình vòng cung ngang mép đuôi. Chiều dài thân chuẩn cá gấp 2,7 - 3,2 lần chiều cao thân; vây đuôi tròn; chiều dài đầu bằng 1,9 - 2,2 chiều dài vây bụng; mắt lớn, đường kính gấp đôi khoảng gian cách mắt. Răng mịn, khía nông.
Sinh học, sinh thái: Cá Mú đỏ dâu được xem là loài phổ biến nhất ở rạn san hô, chúng sống ở các độ sâu dưới 40m. Thức ăn chủ yếu là cua và một số loài giáp xác khác.
Phân bố: 
Thế giới:Ấn Độ Dương - Thái Bình Dương: Pinda, Mozambique đến Polynesia thuộc Pháp, phía bắc đến quần đảo Ryukyu, phía nam đến đảo Heron (cuối phía nam của Great Barrier Reef).
Việt Nam: Mẫu thu được ở vùng biển các đảo: Song Tử Tây, Thuyền Chài, Tốc Tan,",Khu trưng bày đa dạng sinh học biển
95,Cá biển,E.57199,Gobiidae,Valenciennea strigata,"(Broussonet, 1782)",Cá Bống đai xanh,Tốc Tan,20.04.2021,08°49'32.5,113°55'19.3,1,,,1,,1,"Cá Bống đai xanh
Blueband goby

Đặc điểm:
D. 7, 17-19; A. I, 16-19;
Chiều dài cơ thể tối đa được ghi nhận là 18 cm, cơ thể có màu xám nhạt với đầu màu vàng, một vạch cong màu xanh lam bên dưới mắt ngang qua nắp mang và một vạch mỏng màu xanh nhạt ở gốc vây ngực
Sinh thái: tìm thấy ở các rạn san hô, đầm phá, những khu vực có chất nền cát, đá vụn, cứng, ở độ sâu từ 1 đến 25 mét, hủ yếu sinh sống trong các hang đào dưới đống đổ nát, sử dụng chúng vừa là nơi làm tổ vừa là nơi ẩn náu khỏi những kẻ săn mồi,
Phân bố:
Thế giới:  Ấn Độ Dương-Thái Bình Dương: Đông Phi đến Quần đảo Tuamoto, phía bắc đến Quần đảo Ryukyu, phía nam đến Sydney, Úc, bao gồm Đảo Lord Howe.
Việt Nam: Khánh Hòa",Khu trưng bày đa dạng sinh học biển
96,Cá biển,E.57200,Holocentridae,Myripristis hexagona,"(Lacepède, 1802)",Cá Sơn đá răng đôi,Tốc Tan,20.04.2021,08°49'32.5,113°55'19.3,1,,,1,1,,"Cá Sơn đá răng đôi
Doubletooth soldierfish

Đặc điểm: 
D. XI, 13-15; A. IV, 11-14
Cá Sơn đá răng đôi có kích thước lớn nhất là 17cm. Thân màu đỏ tươi, từ xương nắp mang đến nách vây ngực có một sọc nâu đen, phần tia vây lưng, vây hậu môn và vây đuôi màu đỏ. Thân hình bầu dục, dẹp bên. Đầu tương đối to. Mõm ngắn. Mắt tròn rất to, ở trên bên đầu. Lỗ mũi rộng, ở trước viễn trước mắt. Miệng rộng, khe miệng xiên. Hàm dưới hơi dài hơn hàm trên. Thân phủ vảy lược to, rắn, khó rụng. Đường bên hoàn chỉnh và rõ ràng. Vay ngực không có vảy nách. 
Sinh thái: sống trong rạn san hô ven bờ và ngoài khơi, chúng bắt gặp trong vịnh và đầm phá, đến độ sâu 3-40 m, thường ẩn nấp trong các hang hốc của rạn.
Phân bố: 
Thế giới: vùng biển Ấn Độ- Thái Bình Dương: Đông Phi đến Samoa, phía bắc lên đến quần đảo Ryukyu (Nhật Bản), phía Nam  đến rạn san hô lớn Great Barrier Reef (Úc), New Caledonia,  Palau (Micronesia).
Việt Nam: vùng rạn đá, rạn san hô ven bờ và các đảo từ Quảng Ninh đến Kiên Giang.",Khu trưng bày đa dạng sinh học biển
97,Cá biển,E.57201,Holocentridae,Myripristis kuntee,"Valenciennes, 1831",Cá Sơn đá vằn mang,Tốc Tan,20.04.2021,08°49'32.5,113°55'19.3,,,,1,,1,"Cá Sơn đá vằn mang
Shoulderbar soldierfish

Đặc điểm:
D. XI, 16; A. IV, 14-15
Kích thước lớn nhất 17 cm. Thân hình bầu dục, dẹp bên, đầu tương đối to, mõm ngắn. Thân màu vàng, từ xương nắp mang đến nách vây ngực có 1 sọc nâu đen, phần mút tia vây lưng, vây hậu môn và vây đuôi màu đỏ. Thân phủ vảy lược to, rắn, khó rụng, vây ngực tương đối lớn, vây bụng ở ngang ngực, vây đuôi dạng chẻ.
Sinh thái: Sống ở biển, trong rạn và hồ san hô sâu đến 30 m, thức ăn chủ yếu là phiêu sinh vật.
Phân bố:
Thế giới:Thái Bình Dương: Inđônêxia, Úc, Châu Đại Dương và Đông Phi.
Việt Nam: Biển Đông, quần đảo Trường Sa",Khu trưng bày đa dạng sinh học biển
98,Cá biển,E.57202,Holocentridae,Sargocentron violaceum,"(Bleeker, 1853)",Cá Sơn đá,Tốc Tan,20.04.2021,08°49'32.5,113°55'19.3,1,,,,,,"Cá Sơn đá
Violet squirrelfish

Đặc điểm: 
D. XI, 12-15; A. IV, 9;
Chiều dài lớn nhất được ghi nhận là 45cm, với chiều dài thường gặp là 35cm. Màu cơ thể từ nâu đến đỏ tía, phần đầu có màu đỏ; phần trên của nắp mang có màu hơi đen, mỗi vảy có vạch dọc màu trắng bạc, có bốn đến năm hàng vảy xiên trên má.
Sinh thái: Là loài sống đơn độc, hiếm gặp tại các bãi rạn san hô có phạm vi độ sâu dưới 100m. Sống về đêm, thức ăn chủ yếu là cua và tôm ở tầng đáy
Phân bố:
Thế giới: vùng biển Ấn Độ- Thái Bình Dương
Việt Nam: Khu vực quần đảo Trường Sa",Khu trưng bày đa dạng sinh học biển
99,Cá biển,E.57204,Labridae,Cheilinus fasciatus,"(Bloch, 1791)",Cá Bàng Chài sọc ngang,Tốc Tan,20.04.2021,08°49'32.5,113°55'19.3,,,,1,,1,"Cá Bàng Chài sọc ngang
Redbreasted wrasse

Đặc điểm: 
Loài cá Bàng Chài sọc ngang có D. IX, 10; A. III, 8, chiều dài thân chuẩn cá gấp 2,35 đến 2,6 lần chiều cao thân. Hàm dưới cá trưởng thành có 2 răng nanh lớn, khỏe. Toàn thân cá với hai màu chủ đạo: đỏ cam và đen, với 6 vạch đen trên thân và 1 vạch trên đuôi. Phần thân dưới, vây lưng, vây hậu môn và nửa sau của vây đuôi có những chấm nhỏ màu cam sẫm đến đỏ.
Sinh thái: Thường được thấy ở các rạn san hô hay nền đáy sỏi cát, ở độ sâu 4-60m. Thức ăn của cá Bàng chài sọc ngang là các loài thủy sinh không xương sống có vỏ cứng, bao gồm động vật thân mềm, động vật giáp xác và cầu gai nhờ sở hữu bộ hàm chắc khỏe
Phân bố: 
Thế giới: Ấn Độ Dương - Thái Bình Dương, biển Đỏ, Nhật Bản,..
Việt Nam: Trường Sa (Khánh Hòa), Kiên Giang, Ninh Thuận, Phú Yên",Khu trưng bày đa dạng sinh học biển
101,Cá biển,E.57205,Labridae,Thalassoma quinquevittatum,"(Lay & Bennett, 1839)",Cá Bàng Chài năm sọc,Tốc Tan,20.04.2021,08°49'32.5,113°55'19.3,1,,,1,,1,"Cá Bàng Chài đầu đen
Moon wrasse

Đặc điểm:
D. 8, 13; A. III, 11;
Chiều dài cơ thể tối đa là 45 cm, Cá trưởng thành có cơ thể màu xanh lục, nhưng cá đực sẫm màu xanh lam hơn, đặc biệt là trong quá trình tán tỉnh. Mỗi bên thân có các vạch sọc đứng màu đỏ trên vảy. Đầu có các vệt màu hồng tím. Thùy đuôi có màu hồng tím viền xanh óng, phần còn lại của đuôi màu vàng tươi. Vây ngực màu lam với một vệt đốm màu tím ở giữa. Cá con có màu ô liu (nâu lục) với một đốm đen ở giữa vây lưng và một đốm tương tự giữa cuống đuôi
Sinh thái: sống gần các rạn san hô viền bờ và trong các đầm phá ở độ sâu đến 30 m, sống đơn độc hoặc hợp thành từng nhóm. Thức ăn chủ yếu là các loài thủy sinh không xương sống và trứng cá, nhưng chúng cũng có thể ăn các loài cá nhỏ hơn
Phân bố:
Thế giới: Nhật Bản, Trung Quốc, Philippin, Inđônêxia, Micrônêxia, Ôxtrâylia, Papua Niu Ghine, Đông châu Phi, Biển Đỏ.
Việt Nam: Vịnh Bắc Bộ, Cù Lao Chàm, Nha Trang, Cù Lao Cau, Côn Đảo, Phú Quốc (Kiên Giang) và quần đảo Trường Sa",Khu trưng bày đa dạng sinh học biển
102,Cá biển,E.57206,Lutjanidae,Lutjanus bohar,"(Forsskål, 1775)",Cá Hồng hai chấm,Tốc Tan,20.04.2021,08°49'32.5,113°55'19.3,,,,1,1,,"Cá Hồng hai chấm
Two-spot red snapper

Đặc điểm:
D. X, 13-14; A. III, 8
Chiều dài cơ thể lớn nhất được ghi nhận là 90 cm, có màu nâu đỏ sẫm với các sọc sẫm mờ. Cá con, và đôi khi là cả cá trưởng thành có hai đốm trắng bạc trên lưng, vây ngực màu hồng với viền đen sẫm. Vào mùa sinh sản thì cá đực trở nên sẫm màu hơn, còn cá cái chuyển sang màu đỏ nhạt.
Sinh thái: Loài cá này thường sống ở các rạn san hô với độ sâu dưới 180m. Thức ăn chủ yếu của chúng là các loài cá nhỏ, giáp xác và thân mềm,..
Phân bố:
Thế giới: khu vực Ấn Độ Dương - Thái Bình Dương
Việt Nam: Ghi nhận tại Trường Sa, Côn Đảo, cù lao Cau,..",Khu trưng bày đa dạng sinh học biển
103,Cá biển,E.57207,Mullidae,Parupeneus multifasciatus,"(Quoy & Gaimard, 1825)",Cá Phèn nhiều sọc,Tốc Tan,20.04.2021,08°49'32.5,113°55'19.3,1,,,1,,1,"Cá Phèn nhiều sọc
Manybar goatfish

Đặc điểm: 
D. VIII, 9; A. I, 7;
Cá phèn nhiều sọc có chiều dài có thể lên đến 35 cm, có râu dài, có màu xám nhạt đến đỏ nâu với các vạch màu đỏ sẫm đến đen và trắng xen kẽ có chiều rộng khác nhau và một vạch sẫm phía sau mắt.
Sinh thái: Sống ở vùng rạn san hô, đến độ sâu 60m. Chúng thường tập hợp thành đàn trên các dải cát, cũng như san hô chết. Thức ăn chủ yếu là cua nhỏ, tôm, tôm tít, cá, giun nhiều tơ…
Phân bố:
Thế giới:  Thái Bình Dương; từ đảo Christmas (đông Ấn Độ Dương) đến các đảo Hawaii, Line, Marquesan và Tuamoto, phía bắc đến nam Nhật Bản, phía nam đến các đảo Lord Howe và Rapa.
Việt Nam: vịnh Bắc Bộ, Trung Bộ đến vùng biển Tây Nam.",Khu trưng bày đa dạng sinh học biển
105,Cá biển,E.57209,Pomacentridae,Dascyllus trimaculatus,"(Rüppell, 1829)",Cá Thia đồng tiền ba chấm,Tốc Tan,20.04.2021,08°49'32.5,113°55'19.3,,,,1,,1,"Cá Thia đồng tiền ba chấm
Threespot dascyllus

Đặc điểm:
D. XII, 14-16; A. II, 14-15
Chiều dài cơ thể tối đa ở loài cá Thia này là 14cm, toàn thân màu đen tuyền với ba đốm trắng (1 đốm trên trán và 2 đốm ở 2 bên thân), ở cá thể trưởng thành đốm trắng se không thấy hoặc mờ đi. Ở một số vùng, các cá thể cá Thia có thể biến đổi như cơ thể có vệt vàng, hoặc có màu sáng hơn.
Sinh thái: Loài cá Thia đồng tiền ba chấm này thường sống trên các mỏm đá và trên các rạn san hô với độ sâu tối đa ghi nhận được đến 55, những cá thể con thường sống xung quanh hải quỳ hay cầu gai. Thức ăn của chúng thường là tảo và động vật phù du, cá đực có tập tính bảo vệ và chăm sóc trứng.
Phân bố:
Thế giới: Cá Thia đồng tiền ba chấm có phạm vi phân bố rộng khắp khu vực Ấn Độ Dương - Thái Bình Dương
Việt Nam: đảo Lý Sơn (Quảng Ngãi); cù lao Chàm (Quảng Nam); vịnh Nha Trang và vịnh Vân Phong (Khánh Hòa); Ninh Thuận; Kiên Giang; đảo Phú Quốc cũng như tại quần đảo Hoàng Sa và quần đảo Trường Sa.",Khu trưng bày đa dạng sinh học biển
107,Cá biển,E.57211,Pomacentridae,Pomacentrus lepidogenys,"Fowler & Bean, 1928",Cá Thia vảy,Tốc Tan,20.04.2021,08°49'32.5,113°55'19.3,,,,1,,1,"Cá Thia vảy
Scaly damsel

Đặc điểm:
D. XIII, 14-15; A. II, 14-15;
Chiều dài lớn nhất ghi nhận là 9cm, cơ thể có màu xám nhạt hoặc xanh lục nhạt, sẫm màu hơn ở lưng. Màu vàng tươi phía sau gốc vây lưng và cuống đuôi, nhạt hơn ở vây hậu môn.
Sinh thái: Loài cá này sinh sống tập trung gần những rạn san hô viền bờ hoặc trong các đầm phá ở độ sâu đến 12 m, thức ăn chủ yếu là tảo và các loài động vật phù du. Cá đực có tập tính bảo vệ và chăm sóc trứng
Phân bố:
Thế giới: Thái Lan, Nhật Bản, một số vùng biển của các nước Đông Nam Á,..
Việt Nam:Khánh Hòa–Ninh Thuận, Phú Yên, Bình Thuận, cù lao Chàm, Côn Đảo và quần đảo Trường Sa",Khu trưng bày đa dạng sinh học biển
108,Cá biển,E.57212,Holocentridae,Sargocentron spiniferum,"(Forsskål, 1775)",Cá Sơn đá,Tốc Tan,29.04.2021,08°49'43.8,113°58'30.3,1,,,1,,1,"Cá Sơn đá
Sabre squirrelfish

Đặc điểm: 
D. XI, 14-16; A. IV, 9-10;
Chiều dài lớn nhất được ghi nhận là 53cm, với chiều dài thường gặp là 35cm. Cá có màu đỏ, lưng sẫm hơn bụng; vảy viền trắng bạc, có một đốm lớn đỏ thẫm ngay sau mắt, bao quanh bởi vệt sọc trắng, gốc vây ngực và gai vây lưng có màu đỏ thẫm, các vây đều có màu vàng
Sinh thái: là loài sống trong các rạn đá hoặc rạn san hô, trên nền rạn đến phá san hô và rạn hướng ra khơi, độ sâu lên đến 122 m. Con non sống ở các vùng rạn cạn ven bờ. Thức ăn là ấu trùng tôm, cua, bắt mồi vào ban đêm.
Phân bố:
Thế giới: vùng biển Ấn Độ- Thái Bình Dương: phân bố từ Biển Đỏ và Đông Châu Phi đến Hawaii và quần đảo Ducie, phía bắc lên đến nam Nhật Bản, phía nam đến Úc và trẳi dài sang dài đến các quần đảo nhóm Micronesia.
Việt Nam: vùng rạn san hô ven bờ và các đảo từ Quảng Ninh đến Kiên Giang.",Khu trưng bày đa dạng sinh học biển
109,Cá biển,E.57213,Labridae,Thalassoma quinquevittatum,"(Lay & Bennett, 1839)",Cá Bàng Chài năm sọc,Tốc Tan,29.04.2021,08°49'43.8,113°58'30.3,,,,1,,1,"Cá Bàng Chài năm sọc
Fivestripe wrasse

Đặc điểm:
D. 8, 13; A. III, 11;
Chiều dài cơ thể tối đa được ghi nhận là 17 cm, cơ thể có màu xanh lục với hai dải sọc ngang màu hồng tím theo chiều dài cơ thể. Đầu có các dải vệt màu xanh lục và hồng tím xen kẽ; ở cá đực, đầu sẫm màu tía hơn. Cá đực mùa sinh sản ánh màu vàng tươi ở hai bên thân. Đuôi hơi bo tròn ở cá con và lõm dần với hai thùy dài ở cá đực trưởng thành; hai thùy đuôi màu đỏ hồng. Cá con có các đốm đen dọc vây lưng
Sinh thái: sống gần các rạn san hô viền bờ và trong các đầm phá ở độ sâu đến 40 m, thức ăn chủ yếu là các loài thủy sinh không xương sống, chủ yếu là tôm cua, động vật thân mềm, nhím biển và cả những loài cá nhỏ hơn
Phân bố:
Thế giới: có phạm vi phân bố rộng rãi ở Đông Bắc Đại Tây Dương. Từ bờ biển Bồ Đào Nha, loài này được ghi nhận dọc theo bờ biển Tây Phi trải về phía nam đến Sénégal, bao gồm tất cả các hòn đảo nằm thuộc Macaronesia ở ngoài khơi,...
Việt Nam: Ghi nhận tại vùng biển Phú Yên, Khánh Hòa, ...",Khu trưng bày đa dạng sinh học biển
110,Cá biển,E.57214,Lethrinidae,Lethrinus erythracanthus,"Valenciennes, 1830",Cá Hè chấm cam,Tốc Tan,29.04.2021,08°49'43.8,113°58'30.3,,,,1,1,,"Cá Hè chấm cam
Orange-spotted emperor

Đặc điểm:
D. X, 9; A. III, 8.
Cá Hè chấm cam có chiều dài cơ thể lớn nhất 70cm nhưng thường gặp nhất là 50cm. Thân màu nâu đến xám đậm, lốm đốm những chấm sáng và sẫm màu rải rác trên cơ thể, đôi khi có các vệt sọc nhạt ở thân dưới. Đầu màu nâu hoặc xám, thường có nhiều chấm cam trên má. Vây ngực và vây bụng màu trắng hoặc cam, vây lưng và vây hậu môn lốm đốm cam và hơi xanh, vây đuôi thường có màu cam sáng. Con non có màu hơi vàng, đầu màu xám và có các đường hoặc sọc hẹp màu trắng dọc theo hai bên.
Sinh thái: Loài cá Hè này thường sống ở vùng đáy mểm, đầm phá, kênh đào sâu với độ sâu được ghi nhận là 15-120m. Sống đơn độc, ban ngày chúng hay lượn quanh các hang động hoặc trên các bãi đá, thức ăn chủ yếu là da gai, giáp xác, thân mềm
Phân bố:
Thế giới: Có phân bố trải rộng trên vùng Ấn Độ Dương - Thái Bình Dương
Việt Nam: Khánh Hòa (quần đảo Trường Sa)",Khu trưng bày đa dạng sinh học biển
112,Cá biển,E.57216,Lutjanidae,Lutjanus gibbus,"(Forsskål, 1775)",Cá Hồng bụng cong,Tốc Tan,29.04.2021,08°49'43.8,113°58'30.3,,,,1,,1,"Cá Hồng bụng cong
Humpback red snapper

Đặc điểm:
D. X, 13-14; A. III, 8
Con trưởng thành có kích thước tối đa là 50cm, đầu có trán dốc rất dốc, phát triển tốt và có khía ở phần trước mang, màu sắc tổng thể của loài cá hồng này là đỏ hoặc xám, sẫm hơn ở lưng và phần trên đầu, đuôi lớn sẫm màu với các thùy tròn rộng, vây màu đỏ đến đen. Con non màu xám có mảng đen tròn lớn ở gốc đuôi, vây đuôi màu vàng và có sọc sẫm dọc xuyên qua mắt.
Sinh thái: Thường tập trung thành đứng yên bơi lượn trên rạn san hô vào ban ngày, những con non trú ẩn trong các thảm cỏ biển ở những khu vực được bảo vệ trên nền cát và bùn bởi các con thủ lĩnh với độ sâu ghi nhận là 1-150m. Thức ăn của chúng là các loài cá và động vật không xương sống như tôm, cua, tôm hùm, da gai. Sự trưởng thành về giới tính xảy ra khi chúng được hai tuổi rưỡi và chúng hình thành các quần thể sinh sản.
Phân bố:
Thế giới: Biển Đỏ, Đông Phi, Nhật Bản, Úc,..
Việt Nam: Khu vực Trường Sa, cù lao Cau,..",Khu trưng bày đa dạng sinh học biển
113,Cá biển,E.57219,Nemipteridae,Pentapodus caninus,"(Cuvier, 1830)",Cá Dơi đuôi dài răng nhỏ,Tốc Tan,29.04.2021,08°49'43.8,113°58'30.3,,,,1,1,,"Cá Dơi đuôi dài răng nhỏ
Small-toothed whiptail

Đặc điểm:
D. X, 9; A. III, 7;
Có chiều dài có thể lên đến 35 cm, vây lưng dài. Cơ thể của cá có màu xanh, trên thân có hai đường màu vàng nhạt, một đường chạy dọc giữa thân, đường kia bắt đầu từ mắt và kết thúc ở gốc đuôi.
Sinh thái: Sống đơn độc hoặc theo nhóm nhỏ và thường được tìm thấy ở gần đáy trên các khu vực rạn san hô ở độ sâu 2 - 35 m. Ăn các loài cá nhỏ và động vật phù du lớn hơn, cũng như các sinh vật đáy
Phân bố:
Thế giới: Ấn Độ-Tây Thái Bình Dương: Biển Đông đến Quần đảo Gilbert, Nhật Bản, New Caledonia.
Việt Nam: Khánh Hòa",Khu trưng bày đa dạng sinh học biển
116,Cá biển,E.57220,Pinguipedidae,Parapercis pacifica,"Imamura & Yoshino, 2007",Cá Lú,Tốc Tan,29.04.2021,08°49'43.8,113°58'30.3,,,,,,,"Cá Lú
(chưa có tên tiếng Anh)

Đặc điểm:
D. V, 21-22; A. I, 17-18;
Loài cá Lú này đạt chiều dài tối đa là 19cm. Cơ thể thon dài vừa phải và ít nén. Đầu nhọn; mắt thường hơi nhô lên phía trên mặt lưng của đầu. Cơ thể có màu nhạt với các đốm đen rải rác trên đầu và thân, các đường viền hình chữ nhật mờ trên cơ thể và trên vây đuôi có một đốm đen lớn, má có các vết hình chữ 'M' hoặc hình bán nguyệt và phía trên có nhiều đốm đen hơn.
Sinh thái: Loài cá này thường sống ở các rạn san hô hoặc nền đáy cát có độ sâu dưới 35m.
Phân bố:
Thế giới: Ghi nhận sự xuất hiện của loài cá này ở Tây Thái Bình Dương từ miền nam Nhật Bản tới Indonesia.
Việt Nam: Vùng biển Nha Trang, Trường Sa,..",Khu trưng bày đa dạng sinh học biển
117,Cá biển,E.57221,Chaetodontidae,Hemitaurichthys polylepis,"(Bleeker, 1857)",Cá Bướm kim tự tháp,Thuyền Chài,01.05.2021,08°16'14.3,113°21'28.7,1,,,1,,1,"Cá Bướm kim tự tháp
Pyramid butterflyfish

Đặc điểm:
D. XII, 23-26; A. III, 20-21
Cá Bướm kim tự tháp có chiều dài tối đa được ghi nhận là 18cm. Cơ thể nổi bật với các mảng hình kim tự tháp lớn màu trắng ở hai bên, vây đuôi, vây ngực và vây bụng màu trắng, đầu màu nâu và phần còn lại của cơ thể có màu vàng sáng.
Sinh thái: Chúng thường sống trên khu vực sườn dốc của rạn viền bờ ở độ sâu khoảng từ 3 đến 60 m, sống thành nhóm nhỏ và có thể hợp thành đàn lớn, chúng có thể phát ra âm thanh (lúc hoàng hôn để thực hiện các màn tán tỉnh và thu hút bạn tình) nhờ vào bong bóng cá. Thức ăn chủ yếu là sinh vật phù du.
Phân bố:
Thế giới: Vùng biển các nước Đông Nam Á, Nhật Bản, Úc, Hawaii,..
Việt Nam: Khánh Hòa (khu vực Trường Sa, hòn Mun), đảo ngoài khơi Ninh Thuận,..",Khu trưng bày đa dạng sinh học biển
118,Cá biển,E.57222,Holocentridae,Sargocentron violaceum,"(Bleeker, 1853)",Cá Sơn đá,Thuyền Chài,01.05.2021,08°16'14.3,113°21'28.7,,,,,,,"Cá Sơn đá
Violet squirrelfish

Đặc điểm: 
D. XI, 12-15; A. IV, 9;
Chiều dài lớn nhất được ghi nhận là 45cm, với chiều dài thường gặp là 35cm. Màu cơ thể từ nâu đến đỏ tía, phần đầu có màu đỏ; phần trên của nắp mang có màu hơi đen, mỗi vảy có vạch dọc màu trắng bạc, có bốn đến năm hàng vảy xiên trên má.
Sinh thái: Là loài sống đơn độc, hiếm gặp tại các bãi rạn san hô có phạm vi độ sâu dưới 100m. Sống về đêm, thức ăn chủ yếu là cua và tôm ở tầng đáy
Phân bố:
Thế giới: vùng biển Ấn Độ- Thái Bình Dương
Việt Nam: Khu vực quần đảo Trường Sa",Khu trưng bày đa dạng sinh học biển
119,Cá biển,E.57223,Labridae,Cheilinus fasciatus,"(Bloch, 1791)",Cá Bàng Chài sọc ngang,Thuyền Chài,01.05.2021,08°16'14.3,113°21'28.7,,,,1,,1,"Cá Bàng Chài sọc ngang
Redbreasted wrasse

Đặc điểm: 
Loài cá Bàng Chài sọc ngang có D. IX, 10; A. III, 8, chiều dài thân chuẩn cá gấp 2,35 đến 2,6 lần chiều cao thân. Hàm dưới cá trưởng thành có 2 răng nanh lớn, khỏe. Toàn thân cá với hai màu chủ đạo: đỏ cam và đen, với 6 vạch đen trên thân và 1 vạch trên đuôi. Phần thân dưới, vây lưng, vây hậu môn và nửa sau của vây đuôi có những chấm nhỏ màu cam sẫm đến đỏ.
Sinh thái: Thường được thấy ở các rạn san hô hay nền đáy sỏi cát, ở độ sâu 4-60m. Thức ăn của cá Bàng chài sọc ngang là các loài thủy sinh không xương sống có vỏ cứng, bao gồm động vật thân mềm, động vật giáp xác và cầu gai nhờ sở hữu bộ hàm chắc khỏe
Phân bố: 
Thế giới: Ấn Độ Dương - Thái Bình Dương, biển Đỏ, Nhật Bản,..
Việt Nam: Trường Sa (Khánh Hòa), Kiên Giang, Ninh Thuận, Phú Yên",Khu trưng bày đa dạng sinh học biển
120,Cá biển,E.57224,Labridae,Cheilinus trilobatus,"Lacepède, 1801",Cá Bàng Chài đuôi ba thùy,Thuyền Chài,01.05.2021,08°16'14.3,113°21'28.7,,,,1,,1,"Cá Bàng Chài đuôi ba thùy
Tripletail wrasse

Đặc điểm:
D. IX, 10; A. III, 8
Chiều dài lớn nhất được ghi nhận là 45 cm. Chúng có bộ hàm rất chắc, mỗi hàm có hai răng nanh nằm ở phía trước. Loài này có thể nhanh chóng chuyển đổi màu sắc cơ thể tùy thuộc vào môi trường xung quanh, thường bắt gặp với các tông màu nâu xanh lục lốm đốm các vệt đỏ và tím. Vùng đầu có nhiều chấm đỏ, các vạch ngắn cùng màu tập trung quanh mắt. Vảy cá hai bên thân cũng có các vạch dọc màu đỏ nhưng dài hơn. Vây đuôi cá đực trưởng thành đặc biệt có đến ba thùy và được viền đỏ 3 rìa sau, trong khi vây đuôi cá cái được bo tròn. Cá con và cá cái đang lớn có 3–4 đốm đen nổi bật ở hai bên thân, cũng như xuất hiện thêm các dải màu sẫm trên cơ thể. 
Sinh thái: Loài cá này thường sống ven rạn, đầm phá chủ yếu sống ở những nơi có nhiều rạn san hô có độ sâu dưới 30m, những cá thể còn nhỏ có thể tìm thấy trong các thảm tảo hoặc thảm cỏ biển. Thức ăn của cá Bàng chài sọc ngang là các loài thủy sinh không xương sống có vỏ cứng, bao gồm động vật thân mềm, động vật giáp xác,..
Phân bố:
Thế giới: Ấn Độ Dương-Thái Bình Dương: Đông Phi đến các đảo Tuamoto và Austral, phía bắc đến Quần đảo Ryukyu, phía nam đến New Caledonia
Việt Nam: Ở Việt Nam, loài này được ghi nhận tại cù lao Chàm (Quảng Nam), vịnh Vân Phong và vịnh Nha Trang (Khánh Hòa), đảo Phú Quốc, bờ biển Ninh Thuận, đảo Lý Sơn (Quảng Ngãi), quần đảo Nam Du (Kiên Giang), Côn Đảo,cũng như tại quần đảo Hoàng Sa và quần đảo Trường Sa.",Khu trưng bày đa dạng sinh học biển
121,Cá biển,E.57225,Labridae,Halichoeres trimaculatus,"(Quoy & Gaimard, 1834)",Cá Bàng Chài ba đốm,Thuyền Chài,01.05.2021,08°16'14.3,113°21'28.7,,,,1,,1,"Cá Bàng Chài ba đốm
Threespot wrasse

Đặc điểm:
D. IX, 11; A. III, 10-11
Cá Bàng chài ba đốm có chiều dài tối đa 27cm. Cá đực trưởng thành có màu vàng lục nhạt với các vạch hồng trên mỗi vảy, đầu màu xanh lục với nhiều vệt sọc hồng tím, có một đốm đen ở cuống đuôi, bao quanh bởi một vệt vàng, phía sau nắp mang (trên gốc vây ngực) cũng có môt đốm đen tương tự nhưng nhỏ hơn (có thể tiêu biến ở nhiều cá thể). Cá cái có màu cơ thể nhạt hơn so với cá đực và có màu trắng ở bụng
Sinh thái: Loài cá Bàng chài này thường sống ở các rạn viền bờ hoặc trong các đầm phá với độ sâu dưới 30m, chúng hoạt động vào ban ngày và vùi mình vào cát để nghỉ ngơi vào ban đêm, thức ăn của chúng chủ yếu bao gồm các loài động vật không xương sống (giáp xác, giun nhiều tơ,..), trứng cá và cá nhỏ, chúng là loài lưỡng tính (đa số là cá cái chuyển đổi thành cá đực nhưng một số trường hợp ngược lại).
Phân bố:
Thế giới: Các quần đảo của Úc, vùng biển các nước Đông Nam Á,..
Việt Nam: Quảng Ninh, Hải Phòng, Quảng Nam, Quảng Ngãi, Ninh Thuận, Khánh Hòa,…",Khu trưng bày đa dạng sinh học biển
122,Cá biển,E.57226,Labridae,Macropharyngodon meleagris,"(Valenciennes, 1839)",Cá Bàng Chài chấm đen,Thuyền Chài,01.05.2021,08°16'14.3,113°21'28.7,,,,1,,1,"Cá Bàng Chài chấm đen
Blackspotted wrasse

Đặc điểm:
D. IX, 11; A. III, 11
Chiều dài cơ thể tối đa được ghi nhận là 15 cm. Cá cái màu xanh lục nhạt (gần như trắng) với nhiều đốm đen phủ khắp đầu và thân; phía trước đầu còn có các dải màu đỏ. Cá con có đốm tròn lớn ở phía sau vây lưng và vây hậu môn. Cá đực có màu đỏ da cam sẫm với các đốm xanh lục trên mỗi vảy, tạo thành các hàng đốm. Trên mang có một vệt đen rõ rệt với một vài đốm nhỏ màu vàng nằm trong.
Sinh thái: Chúng sống gần các rạn san hô trên nền đáy cát và đá vụn trong các đầm phá, vịnh và vùng biển ngoài khơi ở độ sâu đến 30 m. Thức ăn chủ yếu là các loài nhuyễn thể thuộc lớp chân bụng cùng nhiều động vật có vỏ cứng khác, và cả trùng lỗ
Phân bố:
Thế giới: Phân bố tập trung ở Tây và Trung Thái Bình Dương, nhưng thưa thớt ở Đông Nam Ấn Độ Dương, các vùng biển các nước Đông Nam Á,..
Việt Nam: Ghi nhận tại các vùng biển cù lao Chàm, Nha Trang, quần đảo Trường Sa, cù lao Cau, Phú Quốc,",Khu trưng bày đa dạng sinh học biển
123,Cá biển,E.57227,Labridae,Oxycheilinus digramma,"(Lacepède, 1801)",Cá Bàng Chài má vạch,Thuyền Chài,01.05.2021,08°16'14.3,113°21'28.7,,,,1,,1,"Cá Bàng Chài má vạch
Cheeklined wrasse

Đặc điểm:
D. IX, 10; A. III, 8
Chiều dài cơ thể tối đa được ghi nhận là 40 cm, loài này đa dạng màu sắc, nhưng thường được quan sát phổ biến là kiểu màu nâu xám và xanh ô liu (bên cạnh đó là các kiểu màu đỏ nâu hoặc đỏ phớt hồng). Nửa thân dưới thường có màu đỏ cam, vảy có các vạch màu đỏ cam, đầu có màu xanh lục xám với khoảng 8 vạch sọc màu nâu sẫm ở dưới đầu; nửa đầu trên có các vệt đốm cùng màu, cá con có hai dải trắng dọc theo chiều dài cơ thể
Sinh thái: Chúng sống xung quanh các rạn san hô viền bờ và rạn san hô trong các đầm phá ở độ sâu đến ít nhất là 120m. Thức ăn của chúng là các loài nhuyễn thể có vỏ cứng, giáp xác và da gai, thường sống đơn độc, nhưng lại được quan sát bơi trong đàn của các loài cá phèn.
Phân bố:
Thế giới: phân bố rộng rãi trên khắp Ấn Độ Dương - Thái Bình Dương, băng qua vùng biển các nước Đông Nam Á và trải dài về phía đông đến nhiều đảo quốc thuộc châu Đại Dương .
Việt Nam: ghi nhận tại vịnh Nha Trang (Khánh Hòa), bờ biển Ninh Thuận,  đảo đá ngoài khơi Bình Thuận, quần đảo An Thới (Kiên Giang), đảo Phú Quốc, cũng như tại quần đảo Trường Sa và quần đảo Hoàng Sa",Khu trưng bày đa dạng sinh học biển
124,Cá biển,E.57228,Labridae,Oxycheilinus unifasciatus,"(Streets, 1877)",Cá Bàng Chài vòng đuôi,Thuyền Chài,01.05.2021,08°16'14.3,113°21'28.7,,,,1,,1,"Cá Bàng Chài vòng đuôi
Ringtail maori wrasse

Đặc điểm:
D. IX, 10; A. III, 8;
Có chiều dài cơ thể tối đa được ghi nhận là 46 cm. Loài này đa dạng màu sắc, thường là màu nâu tía hoặc màu ô liu với một dải trắng bao quanh cuống đuôi. Đầu có các vệt sọc màu đỏ cam bao quanh mắt, và có cặp sọc ngang song song nổi bật ở trên má. Vây bụng và vây lưng trước có đốm lớn.
Sinh thái: sống gần các rạn san hô viền bờ và rạn san hô trong các đầm phá ở độ sâu đến 161 m, thức ăn chủ yếu là giáp xác và cá nhỏ.
Phân bố:
Thế giới: có phạm vi phân bố rộng khắp Tây và Trung Thái Bình Dương, nhưng thưa thớt ở Đông Ấn Độ Dương
Việt Nam: Khánh Hòa, bờ biển Ninh Thuận, đảo đá ngoài khơi Bình Thuận, đảo Lý Sơn (Quảng Ngãi), cũng như tại quần đảo Hoàng Sa.",Khu trưng bày đa dạng sinh học biển
125,Cá biển,E.57229,Labridae,Thalassoma lunare,"(Linnaeus, 1758)",Cá Bàng Chài đầu đen,Thuyền Chài,01.05.2021,08°16'14.3,113°21'28.7,1,,1,1,,1,"Cá Bàng Chài đầu đen
Moon wrasse

Đặc điểm:
D. 8, 13; A. III, 11;
Chiều dài cơ thể tối đa là 45 cm, Cá trưởng thành có cơ thể màu xanh lục, nhưng cá đực sẫm màu xanh lam hơn, đặc biệt là trong quá trình tán tỉnh. Mỗi bên thân có các vạch sọc đứng màu đỏ trên vảy. Đầu có các vệt màu hồng tím. Thùy đuôi có màu hồng tím viền xanh óng, phần còn lại của đuôi màu vàng tươi. Vây ngực màu lam với một vệt đốm màu tím ở giữa. Cá con có màu ô liu (nâu lục) với một đốm đen ở giữa vây lưng và một đốm tương tự giữa cuống đuôi
Sinh thái: sống gần các rạn san hô viền bờ và trong các đầm phá ở độ sâu đến 30 m, sống đơn độc hoặc hợp thành từng nhóm. Thức ăn chủ yếu là các loài thủy sinh không xương sống và trứng cá, nhưng chúng cũng có thể ăn các loài cá nhỏ hơn
Phân bố:
Thế giới: Nhật Bản, Trung Quốc, Philippin, Inđônêxia, Micrônêxia, Ôxtrâylia, Papua Niu Ghine, Đông châu Phi, Biển Đỏ.
Việt Nam: Vịnh Bắc Bộ, Cù Lao Chàm, Nha Trang, Cù Lao Cau, Côn Đảo, Phú Quốc (Kiên Giang) và quần đảo Trường Sa",Khu trưng bày đa dạng sinh học biển
126,Cá biển,E.57230,Lethrinidae,Gnathodentex aureolineatus,"(Lacepède, 1802)",Cá Hè răng đai,Thuyền Chài,01.05.2021,08°16'14.3,113°21'28.7,,,,1,1,,"Cá Hè răng đai
Striped large-eye bream

Đặc điểm:
D. X, 10; A. III, 8-10.
Cơ thể có chiều dài tối đa là 30cm (thường thấy nhất là 20cm), cơ thể dẹp bên, mõm nhọn và đuôi chẻ, tính theo tỷ lệ với kích thước cơ thể thì loài cá này có mắt to. Cơ thể có màu xám với các sọc ngang màu vàng nằm ngang ở cả 2 bên thân, phía sát lưng màu của sọc đậm hơn, vây có ánh hồng, với một đường màu vàng giống như râu nằm phía trên môi trên, các chỗ nối liền các vây ngực với cơ thể cũng như viền rìa ngoài nắp mang cũng có màu vàng. Đốm màu vàng kim nằm ở phía sau chỗ kết thúc vây lưng là dấu hiệu xác nhận loài này
Sinh thái: Chúng thường sống đơn độc hoặc bơi trong các bầy cá nhỏ ven các rạn san hô. Chúng hoạt động nhiều về ban đêm để kiếm ăn, thức ăn của nó chủ yếu là các động vật không xương sống tầng đáy, như nhiều loài động vật giáp xác và động vật chân bụng, đôi khi cả cá nhỏ.
Phân bố:
Thế giới: Cá Hè răng đai có phạm vi sinh sống trong vùng biển nhiệt đới và cận nhiệt đới thuộc Ấn Độ Dương và Thái Bình Dương, từ vùng ven biển phía đông châu Phi tới các đảo trên Thái Bình Dương như quần đảo Tuamotu, trừ quần đảo Hawaii
Việt Nam: Khánh Hòa, Ninh Thuận,...",Khu trưng bày đa dạng sinh học biển
127,Cá biển,E.57231,Lethrinidae,Lethrinus erythracanthus,"Valenciennes, 1830",Cá Hè chấm cam,Thuyền Chài,01.05.2021,08°16'14.3,113°21'28.7,,,,1,1,,"Cá Hè chấm cam
Orange-spotted emperor

Đặc điểm:
D. X, 9; A. III, 8.
Cá Hè chấm cam có chiều dài cơ thể lớn nhất 70cm nhưng thường gặp nhất là 50cm. Thân màu nâu đến xám đậm, lốm đốm những chấm sáng và sẫm màu rải rác trên cơ thể, đôi khi có các vệt sọc nhạt ở thân dưới. Đầu màu nâu hoặc xám, thường có nhiều chấm cam trên má. Vây ngực và vây bụng màu trắng hoặc cam, vây lưng và vây hậu môn lốm đốm cam và hơi xanh, vây đuôi thường có màu cam sáng. Con non có màu hơi vàng, đầu màu xám và có các đường hoặc sọc hẹp màu trắng dọc theo hai bên.
Sinh thái: Loài cá Hè này thường sống ở vùng đáy mểm, đầm phá, kênh đào sâu với độ sâu được ghi nhận là 15-120m. Sống đơn độc, ban ngày chúng hay lượn quanh các hang động hoặc trên các bãi đá, thức ăn chủ yếu là da gai, giáp xác, thân mềm
Phân bố:
Thế giới: Có phân bố trải rộng trên vùng Ấn Độ Dương - Thái Bình Dương
Việt Nam: Khánh Hòa (quần đảo Trường Sa)",Khu trưng bày đa dạng sinh học biển
128,Cá biển,E.57232,Lethrinidae,Lethrinus semicinctus,"Valenciennes, 1830",Cá Hè đốm đen,Thuyền Chài,01.05.2021,08°16'14.3,113°21'28.7,,,,1,1,,"Cá Hè đốm đen
Black blotch emperor

Đặc điểm:
D. X, 9; A. III, 8
Chiều dài cơ thể lớn nhất được ghi nhận là 35 cm. Cá có màu nâu thường hoặc nâu tanin, rải rác những đốm đen nhỏ. Một đốm đen lớn thuôn dài nằm bên dưới phần tia mềm của vây lưng, các vây trắng nhạt hoặc phớt hồng. Cá có thể chuyển sang kiểu hình lốm đốm các vệt trắng và nâu đen để ngụy trang
Sinh thái: L. semicinctus sống gần các rạn san hô, trên nền đáy cát và thảm cỏ biển, trong đầm phá và ở độ sâu khoảng 4–35 m. Thức ăn của chúng bao gồm cá nhỏ và những loài thủy sinh không xương sống khác ở tầng đáy.
Phân bố:
Thế giới: Cá Hè đốm đen có phân bố tương đối rộng ở vùng Ấn Độ Dương - Thái Bình Dương, từ Sri Lanka trải dài về phía đông đến quần đảo Marshall và Fiji, ngược lên phía bắc đến quần đảo Ryukyu, giới hạn phía nam đến bờ bắc Úc
Việt Nam: Quần đảo Trường Sa,",Khu trưng bày đa dạng sinh học biển
129,Cá biển,E.57233,Lutjanidae,Lutjanus gibbus,"(Forsskål, 1775)",Cá Hồng bụng cong,Thuyền Chài,01.05.2021,08°16'14.3,113°21'28.7,1,,,1,,1,"Cá Hồng bụng cong
Humpback red snapper

Đặc điểm:
D. X, 13-14; A. III, 8
Con trưởng thành có kích thước tối đa là 50cm, đầu có trán dốc rất dốc, phát triển tốt và có khía ở phần trước mang, màu sắc tổng thể của loài cá hồng này là đỏ hoặc xám, sẫm hơn ở lưng và phần trên đầu, đuôi lớn sẫm màu với các thùy tròn rộng, vây màu đỏ đến đen. Con non màu xám có mảng đen tròn lớn ở gốc đuôi, vây đuôi màu vàng và có sọc sẫm dọc xuyên qua mắt.
Sinh thái: Thường tập trung thành đứng yên bơi lượn trên rạn san hô vào ban ngày, những con non trú ẩn trong các thảm cỏ biển ở những khu vực được bảo vệ trên nền cát và bùn bởi các con thủ lĩnh với độ sâu ghi nhận là 1-150m. Thức ăn của chúng là các loài cá và động vật không xương sống như tôm, cua, tôm hùm, da gai. Sự trưởng thành về giới tính xảy ra khi chúng được hai tuổi rưỡi và chúng hình thành các quần thể sinh sản.
Phân bố:
Thế giới: Biển Đỏ, Đông Phi, Nhật Bản, Úc,..
Việt Nam: Khu vực Trường Sa, cù lao Cau,..",Khu trưng bày đa dạng sinh học biển
130,Cá biển,E.57234,Pomacentridae,Plectroglyphidodon lacrymatus,"(Quoy & Gaimard, 1825)",Cá Thia chấm trắng,Thuyền Chài,01.05.2021,08°16'14.3,113°21'28.7,1,,,1,,1,"Cá Thia chấm trắng
Whitespotted devil

Đặc điểm:
D. XII, 16-18; A. II, 13-14;
Kích thước lớn nhất ghi nhận là 10 cm. Cơ thể của có màu nâu sẫm, lốm đốm những chấm nhỏ màu xanh lam sáng trên đầu và thân (nhiều hơn ở cá con). Đốm xanh ở cá trưởng thành thường chỉ hiện rõ khi được quan sát gần hoặc dưới ánh sáng nhân tạo, đầu có các vệt màu xanh tím, đuôi màu trắng đến màu vàng nhạt, chuyển thành nâu nhạt khi lớn lên. Cá con có một đốm đen lớn trên vây lưng
Sinh thái: sống gần những rạn san hô ở ngoài khơi và trong các đầm phá, nền đáy là đá vụn xen lẫn san hô chết, ở độ sâu đến 40 m, thức ăn chủ yếu à tảo, nhưng cũng có thể bao gồm cả trứng của những loài cá khác và các loài thủy sinh không xương sống nhỏ.
Phân bố:
Thế giới:
Việt Nam: Vùng biển Khánh Hòa, Quảng Nam, Phú Yên,..",Khu trưng bày đa dạng sinh học biển
131,Cá biển,E.57235,Priacanthidae,Priacanthus hamrur,"(Forsskål, 1775)",Cá Trác vàng,Thuyền Chài,01.05.2021,08°16'14.3,113°21'28.7,1,,,1,,1,"Cá Trác vàng
Moontail bullseye

Đặc điểm:
D. X, 13-15; A. III, 13-16;
Chiều dài lớn nhất là 45cm (con đực). Loài cá này có mắt to, cơ thể có màu đỏ đôi khi có những đốm sẫm màu không rõ dọc theo đường bên và ây đuôi có rìa lõm, hơi nhọn hình lưỡi liềm. Loài này có thể nhanh chóng chuyển sang màu hồng bạc với khoảng sáu vạch màu đỏ hoặc các đốm lớn dọc theo thân.
Sinh thái: Là một loài sống ở rạn san hô, sống ở vùng nước biển nhiệt đới trên các sườn rạn san hô bên ngoài và các khu vực nhiều đá và trong các đầm phá ở độ sâu từ 8 đến 250 mét, nhưng phổ biến nhất là từ 30 đến 50 m, hoạt động kiếm ăn chủ yếu vào ban đêm thức ăn của chúng là các loài cá nhỏ, động vật giáp xác nhỏ và các động vật không xương sống khác nhau (động vật thân mềm nhỏ, tôm, cua, giun nhiều tơ, v.v.).
Phân bố:
Thế giới: Ấn Độ-Thái Bình Dương, từ Biển Đỏ và Nam Phi đến Polynesia thuộc Pháp, miền nam Nhật Bản và Australia
Việt Nam: Phân bố ở khu vực miền Trung và cả Nam Bộ",Khu trưng bày đa dạng sinh học biển
132,Cá biển,E.57236,Serranidae,Cephalopholis leopardus,"(Lacepède, 1801)",Cá Mú chấm bé,Thuyền Chài,01.05.2021,08°16'14.3,113°21'28.7,1,,,1,1,,"Cá Mú chấm bé
Leopard hind

Đặc điểm: 
D. IX, 13-15; A. III,  9-10.
Cá mú nhỏ, thân hình tương đối mảnh khảnh, chiều dài cơ thể tối đa là 24cm, thân có màu đỏ nhạt với các đốm lớn màu cam, yên đen ở cuống đuôi, có vệt dưới mép sẫm màu gần đầu vây đuôi trên. 
Sinh học, sinh thái: Cá Mú chấm bé thường thấy ở các rạn san hô với độ sâu từ 3-40m, sống đơn độc có tính lãnh thổ, thường ẩn trú trong rạn san hô. Thức ăn chủ yếu là các loài cá nhỏ và giáp xác nhỏ.
Phân bố: 
Thế giới: Cá Mú chấm bé có phân bố rộng rãi ở khu vực Ấn Độ Dương - Thái Bình Dương, từ Đông Phi trải dài về phía đông đến quần đảo Mariana, quần đảo Line và quần đảo Marquises, ngược lên phía bắc đến Nhật Bản, xa về phía nam đến Úc, Nouvelle-Calédonie và Tonga
Việt Nam: Cù lao Chàm và dọc theo bờ biển Quảng Nam, Khánh Hòa,..",Khu trưng bày đa dạng sinh học biển
133,Cá biển,E.57237,Serranidae,Cephalopholis spiloparaea,"(Valenciennes, 1828)",Cá Mú đỏ dâu,Thuyền Chài,01.05.2021,08°16'14.3,113°21'28.7,,,,1,1,,"Cá Mú đỏ dâu
Strawberry hind

Đặc điểm:
D. IX, 14-16; A. III, 9 - 10.
Đặc trưng bởi toàn thân có màu đỏ hồng đến đỏ cam nhạt, lốm đốm các chấm nhỏ màu đỏ sẫm đến đỏ nâu, vây đuôi có dải màu trắng hình vòng cung ngang mép đuôi. Chiều dài thân chuẩn cá gấp 2,7 - 3,2 lần chiều cao thân; vây đuôi tròn; chiều dài đầu bằng 1,9 - 2,2 chiều dài vây bụng; mắt lớn, đường kính gấp đôi khoảng gian cách mắt. Răng mịn, khía nông.
Sinh học, sinh thái: Cá Mú đỏ dâu được xem là loài phổ biến nhất ở rạn san hô, chúng sống ở các độ sâu dưới 40m. Thức ăn chủ yếu là cua và một số loài giáp xác khác.
Phân bố: 
Thế giới:Ấn Độ Dương - Thái Bình Dương: Pinda, Mozambique đến Polynesia thuộc Pháp, phía bắc đến quần đảo Ryukyu, phía nam đến đảo Heron (cuối phía nam của Great Barrier Reef).
Việt Nam: Mẫu thu được ở vùng biển các đảo: Song Tử Tây, Thuyền Chài, Tốc Tan,",Khu trưng bày đa dạng sinh học biển
134,Cá biển,E.57238,Serranidae,Epinephelus merra,"Bloch, 1793",Cá Mú chấm tổ ong,Thuyền Chài,01.05.2021,08°16'14.3,113°21'28.7,,,,1,1,1,"Cá Mú chấm tổ ong
Honeycomb grouper

Đặc điểm: Cá Mú
D. XI, 15-17; A. III, 8.
Cá Mú chấm tổ ong trưởng thành có chiều dài cơ thể lớn nhất là 60cm. Thân thuôn dài, hình bầu dục. Cơ thể cá trưởng thành có màu vàng nâu hoặc nâu xám với các chấm màu nâu sẫm hình tổ ong phủ khắp đầu và thân, và cả các vây, đôi khi các đốm dính vào nhau tạo thành các vệt dài. Đuôi bo tròn
Sinh thái: thường gặp trong các đầm phá san hô và các rạn san hô hướng ra khơi, độ sâu phân bố đến 50m. Thức ăn chủ yếu là cá và giáp xác.
Phân bố:
Thế giới: vùng biển Ấn Độ- Thái Bình Dương:  từ Nam Phi đến Polynesia (Pháp), không ghi nhận ở Biển Đỏ và vịnh Persian
Việt Nam: vùng rạn san hô ven bờ và các đảo từ Quảng Ninh đến Kiên Giang.",Khu trưng bày đa dạng sinh học biển
135,Cá biển,E.57239,Serranidae,Saloptia powelli,"Smith, 1964",Cá Mú,Thuyền Chài,01.05.2021,08°16'14.3,113°21'28.7,1,,,1,1,,"Cá Mú
Golden grouper

Đặc điểm:
D. VIII, 11; A. III, 8;
Chiều dài lớn nhất là 39cm, có thân hình thuôn dài. Đầu, thân và vây có màu từ vàng đến vàng cam, phần dưới bụng có màu trắng hoặc hồng. mõm, môi và phần trên của đầu có màu đỏ, các gai ở vây lưng đôi khi có những vệt đỏ.
Sinh thái: Loài cá Mú là loài hiếm, chúng sống ở vùng nước sâu trên nền đá với độ sâu 140-367m
Phân bố:
Thế giới: phân bố tập trung chủ yếu ở Thái Bình Dương, Nhật Bản, Úc,..
Việt Nam: Ghi nhận tại hai quần đảo Hoàng Sa và quần đảo Trường Sa",Khu trưng bày đa dạng sinh học biển
136,Cá biển,E.57240,Acanthuridae,Acanthurus nigrofuscus,"(Forsskål, 1775)",Cá Bắp nẻ nâu,Thuyền Chài,04.05.2021,08°16'14.3,113°21'28.7,,,,1,,1,"Cá Bắp nẻ nâu
Brown surgeonfish

Đặc điểm: Có màu nâu, có thể có các đường dọc nhỏ màu xám trên thân, vây ngực có màu nhạt với mép trên hẹp có màu đen, vây bụng màu đen, môi có màu đen, răng hàm trên nhọn, gốc vây lưng có một đốm đen nổi rõ lớn hơn 1/2 đường kính mắt; một đốm nhỏ hơn ở gốc vây hậu môn. Rãnh gai đuôi có viền đen hẹp bao quanh. Cơ thể rất dẹp với mắt cao trên đầu và xương trước ổ mắt dài. Vây lưng đơn không khía có 4-9 gai và 19-31 tia. Vảy lược rất nhỏ. Miệng cuối nhỏ với một hàng răng khít nhau.
Sinh học, sinh thái: Được tìm thấy trên nền cứng của đầm phá nông và các rạn san hô, vùng dưới triều có độ sâu 0-25m, tdi chuyển theo những bầy đàn lớn dọc theo những rạn san hô. Thức ăn chủ yếu là tảo.
Phân bố: 
Thế giới: Ấn Độ Dương, Thái Bình Dương, Nam Phi, các đảo ở Hawaii, Nhật Bản,...
Việt Nam: Khánh Hòa, Phú Yên,..",Khu trưng bày đa dạng sinh học biển
137,Cá biển,E.57241,Acanthuridae,Ctenochaetus striatus,"(Quoy & Gaimard, 1825)",Cá Răng Gai nhiều sọc,Thuyền Chài,04.05.2021,08°16'14.3,113°21'28.7,,,,1,,1,"Cá Răng Gai nhiều sọc
Striated surgeonfish

Đặc điểm: 
D. VIII, 27-31; A. III, 24-28
Cá Răng gai nhiều sọc có chiều dài tối đa là 26cm, ở cuống đuôi mỗi bên có 1 mảnh xương nhọn chỉa ra tạo thành phần ngạnh sắc. Cơ thể hình bầu dục thuôn dài, có màu nâu lục pha xám đến màu vàng nâu với những đường sọc ngang màu xanh lam, đầu, ngực và thân trước chi chít những chấm tròn màu cam, vây ngực có các tia vây màu vàng nâu. Đuôi lõm sâu, hình cánh nhạn, màu nâu đỏ sẫm. Vây lưng và vây hậu môn có viền màu xanh lam ánh kim, sẫm màu hơn thân với các dải sọc màu xanh lam đậm dọc theo chiều dài của vây
Sinh thái: Sống ở vùng gần bờ đến độ sâu 30 m, rạn san hô và vùng có đáy cát, san hô chết. Tập trung thành từng đàn hay riêng lẻ.
Phân bố: 
Thế giới: trải rộng vùng biển Ấn Độ-Thái Bình Dương, không bao gồm quần đảo Hawaii, quần đảo Marquesas và Easter.   
Việt Nam: vùng rạn san hô ven bờ và các đảo từ Quảng Ninh đến Kiên Giang, quần đảo Trường Sa.",Khu trưng bày đa dạng sinh học biển
138,Cá biển,E.57242,Lethrinidae,Monotaxis heterodon,"(Bleeker, 1854)",Cá Hè vây đỏ,Thuyền Chài,04.05.2021,08°16'14.3,113°21'28.7,,,,,,,"Cá Hè vây đỏ
Redfin emperor

Đặc điểm: 
D. X, 10; A.III, 9
Kích thước cơ thể lớn nhất được ghi nhận là 35cm. Thân có màu xám bạc có các vạch trắng hẹp trên thân, rộng 1-2 hàng vảy, một đốm đen lớn phía sau gốc vây ngực (nách), môi màu nâu đến đỏ, đuôi màu vàng và vây thường có màu hơi vàng đến hơi đỏ.
Sinh thái: sống trong rạn san hô ven bờ và ngoài khơi, chúng bắt gặp trong vịnh và đầm phá, đến độ sâu 3-40 m, thường ẩn nấp trong các hang hốc của rạn. 
Phân bố: 
Thế giới: vùng biển Ấn Độ- Thái Bình Dương: Đông Phi đến Samoa, phía bắc lên đến quần đảo Ryukyu (Nhật Bản), phía Nam  đến rạn san hô lớn Great Barrier Reef (Úc), New Caledonia,  Palau (Micronesia).
Việt Nam: vùng rạn đá, rạn san hô ven bờ và các đảo từ Quảng Ninh đến Kiên Giang.",Khu trưng bày đa dạng sinh học biển
139,Cá biển,E.57243,Pomacentridae,Stegastes obreptus,"(Whitley, 1948)",Cá Thia,Thuyền Chài,04.05.2021,08°16'14.3,113°21'28.7,,,,,,,"Cá Thia
Western gregory

Đặc điểm:
D. XIII, 14-16; A. II, 12-14;
Chiều dài thân chuẩn cá gấp 1,7 đến 2,2 lần chiều cao thân. Thân cá và các vây có màu nâu đen đến đen. Viền trước vây bụng và vây hậu môn có màu xanh đen. Môi màu nâu sẫm.
Sinh thái: Chúng thường sống xung quanh các rạn san hô chết hoặc những bãi đá ngầm, những khu vực ít sóng, ở độ sâu khoảng 2 – 10 m. Thức ăn của chúng là rong tảo và các loại động vật không xương sống (giun, giáp xác, ốc biển). Chúng có tập tính sinh sản theo cặp, trứng được đặt trong các hốc đá và được bảo vệ bởi cá đực.
Phân bố: 
Thế giới: Ấn Độ - Thái Bình Dương: Quần đảo Ryukyu, bao gồm Indo-Malayan Archipelago, Tây Úc ở phía bắc Quần đảo Abrolhos; phía đông dọc theo rìa phía bắc của Ấn Độ Dương đến Sri Lanka và Ấn Độ.
Việt Nam: Mẫu thu được ở vùng biển các đảo: Đá Nam, Nam Yết và Thuyền Chài",Khu trưng bày đa dạng sinh học biển
140,Cá biển,E.57244,Serranidae,Cephalopholis urodeta,"(Forster, 1801)",Cá Mú rạn,Thuyền Chài,04.05.2021,08°16'14.3,113°21'28.7,1,,,1,1,1,"Cá Mú rạn
Darkfin hind

Đặc điểm: 
D. IX, 14-16; A. III, 8 - 9
Chiều dài cơ thể lớn nhất được ghi nhận ở cá mú rạn là 28 cm, Cơ thể có màu nâu đỏ đến nâu xám nhạt trở nên sẫm màu hơn về phía sau, với các sọc xiên màu trắng đến xanh nhạt đặc biệt chạy dọc thùy trên và thùy dưới của đuôi, thường có sáu sọc mờ dọc theo bên chia bụng, các đốm nhỏ màu đỏ cam trên đầu và gáy, có một cặp đốm đen ở phía trước môi dưới.
Sinh thái: sống trong vùng nước sạch của rạn san hô,  nhiều trong các rạn được bảo vệ, độ sâu phân bố từ 2-150m. Thức ăn là cá và giáp xác. Là loài chuyển đổi giới tính cái sang đực, sống thành nhóm gồm 1 con đực và từ 2-12 con cái, chúng chiếm cứ lãnh thổ 475m2 và chia thành các vùng phụ và được bảo vệ bỡi 1 con cái.
Phân bố:
Thế giới: vùng biển Ấn Độ- Thái Bình Dương: Biển Đỏ đến Durban (Nam Phi), phía đông đến quần đảo Line. Bắt gặp hầu hết ở các đảo biển Ấn Độ Dương và Trung Tây Thái Bình Dương. Không phát hiện thấy ở vịnh  Persian và vịnh Oman.
Việt Nam: vùng rạn san hô ven bờ và các đảo từ Quảng Ninh đến Kiên Giang.",Khu trưng bày đa dạng sinh học biển
141,Cá biển,E.57245,Serranidae,Epinephelus hexagonatus,"(Forster, 1801)",Cá Mú chấm sao,Thuyền Chài,04.05.2021,08°16'14.3,113°21'28.7,1,,,1,1,,"Cá Mú chấm sao
Starspotted grouper

Đặc điểm: 
D. XI, 15-17; A. III, 8
Loài cá Mú chấm sao có chiều dài thân chuẩn cá gấp 2,8 - 3,5 chiều cao thân, bằng 2,5- 2,6 chiều dài đầu. Toàn thân cá được bao phủ bởi các đốm nâu đa giác (chủ yếu là hình lục giác) có xu hướng hợp nhất; có 4 hoặc 5 vết đen hình yên ngựa màu nâu nâu (hình thành bởi các nhóm đốm đậm hơn) trên phần lưng của thân và cuống đuôi. Các vây có các đốm nâu sẫm hoặc nâu đỏ; vây bụng và vây hậu môn có mép nâu nhạt.
Sinh thái: Cá trưởng thành sống xung quanh các rạn san hô và các bãi đá ngầm ở độ sâu dưới 30m; cá con sống ở vùng nước nông hơn. Thức ăn của cá Mú chấm sao là các loài cá nhỏ hơn, động vật thân mềm và động vật giáp xác
Phân bố: 
Thế giới: Ấn Độ Dương - Thái Bình Dương.
Việt Nam: Mẫu thu được ở vùng biển các đảo: Đá Nam, Nam Yết, Thuyền Chài.",Khu trưng bày đa dạng sinh học biển
142,Cá biển,E.57246,Syngnathidae,Syngnathoides biaculeatus,"(Bloch, 1785)",Cá Hải long,Thuyền Chài,04.05.2021,08°16'14.3,113°21'28.7,1,,,1,,1,"Cá Hải long
Alligator pipefish

Đặc điểm:
D38-48; A4;
Chiều dài cơ thể tối đa là 29 cm. Đầu hẹp có mõm được bao bọc bởi một cặp xúc tu ngắn và thân thon dài và có hình tứ diện, đuôi dài và thuôn nhọn, màu sắc của loài cá này có xu hướng phù hợp với môi trường xung quanh và thường có màu xanh lục, nâu hoặc xám. Con cái thường có đốm và có thể có một đường ngoằn ngoèo màu trắng chạy dọc bụng
Sinh thái: sống trong các môi trường có cỏ biển và rong biển, ẩn náu bằng cách bơi thẳng đứng đầu cúi xuống giữa những tán cây có màu sắc tương tự để ngụy trang, nó kiếm ăn bằng cách hút con mồi, thức ăn chủ yếu bao gồm amphipod , mysids , tôm , động vật không xương sống đáy khác và cá nhỏ
Phân bố:
Thế giới: Úc, Ai Cập, Fiji, Ấn Độ, Indonesia, Nhật Bản, Madagascar, quần đảo Marshall, Micronesia, Mozambique, quần đảo Bắc Mariana, Papua New Guinea, Philippines, Samoa, quần đảo Solomon, Nam Phi, Brasil, Sri Lanka, Đài Loan,...
Việt Nam: Ghi nhận tại vùng biển Trường Sa, vịnh Vân Phong,..",Khu trưng bày đa dạng sinh học biển
1,Cá biển,TB.00001,,Carcharhinus falciformis,"(Müller & Herile, 1839)",Cá Mập da trơn,,,,,,1,,,,,"Tên tiếng Việt: Cá Mập da trơn
Tên tiếng Anh: Silky Shark
ĐẶC ĐIỂM: Chiều dài trước miệng gấp 1,2-1,6 lần khoảng cách mũi. Khe mang dài, chiều dài của khe mang thứ 3 bằng nhỏ hơn 2/5 chiều dài của gốc vây lưng thứ nhất. Vây lưng thứ hai rất nhỏ và thấp, chiều dài bờ bên trong vây lưng thứ hai gấp 2 lần chiều cao của nó. Phần lưng màu đen tối, bụng màu xám.
PHÂN BỐ ĐỊA LÝ 
Cá mập da trơn được tìm thấy ở Thái Bình Dương, Đại Tây Dương và Ấn Độ Dương. Chúng thích sống ở các vùng nước cận nhiệt đới và là một trong những loài cá mập có số lượng nhiều nhất trên thế giới. Chúng là loài cá mập di cư, quần thể cả máp da trơn ở Thái Bình Dương và Ấn Độ Dương thường di cư về phía vĩ độ cao hơn trong những tháng mùa hè.
MÔI TRƯỜNG SỐNG: 
Cá mập da trơn thường sống vùng nước ấm, nhiệt độ khoảng 23°C Chúng thường được tìm thấy gần các thềm lục địa và rạn san hô nằm dưới sâu, nơi có nguồn thức ăn dồi dào. Thông thường, cá mập da trơn sống chủ yếu từ mặt xuống độ sâu 500m nhưng cũng đã bắt gặp ở nơi nước sâu tới 4.000m. Chúng bắt gặp nhiều ở ven bờ, ven đảo khi còn nhỏ
MỨC ĐỘ NGUY HIỂM:
Cá mập da trơn có thể gây nguy hiểm cho con người do kích thước lớn và bản tính hung dữ. Thợ lần nên cẩn trọng khi tiếp xúc với chúng.
TÌNH TRẠNG BẢO TỒN 
IUCN liệt kê loài này gần như bị đe dọa vì bị đánh bắt quả mức, thời gian mang thai dài, đẻ ít con và tốc độ tăng trưởng chậm.
Mẫu được trưng bày tầng 2 khu nhà Song lập bằng phương pháp ngâm bảo quản trong hóa chất Formol

Vị trí lưu trữ: Hồ ngâm Song lập",Khu trưng bày đa dạng sinh học biển
2,Cá biển,TB.00002,,Carcharhinus limbatus,"(Valenciennes, 1839)",Cá Mập thâm (2 con lớn),,,,,,1,,,,,"Tên tiếng Việt: Cá Mập thâm
Tên tiếng Anh: Blacktip shark.
Đặc điểm chuẩn loại: Mõm khá dài và nhọn. Chiều dài trước miệng dài hơn khoảng cách hai mũi. Răng hàm trên hẹp, thẳng hoặc hơi nghiêng, viền có răng cưa rất sắc và thô cả 2 bên răng; răng hàm dưới ngắn, thẳng và có răng cưa, không có chạc răng. Vây lưng thứ nhất to và cong hình lưỡi liềm, đỉnh vây nhọn hoặc tròn, chiều dài của bờ bên trong vây lưng hai bằng 1,1-1,6 chiều cao của nó. Trên phần lưng có màu xám hoặc xám nâu, bụng màu trắng.
Phân bố thế giới: Vùng biển nhiệt đới và cận nhiệt đới của Ấn Độ - Tây Thái Bình Dương và Đại Tây Dương. Chúng bắt gặp nhiều ở ven bờ, ven đảo, cửa sông, vịnh, nhưng không xâm nhập sâu vào nước ngọt. Chúng có thể được tìm thấy ở vùng nước sâu gần rạn san hô nhưng chủ yếu ở trong vòng 30m nước.
MỨC ĐỘ NGUY HIỂM:
Chúng thường nhút nhát, nhưng vì chúng kiếm ăn ở vùng nước nông hơn (dưới 100 ft) nên con người thường xuyên gặp phải. Điều này đã dẫn đến một số vết cắn là trường hợp nhầm lẫn danh tính khi cá mập nhầm người bơi, hoặc cánh tay hoặc chân của người lướt sóng với con mồi (Compagno et al. 2005). Hồ sơ từ Hồ sơ tấn công cá mập quốc tế (ISAF) cho thấy cá mập vây đen trong lịch sử đã gây ra 29 cuộc tấn công vô cớ nhằm vào con người trên khắp thế giới
TÌNH TRẠNG BẢO TỒN:
IUCN liệt kê loài cá Mập thâm là loài sẽ nguy cấp vì được đánh bắt thương mại trên toàn thế giới và phải được coi là loài có nguy cơ tuyệt chủng.
Mẫu được trưng bày tầng 2 khu nhà Song lập bằng phương pháp ngâm bảo quản trong hóa chất Formol

Vị trí lưu trữ: Mập khô Song lập",Khu trưng bày đa dạng sinh học biển
3,Cá biển,TB.00003,,Carcharhinus sorrah,"(Müller & Henle, 1839)",Cá Mập vây đuôi chấm,,,,,,1,,,,,"Tên tiếng Việt: Cá Mập vây đuôi có chấm
Tên tiếng Anh: Spottail shark.
Đặc điểm: Cá mập có kích thước nhỏ, thon dài với mõm dài tròn đến tròn nhọn, mắt khá to. Răng chắc khỏe. Cơ thể có màu xám đến xám đen ở mặt lưng và có màu nhạt hoặc trắng ở mặt bụng thường có dải màu trắng dễ thấy ở sườn. Thùy bụng đuôi có 
mảng đen lớn nổi bật ở phần dưới và chóp, thùy lưng có viền đen, Vây ngực nhỏ, hình lưỡi liềm với các đỉnh thuôn tròn hoặc nhọn, có các đầu màu đen nổi bật. Vây bụng và vây hậu môn không có viền đen. Vây lưng thứ nhất lớn và có hình liềm, có đỉnh nhọn hoặc tròn hẹp có viền đen ở phần đầu, vây lưng thứ hai nhỏ và thấp.
PHÂN BỐ ĐỊA LÝ 
Cá Mập vây đuôi có chấm được tìm thấy ở vùng nhiệt đới Ẩn Độ - Thái Bình Dương trên các thêm lục địa và ngoài khơi thường ở độ sâu khoảng 73 m, có thể đến 140 m. Phạm vi phân bố kéo dài từ bờ biển Đông Phi, Madagascar và Biển Đỏ đến Ấn Độ, Malaysia, Trung Quốc, Việt Nam, Philippines và bắc Australia.
MÔI TRƯỜNG SỐNG 
Cả Mập vây đuôi có chấm ở gần đáy biển vào ban ngày và ban đêm lên trên bề mặt, thường xuyên nhất là xung quanh các rạn. 
MỨC ĐỘ NGUY HIỂM 
Loài này chưa xác nhận tấn công người. 
TÌNH TRẠNG BẢO TỒN 
IUCN đã liệt kê loài cá mập này gần như bị đe dọa vì chúng bị đánh bắt quả mức và nhiều quần thể đang bị đe dọa vì chúng bị đánh bắt quá mức và nhiều quần thể đang bị suy giảm.
Mẫu được trưng bày tầng 2 khu nhà Song lập bằng phương pháp ngâm bảo quản trong hóa chất Formol

Vị trí lưu trữ: Mập khô Song lập",Khu trưng bày đa dạng sinh học biển
4,Cá biển,TB.00004,,Sphyrna lewini,"(Griffith & Smith, 1834)",Cá Mập búa vây đen,,,,,,1,,,,,"Tên tiếng Việt: Cá Mập búa vây đen
Tên tiếng Anh: Scalloped hammerhed.
Đặc điểm: Thân dài, dẹp bên. Đầu dạng búa (hình chữ “T”). Mép trước mõm rất rộng, hình sóng, phía trong 2 lỗ mũi khuyết sâu thành rãnh. Mép bên trước đầu tròn và nhô ra. Mép phía sau lõm vào và rất mỏng. Chiều dài mũi bằng 0,8 lần đường kính mắt. Miệng rất rộng, chiều dài trước miệng bằng 1/5-1/3 chiều rộng đầu. Vây đuôi rộng, lõm sâu. Trên thân có màu nâu sáng, đỉnh vây lưng có màu nâu đến đen
PHÂN BỐ ĐỊA LÝ
Cá nhám búa vây đen sống ở vùng biển khơi trên toàn thế giải, thưởng ở các vùng nước ẩm nhiệt đới như Đại Tây Dương, Ấn Độ Dương và Thái Bình Dương.
MÔI TRƯỜNG SỐNG
Cá Mập búa vây đen chủ yếu sinh sống ở vùng biển khơi nhưng cũng có thể được tìm thấy gần các thềm lục địa và hải đảo, các vịnh và cửa sông. Cá nhám búa vây đen có thể thay đổi các môi trường sống khác nhau trong ngày. Vào lúc binh minh, chúng đi chuyển từ bãi săn mồi ngoài khơi đến các thềm đảo, núi ngầm, vịnh và cửa sông. Ban ngày, chúng di cư đến các rạn san hô nơi những con cái tập trung thành đàn để giao tiếp với nhau. Đến hoàng hôn, chúng quay lại vùng khơi tìm kiếm thức ăn.
MỨC ĐỘ NGUY HIỂM
Cá Mập búa vây đen lớn được coi là loài có thể gây nguy hiểm cho con người. Tuy nhiên, đến nay vẫn chưa ghi nhận loài này tấn công người.
TÌNH TRẠNG BẢO TỒN
IUCN liệt kê loài này có nguy cơ tuyệt chủng vì chúng bị đánh bắt quá mức
Mẫu được trưng bày tầng 2 khu nhà Song lập bằng phương pháp ngâm bảo quản trong hóa chất Formol

Vị trí lưu trữ: Hồ ngâm Song lập",Khu trưng bày đa dạng sinh học biển
5,Cá biển,TB.00005,,Squalus japonicus,"Ishikawa, 1908",Cá Nhám góc mõm dài,,,,,,1,,,,,"Tên tiếng Việt: Cá Nhám góc mõm dài
Tên tiếng Anh: Japanese spurdog
Đặc điểm: Cá nhám góc mõm dài có thân hình khá mảnh mai, mõm góc cạnh, mõm trước miệng rộng khoảng 1,5 đến 1,9 lần chiều rộng miệng, mắt gần khe mang thứ nhất hơn đầu mõm; lỗ mũi gần miệng hơn chóp mõm. Hai vây lưng không có rãnh, có gai lớn. Màu sắc: không có đốm trắng ở hai bên thân, vây lưng có viền trắng, đuôi không có vết sẫm màu.
PHÂN BỔ ĐỊA LÝ
Vùng biển Tây Bắc Thái Bình Dương, từ Triều Tiên, Trung Quốc, Nam Nhật Bản đến Việt Nam. Vùng sinh sống chủ yếu là thềm lục địa, ven các đảo. Độ sâu phân bố từ 52-400m, thường gặp từ 100-150m
MÔI TRƯỜNG SỐNG
Cá Nhám góc mõm dài là loài cá mập sống ở nước sâu, thường sống ở thềm lục địa và sườn trên, đôi khi ở trên hoặc gần đây bùn cát từ độ sâu 52m đến ít nhất 400m.
MỨC ĐỘ NGUY HIỂM
Cá Nhám góc mõm dài xuất hiện ở vùng nước sâu hơn 50m và ăn các loài cá xương và động vật không xương sống. Vì vậy, chưa có ghi nhận nào về các cuộc tấn công của chúng đối với con người. 
TÌNH TRẠNG BẢO TỒN
Ước tính số lượng cá nhằm góc mõm dài đã giảm 50–79% trong ba thế hệ qua (63 năm) do khai thác quá mức. IUCN liệt kê loài này có nguy cơ tuyệt chủng
Mẫu được trưng bày tầng 2 khu nhà Song lập bằng phương pháp ngâm bảo quản trong hóa chất Formol

Vị trí lưu trữ: Hồ ngâm Song lập",Khu trưng bày đa dạng sinh học biển
6,Cá biển,TB.00006,,Isurus oxyrinchus,"Rafinesque, 1810",Cá nhám Thu,,,,,,1,,,,,"Tên tiếng Việt: Cá Nhám thu, Nhám chuột;
Tên tiếng Anh: Shortfin mako.
ĐẶC ĐIỂM: Cơ thể dạng thoi dài. Mắt khá to. Đầu tương đối ngắn, dài bằng 1/2 chiều dài thân. Mõm dài, hình nón nhọn. Khe mang rất rộng nằm kề phía trước gốc vây ngực. Răng không có chạc răng hai bên, viền không có răng cưa. Vây ngực dài, hình lưỡi liềm, chiều dài viền trước vây ngực ngắn hơn chiều dài đầu
PHÂN BỐ ĐỊA LÝ: Cá Nhám thu sống ở hầu hết các đại dương như Thái Bình Dương. Đại Tây Dương và Ấn Độ Dương. Loài cá mập này có thể di chuyển hàng nghìn km mỗi tháng để tìm kiếm con mồi hoặc ban tình
MÔI TRƯỜNG SỐNG: Cá Nhám thu là loài cá nổi, phân bố từ vùng nước bề mặt đến độ sâu 150m đến 740 mét. Loài này có thể sống ở nhiều vùng biển nhưng chúng thích sống ở vùng biển ngoài khơi nhiệt đới và ôn đới nhiệt độ từ 17-20°C. Chúng cũng có thể sống trong môi trường nước lạnh tới 5-11°C vì chúng có thể bảo tồn nhiệt trong cơ thể thay vì thoát nhiệt qua mang.
MỨC ĐỘ NGUY HIỂM
Chỉ có ba báo cáo về các cuộc tấn công của cá nhằm thu đối với con người kể từ năm 1974, do đó chúng không được xem là loài nguy hiểm đối với con người.
TÌNH TRẠNG BẢO TỒN
IUCN liệt kê cá Nhám thu là loài dễ bị tổn thương. Số lượng ngày càng giảm có thể do đánh bát quá mức.
Mẫu được trưng bày tầng 2 khu nhà Song lập bằng phương pháp ngâm bảo quản trong hóa chất Formol

Vị trí lưu trữ: Hồ ngâm Song lập",Khu trưng bày đa dạng sinh học biển
7,Cá biển,TB.00007,,Carcharhinus melanopterus,"(Quoy & Gaimard, 1824)",Cá Mập vây đen (2 con lớn),,,,,,1,,,,,"Tên tiếng Việt: Cá Mập vây đen
Tên tiếng Anh: Blacktip reef shark
ĐẶC ĐIỂM: Cá Mập vây đen có màu nâu nâu ở mặt lưng với các mảng màu trắng ở mặt dưới. Một dải sáng kéo dài dọc theo sườn từ vây hậu môn đến ngay phía trên vây ngực như ở nhiều loài thuộc chi Carcharhinus. Tất cả các vây đều có đầu màu đen được tạo điểm nhấn trên màu trắng của cơ thể. hân hình có kích thước trung bình với mõm ngắn và tròn thẳng. Đôi mắt có hình bầu dục nằm ngang và chỏm răng hẹp.
PHÂN BỐ ĐỊA LÝ: Cá Mập vây đen thường được tìm thấy trên khắp vùng nhiệt đới Ấn Độ-Thái Bình Dương. Phạm vi phân bố của chúng bao gồm các vùng biển xung quanh Thái Lan, Trung Quốc, Nhật Bản, Philippines, Indonesia, Malaysia, Papua New Guinea, New Caledonia và miền bắc Australia (Compagno 1984),..
MÔI TRƯỜNG SỐNG: Cá mập vây đen Thích nước nông, trong, thường được tìm thấy trên các rạn san hô, rạn san hô và bãi cát, trên các rạn san hô, trong các đảo san hô hoặc dọc theo thềm lục địa và hải đảo, cả vùng triều và rừng ngập mặn (Last và Stevens 2009, Ebert et al. 2013), các cuộc di chuyển trong phạm vi đường dài không phổ biến. Chúng dành khoảng 70% thời gian của chúng trong một khu vực có diện tích 0,3 km² trong suốt một năm và việc di cư thường diễn ra xung quanh một hòn đảo nơi chúng sống hoặc giữa các đảo lân cận (Mourier và Planes 2013).
MỨC ĐỘ NGUY HIỂM
Cá Mập vây đen đôi khi được biết là cắn người đang bơi hoặc lội nước nhưng không gây ra mối đe dọa nghiêm trọng cho con người. Hồ sơ tấn công cá mập quốc tế (ISAF) đã ghi nhận chỉ có 11 vụ cá mập rạn san hô đầu đen vô cớ cắn người kể từ năm 1959.
TÌNH TRẠNG BẢO TỒN
IUCN liệt kê cá Mập vây đen được coi là ""Gần bị đe dọa"" theo tiêu chí loài bị đe dọa của Liên minh Bảo tồn Thiên nhiên Quốc tế (IUCN) do bị đánh bắt bởi nghề cá ven bờ ở một số vùng chúng được sử dụng để lấy vây, thịt và dầu gan nhưng có giá trị thương mại hạn chế do kích thước nhỏ.
Mẫu được trưng bày tầng 2 khu nhà Song lập bằng phương pháp chế tác mẫu khô

Vị trí lưu trữ: Mẫu khô Song lập",Khu trưng bày đa dạng sinh học biển
8,Cá biển,TB.00008,,Triaenodon obesus,"(Rüppell, 1837)",Cá Mập rạn san hô (con nhỏ nhất),,,,,,1,,,,,"Tên tiếng Việt: Cá mập rạn san hô
Tên tiếng Anh: Whitetip reef shark
ĐẶC ĐIỂM: Cá mập rạn san hô có chiều dài tối đa là 2,13m nhưng chiều dài trung bình 1.6m là loài ca có thân hình mảnh mai vừa phải, đầu rất rộng và dẹt. mõm tròn rộng và rất ngắn. Nó có màu xám nâu ở trên lưng nhạt dần xuống màu trắng ở dưới bụng, có những đốm màu xám đen rải rác ở hai bên cơ thể. Đầu của vây lưng thứ nhất và thùy vây đuôi trên có màu trắng sáng. Đầu của vây lưng thứ hai và thùy vây đuôi dưới đôi khi có màu trắng. Răng giống nhau ở hàm trên và hàm dưới. Răng trước sau ở cả hai hàm mọc thẳng hoặc nửa xiên, chỏm hẹp, răng nanh ở đầu gần và xa cao, khỏe nhưng không có răng cưa
PHÂN BỐ ĐỊA LÝ: Cá mập rạn san hô có phân bố từ Ấn Độ Dương-Thái Bình Dương: Biển Đỏ và Đông Phi đến Indonesia và Biển, phía bắc đến đảo Ryukyu và Ogasawara, phía nam New South Wales (Úc),…
MÔI TRƯỜNG SỐNG: Cá mập rạn san hô được tìm thấy ở vùng biển nhiệt đới thường gắn liền với các rạn san hô, chúng hoạt động mạnh nhất vào ban đêm hoặc khi thủy triều xuống và dành phần lớn thời gian trong ngày để nghỉ ngơi trong các hang động đơn lẻ hoặc theo nhóm nhỏ, xếp song song hoặc xếp chồng lên nhau, phạm vi độ sâu 0 - 330 m và thường là 8-40m,
MỨC ĐỘ NGUY HIỂM
Cá mập rạn san hô Whitetip là loài có tính tò mò thường tiếp cận thợ lặn, tuy nhiên hiếm khi tấn công con người nên nó không được coi là nguy hiểm cho con người.
TÌNH TRẠNG BẢO TỒN
(IUCN) đã đánh giá loài này là loài dễ bị tổn thương vì số lượng của loài này đã giảm trong những thập kỷ gần đây do áp lực đánh bắt ngày càng tăng và do đó không được kiểm soát ở vùng nhiệt đới. Môi trường sống hạn chế, độ phân tán thấp và sinh sản chậm là những yếu tố hạn chế khả năng phục hồi của loài cá mập này sau khi bị đánh bắt quá mức
Mẫu được trưng bày tầng 2 khu nhà Song lập bằng phương pháp chế tác mẫu khô

Vị trí lưu trữ: Mập khô Song lập",Khu trưng bày đa dạng sinh học biển
323,Giun nhiều tơ,E.57277,Eunicidae,Palola siciliensis,"(Grube, 1840)",,Tốc Tan,14.10.2020,08°49'38.3,113°56'06.5,,,,,,,"Thuộc họ Eunicidae. Cơ thể có kích thước lớn (có thể đến 300mm chiều dài) với phần trước có hình trụ và cứng, phần sau thường mềm dẹt và mềm hơn. Mép trước của đầu có vết xẻ hình chữ V. Có 5 anten ngắn và trơn. Đôi râu xúc mao ở đốt quanh miệng nhẵn, không phân đốt. Mang  chỉ có 1 hoặc 2 sợi và bắt đầu sau đốt 60.",Khu trưng bày đa dạng sinh học biển
324,Giun nhiều tơ,E.57278,Phyllodocidae,Phyllodoce madeirensis,"Langerhans, 1880",,Tốc Tan,14.10.2020,08°49'38.3,113°56'06.5,,,,,,,"Thuộc họ Phyllodocidae. Cơ thể dài, mảnh. Phần trước miệng rõ ràng, rộng và tròn hoặc hình tim. Một đôi mắt, 2 đôi anten trước trán. Phần vòi không có hàm nhưng thường dài và có các nhú thịt. Đốt 1 đến 3 có thể biến đổi hoặ tiêu giảm hoặc dính với nhau. Chúng có thể mất một phần hoặc tất cả các lông gai và cirri của các chân bên có thể kéo dài tạo thành các tua cảm xúc. Chi bên của các đốt tiếp theo có 1 thùy.",Khu trưng bày đa dạng sinh học biển
325,Giun nhiều tơ,E.57279,Nereididae,Pseudonereis anomala,"Gravier, 1899",,Tốc Tan,14.10.2020,08°49'38.3,113°56'06.5,,,,,,,"Thuộc họ Nereididae. Cơ thể có chiều dài từ 17,5-32,3 mm, có từ 45 đến 70 đốt, phần đầu to và thon dần về phía sau đuôi. Cơ thể có màu kem với màu nâu ở mặt bụng ở phần đầu và phần đuôi.",Khu trưng bày đa dạng sinh học biển
326,Giun nhiều tơ,E.57283,Eunicidae,Lysidice unicornis,"(Grube, 1840)",,Nam Yết,12.04.2021,10°10'43.0,114°20'49.6,,,,,,,"Thuộc họ Eunicidae. Cơ thể thon dài. Đầu tròn với 1 anten chính giữa có chiều dài ngắn hơn phần trước miệng và 1 đôi mắt lớn, đen. Chân có 1 xúc mao lưng hình ngón và 1 xúc mao bụng to và ngắn hơn so với xúc mao lưng. Cơ thể không có mang. Các chân bên của các đốt ở phần trước cơ thể có 3 loại lông tơ: capillary, dạng hình lược và dạng lông tơ kép 2 răng và có mũ trùm đầu.",Khu trưng bày đa dạng sinh học biển
327,Giun nhiều tơ,E.57284,Eunicidae,Lysidice collaris,"Grube, 1870",,Nam Yết,12.04.2021,10°10'43.0,114°20'49.6,,,,,,,Thuộc họ Eunicidae. Đầu có mép trước chia thành 2 thùy với 3 anten thon và dài hơn phần trước miệng 1 tý. Một đôi mắt đen hình quả thận. Mỗi đôi chân có 1 xúc mao lưng hình nón và 1 xúc mao bụng rất nhỏ - khó quan sát từ sau đốt thứ 30.,Khu trưng bày đa dạng sinh học biển
328,Giun nhiều tơ,E.57282,Nereididae,Nereis falcaria,"(Willey, 1905)",Giun nhiều tơ,Tốc Tan,14.10.2020,08°49'38.3,113°56'06.5,,,,,,,"Thuộc họ Nereididae, có chiều dài cơ thể tối đa là 100mm, cơ thể hình trụ và thon dài, có khoảng 200 đốt, có 4 cặp râu ở phần đầu. Chúng thường sống trong các môi trường có cát mịn",Khu trưng bày đa dạng sinh học biển
221,Rắn biển,E.55498,HYDROPHIIDAE,Aipysurus eydouxii,"(Gray, 1849)",Đẻn biển đuôi gai,Cảng cá Tắc Cậu - Kiên Giang,01.01.2015,,,,,1,,,,"Hiện trạng bảo tồn:
CITES (2013): Không.
Nghị định số 160/2013/ND-CP: Không.
Danh lục đỏ IUCN (2015.4): Ít liên quan.
Sách đỏ Việt Nam (2007): Sẽ nguy cấp.
Đặc điểm nhận dạng: Xương hàm trên kéo dài qua xương vòm miệng; vảy bụng lớn, ít nhất lớn gấp 3 lần vảy bên thân. Hàng vảy quanh cổ 15–17; hàng vảy quanh thân 17; vảy bụng 124–149; răng xương hàm trên phía sau răng nanh độc 7–12 và rất nhỏ.
Màu sắc: cơ thể có màu hơi nâu hoặc xanh ô-liu ở phần lưng và nhạt hơn ở phần bụng, các khoanh có màu vàng hoặc nâu nhạt không theo quy luật, chúng mở rộng hai bên sườn và kết thúc ở phần vảy bụng; vảy ở trong các khoanh thường có mép đen.

Sinh thái:
Môi trường sống: Biển trên nền đáy bùn, cũng ở sông và cửa sông (Heatwole &Lukoschek, 2008).
Thức ăn: Chủ yếu là trứng cá, lươn (Voris, 1972).
Sinh sản: Trứng thai- đẻ con.

Phân bố:
Phân bố chung: Biển Tây Malaysia, vịnh Thái Lan, Indonesia và vùng biển Úc (David &Ineich, 1999).
Phân bố ở Việt Nam: Mũi Kê Gà tỉnh Bình Thuận (Sáng & Cúc, 1996; Kharin, 2006), cảng cá Long Hải tỉnh Bà Rịa-Vũng Tàu, cảng cá Sông Đốc tỉnh Cà Mau, cảng cá Tắc Cậu tỉnh Kiên Giang (Cao và cs., 2014).

Độc tố: Độc tố thần kinh (Li và cs., 2005).

Ứng dụng: Thực phẩm, thuốc truyền thống.

Ghi chú:
Tình trạng: Thường được tìm thấy ở cảng cá Sông Đốc tỉnh Cà Mau, cảng cá Tắc Cậu tỉnh
Kiên Giang.
Đề nghị đánh giá lại dữ liệu sách đỏ Việt Nam. Mẫu từ Việt Nam được lưu giữ tại Viện Hải dương học, thành phố Nha Trang, năm 2013-2015.",Khu trưng bày đa dạng sinh học biển
281,Rắn biển,E.55536,HYDROPHIIDAE,Aipysurus eydouxii,"(Gray, 1849)",Đẻn biển đuôi gai,Indochine,,,,,,1,,,,"Hiện trạng bảo tồn:
CITES (2013): Không.
Nghị định số 160/2013/ND-CP: Không.
Danh lục đỏ IUCN (2015.4): Ít liên quan.
Sách đỏ Việt Nam (2007): Sẽ nguy cấp.
Đặc điểm nhận dạng: Xương hàm trên kéo dài qua xương vòm miệng; vảy bụng lớn, ít nhất lớn gấp 3 lần vảy bên thân. Hàng vảy quanh cổ 15–17; hàng vảy quanh thân 17; vảy bụng 124–149; răng xương hàm trên phía sau răng nanh độc 7–12 và rất nhỏ.
Màu sắc: cơ thể có màu hơi nâu hoặc xanh ô-liu ở phần lưng và nhạt hơn ở phần bụng, các khoanh có màu vàng hoặc nâu nhạt không theo quy luật, chúng mở rộng hai bên sườn và kết thúc ở phần vảy bụng; vảy ở trong các khoanh thường có mép đen.

Sinh thái:
Môi trường sống: Biển trên nền đáy bùn, cũng ở sông và cửa sông (Heatwole &Lukoschek, 2008).
Thức ăn: Chủ yếu là trứng cá, lươn (Voris, 1972).
Sinh sản: Trứng thai- đẻ con.

Phân bố:
Phân bố chung: Biển Tây Malaysia, vịnh Thái Lan, Indonesia và vùng biển Úc (David &Ineich, 1999).
Phân bố ở Việt Nam: Mũi Kê Gà tỉnh Bình Thuận (Sáng & Cúc, 1996; Kharin, 2006), cảng cá Long Hải tỉnh Bà Rịa-Vũng Tàu, cảng cá Sông Đốc tỉnh Cà Mau, cảng cá Tắc Cậu tỉnh Kiên Giang (Cao và cs., 2014).

Độc tố: Độc tố thần kinh (Li và cs., 2005).

Ứng dụng: Thực phẩm, thuốc truyền thống.

Ghi chú:
Tình trạng: Thường được tìm thấy ở cảng cá Sông Đốc tỉnh Cà Mau, cảng cá Tắc Cậu tỉnh
Kiên Giang.
Đề nghị đánh giá lại dữ liệu sách đỏ Việt Nam. Mẫu từ Việt Nam được lưu giữ tại Viện Hải dương học, thành phố Nha Trang, năm 2013-2015.",Khu trưng bày đa dạng sinh học biển
,Rắn biển,E.55523,HYDROPHIIDAE,Hydrophis annandelei,"(Laidlaw, 1901)","Đẻn vảy đầu phân, đẻn đầu to",Phan Thiết,,,,,,,,,,"Hiện trạng bảo tồn:
CITES (2013): Không.
Nghị định số 160/2013/ND-CP: Không.
Danh lục đỏ IUCN (2015.2): Thiếu dữ liệu.
Sách đỏ Việt Nam (2007): Không.
Đặc điểm nhận dạng: Tấm vảy đầu bị phân mảnh không theo quy luật (cái lớn, cái nhỏ). Đầu lớn, thân chắc khỏe, được phủ với các vảy nhỏ không theo quy luật. Hàng vảy quanh cổ (62–82) và hàng vảy quanh thân (74–93); vảy bụng 320–368, răng của xương hàm trên phía sau răng nanh độc 6–7.
Màu sắc: Thân hơi vàng, các khoanh nhạt ở phần trên lưng, chiều rộng của các khoanh lớn hơn khoảng cách giữa hai khoanh, hẹp về phía hai bên sườn.

Sinh thái:
Môi trường sống: Thường sống ở vùng biển nông ven bờ, có đáy bùn (Smith 1926, Rasmussen và cs., 2001); loài này cũng ghi nhận trong hồ nước ngọt ở Pattani Thái Lan (Boulenger, 1912).
Thức ăn: Ít được biết.
Sinh sản: Trứng thai.

Phân bố:
Phân bố chung: Singapore, Vịnh Thái Lan, biển Nam Trung Quốc, Borneo và Java (Das,1993; David & Ineich, 1999).
Phân bố ở Việt Nam: Ở cảng cá Cồn Chà tỉnh Bình Thuận (Dương, 1978; Sáng & Cúc, 1996; Sáng và cs, 2009; Kharin, 2006).

Độc tố: Độc tố thần kinh.

Ứng dụng: Thực phẩm, thuốc truyền thống và kỹ nghệ da.

Ghi chú:
Tình trạng: Ít gặp ở vùng biển Việt Nam.
Sẽ nguy cấp (VU). Trong 15 năm qua không thu được mẫu ở Việt Nam. Mẫu từ Việt Nam đang lưu giữ tại Viện Hải dương học, thành phố Nha Trang, trong năm 1936.",Khu trưng bày đa dạng sinh học biển
283,Rắn biển,E.55492,HYDROPHIIDAE,Hydrophis atriceps,"(Günther, 1864)",Đẻn cạp nong,Cảng Sông Đốc - Cà Mau,01.01.2012,,,,,,,,,"Hiện trạng bảo tồn:
CITES (2013): Không.
Nghị định số 160/2013/ND-CP: Không.
Danh lục đỏ IUCN (2015.4): Ít liên quan.
Sách đỏ Việt Nam (2007): Không.
Đặc điểm nhận dạng: Đầu nhỏ. Thân dài và mảnh ở phần trước. Hơn 31 hàng vảy quanh giữa đuôi. Hàng vảy quanh cổ 25–30; hàng vảy quanh thân 39–49; vảy bụng 320–455; răng xương hàm trên phía sau răng nanh độc 5–6.
Màu sắc: Đầu đen hoặc đen sẫm. Phần trước thân đen hoặc đen sẫm có những vết hình ô van vàng nhạt hai bên sườn hoặc các vệt này kết hợp lại thành khoanh, phần sau thân hơi trắng xám ở phía lưng, phía bụng hơi trắng, có nhiều khoanh đen sẫm kéo dài ra hai
bên sườn tạo thành một khoanh hoàn chỉnh.

Sinh thái:
Môi trường sống: Dọc bờ biển và vùng cửa sông (Karthikeyan & Balasubramaniant,2007).
Thức ăn: Chủ yếu là cá (Karthikeyan & Balasubramaniant, 2007).
Sinh sản: Trứng thái-đẻ con, mỗi lứa từ 4-8 con (Karthikeyan & Balasubramaniant, 2007).

Phân bố:
Phân bố chung: Singapore, vịnh Thái Lan, Trung Quốc, Philippin, Indonesia và vùng biển Arafura (Smith, 1926; David & Ineich, 1999).
Phân bố ở Việt nam: Tìm thấy ở Vịnh Bắc Bộ (Shuntov, 1962, Kiên & Thắng, 1995; Sáng &Cúc 1996), cảng cá Cồn Chà tỉnh Bình Thuận, cảng cá Long Hải tỉnh Bà Rịa-Vũng Tàu (Sáng và cs, 2009, Cao và cs, 2014), cảng cá Sông Đốc tỉnh Cà Mau (Cao và cs, 2014).

Độc tố: Độc tố thần kinh.

Ứng dụng: Thực phẩm và thuốc truyền thống.

Ghi chú:
Tình trạng: Thỉnh thoảng gặp ở vùng biển Việt Nam.
Loài H. atriceps được xem như loài phụ của H. fasciatus, hiện nay các tác giã công nhận H. atriceps là loài chính thức (Cogger và cs., 1983). Mẫu từ vùng biển Việt Nam đang lưu giữ tại Viện Hải dương học, thành phố Nha Trang, năm 2011-2013.",Khu trưng bày đa dạng sinh học biển
222,Rắn biển,E.55494,HYDROPHIIDAE,Hydrophis atriceps,"(Günther, 1864)",Đẻn cạp nong,Cảng Sông Đốc - Cà Mau,01.01.2012,,,,,,,,,"Hiện trạng bảo tồn:
CITES (2013): Không.
Nghị định số 160/2013/ND-CP: Không.
Danh lục đỏ IUCN (2015.4): Ít liên quan.
Sách đỏ Việt Nam (2007): Không.
Đặc điểm nhận dạng: Đầu nhỏ. Thân dài và mảnh ở phần trước. Hơn 31 hàng vảy quanh giữa đuôi. Hàng vảy quanh cổ 25–30; hàng vảy quanh thân 39–49; vảy bụng 320–455; răng xương hàm trên phía sau răng nanh độc 5–6.
Màu sắc: Đầu đen hoặc đen sẫm. Phần trước thân đen hoặc đen sẫm có những vết hình ô van vàng nhạt hai bên sườn hoặc các vệt này kết hợp lại thành khoanh, phần sau thân hơi trắng xám ở phía lưng, phía bụng hơi trắng, có nhiều khoanh đen sẫm kéo dài ra hai
bên sườn tạo thành một khoanh hoàn chỉnh.

Sinh thái:
Môi trường sống: Dọc bờ biển và vùng cửa sông (Karthikeyan & Balasubramaniant,2007).
Thức ăn: Chủ yếu là cá (Karthikeyan & Balasubramaniant, 2007).
Sinh sản: Trứng thái-đẻ con, mỗi lứa từ 4-8 con (Karthikeyan & Balasubramaniant, 2007).

Phân bố:
Phân bố chung: Singapore, vịnh Thái Lan, Trung Quốc, Philippin, Indonesia và vùng biển Arafura (Smith, 1926; David & Ineich, 1999).
Phân bố ở Việt nam: Tìm thấy ở Vịnh Bắc Bộ (Shuntov, 1962, Kiên & Thắng, 1995; Sáng &Cúc 1996), cảng cá Cồn Chà tỉnh Bình Thuận, cảng cá Long Hải tỉnh Bà Rịa-Vũng Tàu (Sáng và cs, 2009, Cao và cs, 2014), cảng cá Sông Đốc tỉnh Cà Mau (Cao và cs, 2014).

Độc tố: Độc tố thần kinh.

Ứng dụng: Thực phẩm và thuốc truyền thống.

Ghi chú:
Tình trạng: Thỉnh thoảng gặp ở vùng biển Việt Nam.
Loài H. atriceps được xem như loài phụ của H. fasciatus, hiện nay các tác giã công nhận H. atriceps là loài chính thức (Cogger và cs., 1983). Mẫu từ vùng biển Việt Nam đang lưu giữ tại Viện Hải dương học, thành phố Nha Trang, năm 2011-2013.",Khu trưng bày đa dạng sinh học biển
284,Rắn biển,E.55508,HYDROPHIIDAE,Hydrophis brooki,"(Günther, 1872)",Rắn biển brooki,,,,,,,,,,,"Hiện trạng bảo tồn:
CITES (2013): Không
Nghị định số 160/2013/ND-CP: Không.
Red List Category & Criteria (IUCN- 2015.4): Ít liên quan.
Sách đỏ Việt Nam (2007): Không.
Đặc điểm nhận dạng: Đầu nhỏ, thân dài và mảnh ở phần trước. Hàng vảy quanh cổ 25–31; hàng vảy quanh thân 37– 45; vảy bụng 328 – 414; răng của xương hàm trên sau răng nanh độc 4 – 5.
Màu sắc: Đầu hơi đen, có vệt màu vàng hình móng ngựa ở hai bên đầu; thân màu hơi trắng xanh có từ 60 - 80 khoanh đen hoặc đen sẫm. Khoanh ở phần trước thì bao quanh thân, nhưng phía sau các khoanh này hẹp dần về phía hai bên và có thể không bao hoàn
toàn ở phía bụng.

Sinh thái:
Môi trường sống: Ít được biết về sinh thái của loài này.
Thức ăn: Chủ yếu là lươn (Voris &Voris, 1983).
Sinh sản: Trứng thái- đẻ con.

Phân bố:
Phân bố chung: Bán đảo In Đô - Mả Lai, biển Nam Trung Quốc và phía Bắc của bờ biển Borneo và Java (David & Ineich, 1999).
Phân bố ở Việt Nam: Tìm thấy ở mũi Kê Gà, cảng cá Cồn Chà tỉnh Bình Thuận (Kiên &Thắng, 1995; Sáng & Cúc, 1996; Kharin, 2006).

Độc tố: Độc tố thần kinh.
Sử dụng và thương mại: Thực phẩm, thuốc tuyền thống và kỹ nghệ da.

Ghi chú:
Tình trạng: Ít gặp ở vùng biển Việt Nam.
Sẽ bị tổn thương, trong 15 năm qua không thu được mẫu ở vùng biển Việt Nam. Mẫu lưu ở Viện động vật - Viện Hàn lâm khoa học Nga (Dotsenko, 1999; Kharin, 2006).",Khu trưng bày đa dạng sinh học biển
285,Rắn biển,E.55544,HYDROPHIIDAE,Hydrophis brooki,"(Günther, 1872)",Rắn biển brooki,Kê Gà - Phan Thiết,,,,,,,,,,"Hiện trạng bảo tồn:
CITES (2013): Không
Nghị định số 160/2013/ND-CP: Không.
Red List Category & Criteria (IUCN- 2015.4): Ít liên quan.
Sách đỏ Việt Nam (2007): Không.
Đặc điểm nhận dạng: Đầu nhỏ, thân dài và mảnh ở phần trước. Hàng vảy quanh cổ 25–31; hàng vảy quanh thân 37– 45; vảy bụng 328 – 414; răng của xương hàm trên sau răng nanh độc 4 – 5.
Màu sắc: Đầu hơi đen, có vệt màu vàng hình móng ngựa ở hai bên đầu; thân màu hơi trắng xanh có từ 60 - 80 khoanh đen hoặc đen sẫm. Khoanh ở phần trước thì bao quanh thân, nhưng phía sau các khoanh này hẹp dần về phía hai bên và có thể không bao hoàn
toàn ở phía bụng.

Sinh thái:
Môi trường sống: Ít được biết về sinh thái của loài này.
Thức ăn: Chủ yếu là lươn (Voris &Voris, 1983).
Sinh sản: Trứng thái- đẻ con.

Phân bố:
Phân bố chung: Bán đảo In Đô - Mả Lai, biển Nam Trung Quốc và phía Bắc của bờ biển Borneo và Java (David & Ineich, 1999).
Phân bố ở Việt Nam: Tìm thấy ở mũi Kê Gà, cảng cá Cồn Chà tỉnh Bình Thuận (Kiên &Thắng, 1995; Sáng & Cúc, 1996; Kharin, 2006).

Độc tố: Độc tố thần kinh.
Sử dụng và thương mại: Thực phẩm, thuốc tuyền thống và kỹ nghệ da.

Ghi chú:
Tình trạng: Ít gặp ở vùng biển Việt Nam.
Sẽ bị tổn thương, trong 15 năm qua không thu được mẫu ở vùng biển Việt Nam. Mẫu lưu ở Viện động vật - Viện Hàn lâm khoa học Nga (Dotsenko, 1999; Kharin, 2006).",Khu trưng bày đa dạng sinh học biển
286,Rắn biển,E.55490,HYDROPHIIDAE,Hydrophis curtus,"(Shaw, 1802)","Đẻn cơm, đẻn cá",Cảng Sông Đốc - Cà Mau,01.01.2012,,,,,,,,,"Hiện trạng bảo tồn:
CITES (2013): Không.
Nghị định số 160/2013/ND-CP: Không.
Danh lục đỏ IUCN (2015.4): Ít liên quan.
Sách đỏ Việt Nam (2007): Không.
Đặc điểm nhận dạng: Có 3 hoặc 4 hàng vảy bên lớn hơn các vảy khác. Hàng vảy quanh cổ 23–35; hàng vảy quanh thân 25–43. Vảy bụng 114–230, nhỏ và thường có xẻ rãnh ở giữa, ở phần sau nhỏ hơn phần trước; răng của xương hàm trên sau nanh độc 3–6.
Màu sắc: Có một vết vàng đi qua mõm, thân hơi xanh hoặc vàng ở phần lưng, hơi trắng ở phần bụng, các khoanh có màu hơi xanh sẫm đến đen và thỉnh thoảng các khoanh này nối lại với nhau theo chiều dọc ở phần lưng, do đó lưng có màu xanh sẫm hoặc đen. Tuy nhiên, một vài mẫu cho thấy các khoanh nối lại với nhau theo chiều ngang ở bụng, tạo thành khoanh tròn quanh thân.
Phân bố trên thế giới: Từ vịnh Ả Rập đến Nhật Bản, Philippin, Indonesia, và vùng biển Úc (David & Ineich, 1999; Rasmussen & Ineich, 2000).

Sinh thái:
Môi trường sống: Bao gồm vũng vịnh và cửa sông, và cũng trên lớp trầm tích đáy mềm gần rạn san hô (Heatwole, 1975; Dunson, 1975); loài này cũng xuất hiện ở vùng biển khơi và nổi lên mặt nước như quả bóng.
Thức ăn: Gồm nhiều loài cá, cũng như mực ống và các loài giáp xác khác (Glodek và Voris, 1982; Fry và cs., 2001; Lobo và cs,2005).
Sinh sản: Ở Úc, đã tìm thấy con cái đang mang trứng ở giữa mùa mưa (tháng 1 đến tháng 3) và giữa mùa khô (tháng 8) hoặc cuối mùa khô (tháng 10 đến tháng 12) (Fry và cs., 2001); ở Indonesia, con cái mang trứng trong ống dẫn trứng giữa mùa khô (tháng 6 đến tháng 8) và phôi đã phát triển đến giai đoạn cuối bắt đầu mùa mưa (tháng 12 năm trước đến tháng 1 năm sau) (Bergman, 1949); ở Ấn Độ con cái mang phôi thai xuất hiện ở đầu mùa mưa tháng 6 đến tháng 7 (Karthikeyan & Balasubramanian, 2007); ở Việt Nam loài này ghi nhận có từ 3-4 con trong một lứa đẻ từ tháng 10 đến tháng 11.

Phân bố:
Phân bố ở Việt Nam: Vịnh Bắc Bộ (Shuntov, 1962; Dương, 1978), cảng cá Cồn Chà tỉnh Bình Thuận, cảng cá Long Hải tỉnh Bà Rịa-Vũng Tàu (Kharin, 2006; Rasmussen và cs, 2011), cảng cá Sông Đốc tỉnh Cà Mau, cả cá Tắc Cậu tỉnh Kiên Giang (Cao và cs., 2014).

Độc tố: Độc tố thần kinh. Liều gây chết ở chuột LD50 là 0.62 mg/kg (Bergman, 1949).
Sử dụng và thương mại: Thực phẩm, thuốc truyền thống và kỹ nghệ da.

Ghi chú:
Tình trạng: Thường gặp trong các vùng biển Việt Nam.
Một trong những loài rắn biển thường được đánh bắt cùng với loài Hydrophis cyanocinctus ở các tàu giã cào trong vùng Châu Á. Mẫu đang lưu giữ tại Viện Hải dương học, thành phố Nha Trang, năm 2001 - 2013.",Khu trưng bày đa dạng sinh học biển
297,Rắn biển,E.55493,HYDROPHIIDAE,Hydrophis curtus,"(Shaw, 1802)","Đẻn cơm, đẻn cá",Cảng Sông Đốc - Cà Mau,01.01.2012,,,,,,,,,"Hiện trạng bảo tồn:
CITES (2013): Không.
Nghị định số 160/2013/ND-CP: Không.
Danh lục đỏ IUCN (2015.4): Ít liên quan.
Sách đỏ Việt Nam (2007): Không.
Đặc điểm nhận dạng: Có 3 hoặc 4 hàng vảy bên lớn hơn các vảy khác. Hàng vảy quanh cổ 23–35; hàng vảy quanh thân 25–43. Vảy bụng 114–230, nhỏ và thường có xẻ rãnh ở giữa, ở phần sau nhỏ hơn phần trước; răng của xương hàm trên sau nanh độc 3–6.
Màu sắc: Có một vết vàng đi qua mõm, thân hơi xanh hoặc vàng ở phần lưng, hơi trắng ở phần bụng, các khoanh có màu hơi xanh sẫm đến đen và thỉnh thoảng các khoanh này nối lại với nhau theo chiều dọc ở phần lưng, do đó lưng có màu xanh sẫm hoặc đen. Tuy nhiên, một vài mẫu cho thấy các khoanh nối lại với nhau theo chiều ngang ở bụng, tạo thành khoanh tròn quanh thân.
Phân bố trên thế giới: Từ vịnh Ả Rập đến Nhật Bản, Philippin, Indonesia, và vùng biển Úc (David & Ineich, 1999; Rasmussen & Ineich, 2000).

Sinh thái:
Môi trường sống: Bao gồm vũng vịnh và cửa sông, và cũng trên lớp trầm tích đáy mềm gần rạn san hô (Heatwole, 1975; Dunson, 1975); loài này cũng xuất hiện ở vùng biển khơi và nổi lên mặt nước như quả bóng.
Thức ăn: Gồm nhiều loài cá, cũng như mực ống và các loài giáp xác khác (Glodek và Voris, 1982; Fry và cs., 2001; Lobo và cs,2005).
Sinh sản: Ở Úc, đã tìm thấy con cái đang mang trứng ở giữa mùa mưa (tháng 1 đến tháng 3) và giữa mùa khô (tháng 8) hoặc cuối mùa khô (tháng 10 đến tháng 12) (Fry và cs., 2001); ở Indonesia, con cái mang trứng trong ống dẫn trứng giữa mùa khô (tháng 6 đến tháng 8) và phôi đã phát triển đến giai đoạn cuối bắt đầu mùa mưa (tháng 12 năm trước đến tháng 1 năm sau) (Bergman, 1949); ở Ấn Độ con cái mang phôi thai xuất hiện ở đầu mùa mưa tháng 6 đến tháng 7 (Karthikeyan & Balasubramanian, 2007); ở Việt Nam loài này ghi nhận có từ 3-4 con trong một lứa đẻ từ tháng 10 đến tháng 11.

Phân bố:
Phân bố ở Việt Nam: Vịnh Bắc Bộ (Shuntov, 1962; Dương, 1978), cảng cá Cồn Chà tỉnh Bình Thuận, cảng cá Long Hải tỉnh Bà Rịa-Vũng Tàu (Kharin, 2006; Rasmussen và cs, 2011), cảng cá Sông Đốc tỉnh Cà Mau, cả cá Tắc Cậu tỉnh Kiên Giang (Cao và cs., 2014).

Độc tố: Độc tố thần kinh. Liều gây chết ở chuột LD50 là 0.62 mg/kg (Bergman, 1949).
Sử dụng và thương mại: Thực phẩm, thuốc truyền thống và kỹ nghệ da.

Ghi chú:
Tình trạng: Thường gặp trong các vùng biển Việt Nam.
Một trong những loài rắn biển thường được đánh bắt cùng với loài Hydrophis cyanocinctus ở các tàu giã cào trong vùng Châu Á. Mẫu đang lưu giữ tại Viện Hải dương học, thành phố Nha Trang, năm 2001 - 2013.",Khu trưng bày đa dạng sinh học biển
287,Rắn biển,E.55506,HYDROPHIIDAE,Hydrophis cyanocinctus,"(Daudin, 1803)",Sông chằn,,,,,,,,,,,"Hiện trạng bảo tồn:
CITES (2013): Không.
Nghị định số 160/2013/ND-CP: Không.
Danh lục đỏ IUCN (2015.2): Ít liên quan.
Sách đỏ Việt Nam (2007): Không.
Đặc điểm nhận dạng: Hàng vảy quanh cổ 27–35, hiếm khi 25; hàng vảy quanh thân 37–47; vảy bụng 279–390; răng xương hàm trên phía sau răng nanh độc 5–8.
Màu sắc: màu sắc cơ thể thường thay đổi, đặc biệt là các khoanh, cơ thể vàng nhạt hoặc xám xanh ở lưng, hơi trắng ở phần bụng. Các khoanh có màu đen hoặc hơi xanh sẫm, có thể là: a) bao bọc quanh và rộng nhất ở phía lưng, b) bao quanh cơ thể và chiều rộng khá đồng nhất, hoặc c) rộng nhất phía lưng và hẹp dần đến biến mất ra hai bên sườn. Phần trước thân các khoanh ở lưng luôn rộng hơn khoảng cách giữa các khoanh. Các khoanh mờ dần theo tuổi.

Sinh thái:
Môi trường sống: Từ vùng bờ đến vùng biển khơi (Karthikeyan & Balasubramanian, 2007).
Thức ăn: Các loại cá nhỏ và các loài giáp xác nhỏ (tôm, cua, ghẹ) (Karthikeyan & Balasubramanian, 2007).
Sinh sản: Trứng thai - đẻ con, mỗi lứa từ 3 đến 7 con (Karthikeyan & Balasubramanian, 2007).

Phân bố:
Phân bố chung: Từ phía Tây vịnh Ả rập đến phía đông vùng biển Nhật Bản (David & Ineich, 1999).
Phân bố ở Việt Nam: Tìm thấy ở Vịnh Bắc Bộ (Shuntov, 1962; Kiên & Thắng 1995), cảng cá Cồn Chà tỉnh Bình Thuận (Dương, 1978; Kharin, 2006; Rasmussen và cs, 2011), cảng cá Long Hải tỉnh Bà Rịa - Vũng Tàu, cảng cá Sông Đốc tỉnh Cà Mau, cảng cá Tắc Cậu tỉnh Kiên Giang (Cao và cs, 2014).

Độc tố: Độc tố thần kinh. Liều gây chết ở chuột 0,35 mg/kg (Karthikeyan & Balasubramanian, 2007).
Sử dụng và thương mại: Dược phẩm, thuốc truyền thống và kỹ nghệ da, đây là loài được đánh bắt phổ biến và cũng là loài xuất khẩu phổ biến nhất cùng với loài Hydrophis curtus ở Việt Nam.

Ghi chú:
Tình trạng: Thường gặp ở vùng biển Việt Nam.
Một trong những loài rắn biển lớn nhất, xấp xỉ 3 m. Mẫu đang lưu giữ tại Viện
Hải dương học, Nha Trang, trong năm 2001-2013.",Khu trưng bày đa dạng sinh học biển
288,Rắn biển,E.55507,HYDROPHIIDAE,Hydrophis cyanocinctus,"(Daudin, 1803)",Sông chằn,,,,,,,,,,,"Hiện trạng bảo tồn:
CITES (2013): Không.
Nghị định số 160/2013/ND-CP: Không.
Danh lục đỏ IUCN (2015.2): Ít liên quan.
Sách đỏ Việt Nam (2007): Không.
Đặc điểm nhận dạng: Hàng vảy quanh cổ 27–35, hiếm khi 25; hàng vảy quanh thân 37–47; vảy bụng 279–390; răng xương hàm trên phía sau răng nanh độc 5–8.
Màu sắc: màu sắc cơ thể thường thay đổi, đặc biệt là các khoanh, cơ thể vàng nhạt hoặc xám xanh ở lưng, hơi trắng ở phần bụng. Các khoanh có màu đen hoặc hơi xanh sẫm, có thể là: a) bao bọc quanh và rộng nhất ở phía lưng, b) bao quanh cơ thể và chiều rộng khá đồng nhất, hoặc c) rộng nhất phía lưng và hẹp dần đến biến mất ra hai bên sườn. Phần trước thân các khoanh ở lưng luôn rộng hơn khoảng cách giữa các khoanh. Các khoanh mờ dần theo tuổi.

Sinh thái:
Môi trường sống: Từ vùng bờ đến vùng biển khơi (Karthikeyan & Balasubramanian, 2007).
Thức ăn: Các loại cá nhỏ và các loài giáp xác nhỏ (tôm, cua, ghẹ) (Karthikeyan & Balasubramanian, 2007).
Sinh sản: Trứng thai - đẻ con, mỗi lứa từ 3 đến 7 con (Karthikeyan & Balasubramanian, 2007).

Phân bố:
Phân bố chung: Từ phía Tây vịnh Ả rập đến phía đông vùng biển Nhật Bản (David & Ineich, 1999).
Phân bố ở Việt Nam: Tìm thấy ở Vịnh Bắc Bộ (Shuntov, 1962; Kiên & Thắng 1995), cảng cá Cồn Chà tỉnh Bình Thuận (Dương, 1978; Kharin, 2006; Rasmussen và cs, 2011), cảng cá Long Hải tỉnh Bà Rịa - Vũng Tàu, cảng cá Sông Đốc tỉnh Cà Mau, cảng cá Tắc Cậu tỉnh Kiên Giang (Cao và cs, 2014).

Độc tố: Độc tố thần kinh. Liều gây chết ở chuột 0,35 mg/kg (Karthikeyan & Balasubramanian, 2007).
Sử dụng và thương mại: Dược phẩm, thuốc truyền thống và kỹ nghệ da, đây là loài được đánh bắt phổ biến và cũng là loài xuất khẩu phổ biến nhất cùng với loài Hydrophis curtus ở Việt Nam.

Ghi chú:
Tình trạng: Thường gặp ở vùng biển Việt Nam.
Một trong những loài rắn biển lớn nhất, xấp xỉ 3 m. Mẫu đang lưu giữ tại Viện
Hải dương học, Nha Trang, trong năm 2001-2013.",Khu trưng bày đa dạng sinh học biển
289,Rắn biển,E.55517,HYDROPHIIDAE,Hydrophis jerdonii,"(Gray, 1849)",Đẻn mõm nhọn,,,,,,,,,,,"Hiện trạng bảo tồn:
CITES (2013): Không.
Nghị định số 160/2013/ND-CP: Không.
Danh lục đỏ IUCN (2015.2): Ít liên quan.
Sách đỏ Việt Nam (2007): Không.
Đặc điểm nhận dạng: Dễ dàng nhận dạng bởi màu sắc thân hơi vàng và có hai chấm đen song song với nhau ở vị trí giữa cổ và đầu. Xương hàm trên kéo dài đến xương vòm miệng, răng của xương hàm trên 7 - 9 phía sau răng nanh độc. Hàng vảy quanh cổ 15–17; hàng vảy quanh thân 19–23; vảy bụng 200–278.
Màu sắc: Cơ thể có màu vàng ở phần trên lưng, hơi vàng hoặc trắng ở phần bụng, có các vết đen rộng phía lưng dạng hình thoi và mờ hai bên, tuy nhiên một vài mẫu có vết đen hình tròn trên cơ thể.

Sinh thái:
Môi trường sống: Ở vùng biển có đáy sỏi và bùn cát, ở độ sâu từ 20- 30 m (Rasmussen, 2009).
Thức ăn: Các loài cá nhỏ thuộc họ cá Mối và họ cá Chình (Rasmussen, 2001).
Sinh sản: Trứng thai, ghi nhận một trường hợp có 4 con trong một lứa (Whitaker và Captain, 2004).

Phân bố:
Phân bố chung: Ấn Độ, Sri Lanka, biển Andaman, eo biển Malacca, Singapore, vịnh Thái Lan, biển Nam Trung Quốc, Đài Loan và Borneo (David & Ineich, 1999).
Phân bố ở Việt Nam: Tìm thấy ở cảng cá Cồn Chà tỉnh Bình Thuận, cảng cá Long Hải tỉnh Bà Rịa- Vũng Tàu (Dương, 1978; Kiên & Thắng, 1995; Rasmussen và cs, 2011).

Ứng dụng: Thực phẩm, thuốc truyền thống và kỹ nghệ da (McCarthy và Warrel 1991, Rasmussen thông tin cá nhân, 2009).

Ghi chú:
Tình trạng: Ít gặp ở vùng biển Việt Nam.
Sẽ nguy cấp (VU). Trong 15 năm qua chỉ thu được 2 mẫu ở cảng cá tỉnh Bình Thuận. Mẫu đang lưu giữa tại Viện Hải dương học, thành phố Nha Trang, trong năm 2001. Loài này có hai loài phụ, loài phụ K. jerdoni jerdoni được tìm thấy ở Ấn Độ, Sri Lanka, biển Andaman, và từ eo biển Malacca đến Singapore (Smith, 1926) và loài phụ K.j. siamensis được phát hiện ở vùng biển đông Malaysia, vịnh Thái Lan đến biển Nam Trung Quốc và Đài Loan (Smith, 1926; Rasmussen & Andersen, 1990).",Khu trưng bày đa dạng sinh học biển
290,Rắn biển,E.55524,HYDROPHIIDAE,Hydrophis lamberti,"(Smith, 1917)",Đẻn Lambetti,Sông Đốc - Cà Mau,,,,,,,,,,"Hiện trạng bảo tồn:
CITES (2013): Không.
Nghị định số 160/2013/ND-CP: Không.
Danh lục đỏ IUCN (2015.4): Ít liên quan.
Sách đỏ Việt Nam (2007): Không.
Đặc điểm nhận dạng: Hàng vảy quanh cổ 37–45; hàng vảy quanh thân 45–56; vảy bụng 258–306; răng xương hàm trên phía sau răng nanh độc 9–12.
Màu sắc: Thân hơi trắng hoặc xám nhạt ở phần trên lưng, ở phần bụng nhạt hơn. Có các khoanh tròn lớn ở phần trước thân, phần sau thân các khoanh này hẹp hơn và bị phân tách bởi khoảng trống rộng hơn; các khoanh rộng ở phía lưng, hẹp dần ở phần đầu và đuôi, màu sắc ở các khoanh đậm ở phía lưng và mờ nhạt phía hai bên sườn.

Sinh thái:
Môi trường sống: Ở vùng biển cạn trên nền đáy cát (Rasmussen, 2001).
Thức ăn: Ít được biết.
Sinh sản: Trứng thái- đẻ con.

Phân bố:
Phân bố chung: Singapore, vịnh Thái Lan, Philippin (Rasmussen, 1989; David & Ineich, 1999).
Phân bố ở Việt Nam: Tìm thấy ở vịnh Bắc Bộ (Shuntov, 1962), cảng cá Cồn Chà tỉnh biển Bình Thuận, cảng cá Long Hải tỉnh Bà Rịa-Vũng Tàu (Rasmussen và cs 2011), cảng cá Sông Đốc tỉnh Cà Mau, cảng cá Tắc Cậu tỉnh Kiên Giang (Cao và cs, 2014).

Độc tố: Độc tố thần kinh.

Ứng dụng: Thực phẩm, thuốc truyền thống.

Ghi chú:
Tình trạng: Thỉnh thoảng gặp ở vùng biển Việt Nam.
Mẫu đang lưu giữ tại Viện Hải dương học, thành phố Nha Trang, năm 2010-2013.",Khu trưng bày đa dạng sinh học biển
291,Rắn biển,E.55497,HYDROPHIIDAE,Hydrophis melanocephalus,"(Gray, 1849)",Rắn khoang cổ mảnh,Cảng cá Tắc Cậu - Kiên Giang,01.01.2015,,,,,,,,,"Hiện trạng bảo tồn:
CITES (2013): Không
Nghị định số 160/2013/ND-CP: Không.
Danh lục đỏ IUCN (2015.4): Thiếu dữ liệu.
Sách đỏ Việt Nam (2007): Không.
Đặc điểm nhận dạng: Đầu nhỏ, thân mảnh mai ở phần trước. Hàng vảy quanh cổ 23–27; hàng vảy quanh thân 33–41; vảy bụng 289–358; răng của xương hàm trên phía
sau răng nanh độc 6–8.
Màu sắc: Đầu hơi đen, thỉnh thoảng có những nốt vàng. Thân hơi vàng xám ở phía trên, ở dưới hơi vàng hoặc trắng, có 40–55 khoanh đen, khoảng cách giữa các khoanh gần bằng chiều rộng của khoanh, thông thường rộng nhất ở phía trên và dưới.

Sinh thái:
Môi trường sống: Biển.
Thức ăn: Chủ yếu là lươn (Voris and Voris 1983).
Sinh sản: Trứng thái, trung bình mỗi lứa đẻ 6con (Lemen & Voris (1981).

Phân bố:
Phân bố chung: Vùng biển Trung Quốc, Đài Loan, Nhật Bản, và Philippin (David &Ineich, 1999; Kharin, 2006).
Phân bố ở Việt Nam: Tìm thấy ở vịnh Bắc Bộ (Kharin, 2006), cảng cá Cồn Chà tỉnh Bình Thuận, cảng cá Long Hải tỉnh Bà Rịa-Vũng Tàu (Rasmussen và cs, 2011), cảng cá Sông Đốc tỉnh Cà Mau, cảng cá Tắc Cậu tỉnh Kiên Giang (Cao và cs, 2014).

Độc tố: Độc tố thần kinh.

Ứng dụng: Thực phẩm, thuốc truyền thống.

Ghi chú:
Tình trạng: Thỉnh thoảng gặp ở cảng cá Tắc Cậu tỉnh Kiên Giang.
Loài này đã nhầm lẫn với loài H. coggeri ở trong vùng biển Úc (Kharin, 1984). Mẫu đang lưu giữ tại Viện Hải dương học, thành phố Nha Trang, trong năm 2012-2014.",Khu trưng bày đa dạng sinh học biển
292,Rắn biển,E.55503,HYDROPHIIDAE,Hydrophis ornatus,"(Gray, 1842)",Đẻn bông (đẻn vết),Sông Đốc - Cà Mau,,,,,,,,,,"Hiện trạng bảo tồn:
CITES (2013): Không.
Nghị định số 160/2013/ND-CP: Không.
Danh lục đỏ IUCN (2015.2): Ít liên quan.
Sách đỏ Việt Nam (2007): Không.
Đặc điểm nhận dạng: Hàng vảy quanh cổ 34–41; hàng vảy quanh thân 42–54; vảy bụng 235–294; răng xương hàm trên phía sau răng nanh độc 9–13.
Màu sắc: Thân xám nhạt ở phần trên lưng, hơi trắng ở dưới bụng, các khoanh rộng, có màu hơi xám đen, khoảng trống giữa hai khoanh hẹp và phần lớn tương đồng ở phần trước, đầu xanh màu ô liu hoặc xám ở trên.

Sinh thái:
Môi trường sống: Biển.
Thức ăn: Chủ yếu là cá (Rasmussen, 1989; Fry và cs., 2001).
Sinh sản: Trứng thai, ở vùng biển Úc dao động từ 1-17 con, trung bình một lứa khoảng 6 con và ở vùng biển Thái Lan trung bình một lứa khoảng 3 con (Fry và cs., 2001).

Phân bố:
Phân bố chung: Từ biển Tây vịnh Ả Rập đến Nhật Bản, Philippin, Indonesia và New Caledonia (Rasmussen, 1989; Ineich & Rasmussen, 1997; David & Ineich, 1999).
Phân bố ở Việt Nam: Tìm thấy vịnh Bắc Bộ (Shuntov, 1962; Kiêm & Thắng, 1995), cảng cá Cồn Chà tỉnh Bình Thuận, cảng cá Long Hải tỉnh Bà Rịa-Vũng Tàu (Dương, 1978), cảng cá Sông Đốc tỉnh Cà Mau, cảng cá Tắc Cậu tỉnh Kiên Giang (Cao và cs, 2014).

Độc tố: Độc tố thần kinh và thường được xem là loài có lượng độc tố mạnh gây chết người.

Ứng dụng: Dùng làm thực phẩm, thuốc truyền thống và kỹ nghệ da.

Ghi chú:
Tình trạng: Thỉnh thoảng gặp ở Việt Nam.
Loài này rất hung dữ. Mẫu đang lưu giữ tại Viện Hải dương học, thành phố Nha Trang, trong năm 2001.",Khu trưng bày đa dạng sinh học biển
293,Rắn biển,E.55527,HYDROPHIIDAE,Hydrophis ornatus,"(Gray, 1842)",Đẻn bông (đẻn vết),,,,,,,,,,,"Hiện trạng bảo tồn:
CITES (2013): Không.
Nghị định số 160/2013/ND-CP: Không.
Danh lục đỏ IUCN (2015.2): Ít liên quan.
Sách đỏ Việt Nam (2007): Không.
Đặc điểm nhận dạng: Hàng vảy quanh cổ 34–41; hàng vảy quanh thân 42–54; vảy bụng 235–294; răng xương hàm trên phía sau răng nanh độc 9–13.
Màu sắc: Thân xám nhạt ở phần trên lưng, hơi trắng ở dưới bụng, các khoanh rộng, có màu hơi xám đen, khoảng trống giữa hai khoanh hẹp và phần lớn tương đồng ở phần trước, đầu xanh màu ô liu hoặc xám ở trên.

Sinh thái:
Môi trường sống: Biển.
Thức ăn: Chủ yếu là cá (Rasmussen, 1989; Fry và cs., 2001).
Sinh sản: Trứng thai, ở vùng biển Úc dao động từ 1-17 con, trung bình một lứa khoảng 6 con và ở vùng biển Thái Lan trung bình một lứa khoảng 3 con (Fry và cs., 2001).

Phân bố:
Phân bố chung: Từ biển Tây vịnh Ả Rập đến Nhật Bản, Philippin, Indonesia và New Caledonia (Rasmussen, 1989; Ineich & Rasmussen, 1997; David & Ineich, 1999).
Phân bố ở Việt Nam: Tìm thấy vịnh Bắc Bộ (Shuntov, 1962; Kiêm & Thắng, 1995), cảng cá Cồn Chà tỉnh Bình Thuận, cảng cá Long Hải tỉnh Bà Rịa-Vũng Tàu (Dương, 1978), cảng cá Sông Đốc tỉnh Cà Mau, cảng cá Tắc Cậu tỉnh Kiên Giang (Cao và cs, 2014).

Độc tố: Độc tố thần kinh và thường được xem là loài có lượng độc tố mạnh gây chết người.

Ứng dụng: Dùng làm thực phẩm, thuốc truyền thống và kỹ nghệ da.

Ghi chú:
Tình trạng: Thỉnh thoảng gặp ở Việt Nam.
Loài này rất hung dữ. Mẫu đang lưu giữ tại Viện Hải dương học, thành phố Nha Trang, trong năm 2001.",Khu trưng bày đa dạng sinh học biển
294,Rắn biển,E.55516,HYDROPHIIDAE,Hydrophis torquatus Hydrophis torquatus diadema (Đào Việt Hà; Sách chuyên khảo Động vật độc biển Việt Nam; 2020),"(Günther, 1864)",Rắn biển,,,,,,,,,,,"Hiện trạng bảo tồn:
CITES (2013): Không.
Nghị định số 160/2013/ND-CP: Không.
Danh lục đỏ IUCN (2015.2): Thiếu dữ liệu.
Sách đỏ Việt Nam (2007): Không.
Đặc điểm nhận dạng: Hàng vảy quanh cổ 29–37; hàng vảy quanh thân 35–49; vảy bụng 230–340; răng của xương hàm trên phía sau răng nanh độc 8–10.
Màu sắc: đầu đen có một khoanh hơi vàng băng ngang mõm và dọc hai bên. Cơ thể có màu xám hoặc hơi trắng ở phần lưng, vàng hoặc hơi trắng ở phần bụng, có các khoanh trắng, chúng thường không được đầy đủ ở phần bụng. Các khoanh này phai mờ hoặc biến mất theo tuổi, để lại nhiều hoặc ít màu xám đồng bộ.

Sinh thái:
Môi trường sống: Loài này sống ở vùng nước cạn ven bờ và cửa sông và vùng thượng nguồn.
Thức ăn: Ít được biết.
Sinh sản: Trứng thai, mỗi lứa trung bình 6 con (Lemen & Voris, 1981).

Phân bố:
Phân bố chung: Eo biển Malacca, Borneo, vịnh Thái Lan, biển hồ (Tonle Sap) - Campu-chia, vùng biển Trung Quốc (Smith, 1926; Ineich, 1996; David & Ineich, 1999).
Phân bố ở Việt Nam: Tìm thấy ở cảng cá Cồn Chà tỉnh Bình Thuận.

Độc tố: Độc tố thần kinh.

Ứng dụng: Thực phẩm, dược phẩm.

Ghi chú:
Tình trạng: Ít gặp ở vùng biển Việt Nam.
Sẽ nguy cấp (VU). Trong 15 năm qua chỉ thu được một mẫu ở cảng cá Cồn Chà tỉnh Bình Thuận, nó được khẳng định ghi nhận lần đầu ở Việt Nam. Có ba loài phụ được xác định trong loài này (Smith, 1926), một trong chúng được tìm thấy gần với vùng biển Việt Nam là H. torquatus diadema (Smith, 1926; Ineich, 1996). Mẫu đang lưu giữ tại Viện Hải dương học, thành phố Nha Trang, trong năm 2000.",Khu trưng bày đa dạng sinh học biển
295,Rắn biển,E.55504,HYDROPHIIDAE,Hydrophis viperina Hydrophis viperinus (Đào Việt Hà; Sách chuyên khảo Động vật độc biển Việt Nam; 2020),"(Schmidt, 1852)",Rắn Lục biển,,,,,,,1,,,,"Hiện trạng bảo tồn:
CITES (2013): Không.
Nghị định số 160/2013/ND-CP: Không.
Danh lục đỏ IUCN (2015.2): Ít liên quan.
Sách đỏ Việt Nam (2007): Bị tổn thương.
Đặc điểm nhận dạng: Dễ dàng xác định bỡi vảy bụng của chúng, vảy bụng rộng ở phía trước và nhỏ dần ở phía sau. Hàng vảy quanh cổ 27–34; hàng vảy quanh thân 37–50; vảy bụng 226–274; răng xương hàm trên phía sau răng nanh độc 5.
Màu sắc: cơ thể có màu xám ở phần trên lưng, phần bụng có màu trắng, không có khoanh.

Sinh thái:
Môi trường sống: Trên nền đáy bùn mềm ở độ sâu từ 15 đến 30 m.
Thức ăn: Cá chai, cá bống và lươn (Voris và Voris, 1983).
Sinh sản: Trứng thai, mỗi lứa đẻ từ 3 đến 4 con (Lemen và Voris, 1981).

Phân bố:
Phân bố chung: Từ vịnh Ả Rập tới vùng biển phía Nam Trung Quốc, Borneo và Java (David & Ineich, 1999).
Phân bố Việt Nam: Vịnh Bắc Bộ (Kharin, 1984), cảng cá Cồn Chà tỉnh Bình Thuận (Rasmussen và cs, 2011), cảng cá Long Hải tỉnh Bà Rịa-Vũng Tàu, cảng cá Sông Đốc tỉnh Cà Mau, cảng cá Tắc Cậu tỉnh Kiên Giang (Cao và cs., 2014).

Độc tố: Độc tố thần kinh.

Ứng dụng: Thực phẩm và thuốc truyền thống.

Ghi chú:
Tình trạng: Thỉnh thoảng gặp ở vùng biển Việt Nam.
Đề nghị đánh giá lại dữ liệu sách đỏ Việt Nam. Trong 5 năm qua thỉnh thoảng tìm thấy mẫu ở cảng cá Cồn Chà- tỉnh Bình Thuận, cảng cá Long Hải- tỉnh Bà Rịa-Vũng Tàu, cảng cá Sông Đốc- tỉnh Cà Mau, cảng cá Tắc Cậu- tỉnh Kiên Giang. Mẫu đang lưu giữ tại Viện Hải dương học, thành phố Nha Trang, năm 2010-2012.",Khu trưng bày đa dạng sinh học biển
296,Rắn biển,E.55496,HYDROPHIIDAE,Hydrophis viperinus,"(Schmidt, 1852)",Rắn lục biển,,,,,,,1,,,,"Hiện trạng bảo tồn:
CITES (2013): Không.
Nghị định số 160/2013/ND-CP: Không.
Danh lục đỏ IUCN (2015.2): Ít liên quan.
Sách đỏ Việt Nam (2007): Bị tổn thương.
Đặc điểm nhận dạng: Dễ dàng xác định bỡi vảy bụng của chúng, vảy bụng rộng ở phía trước và nhỏ dần ở phía sau. Hàng vảy quanh cổ 27–34; hàng vảy quanh thân 37–50; vảy bụng 226–274; răng xương hàm trên phía sau răng nanh độc 5.
Màu sắc: cơ thể có màu xám ở phần trên lưng, phần bụng có màu trắng, không có khoanh.

Sinh thái:
Môi trường sống: Trên nền đáy bùn mềm ở độ sâu từ 15 đến 30 m.
Thức ăn: Cá chai, cá bống và lươn (Voris và Voris, 1983).
Sinh sản: Trứng thai, mỗi lứa đẻ từ 3 đến 4 con (Lemen và Voris, 1981).

Phân bố:
Phân bố chung: Từ vịnh Ả Rập tới vùng biển phía Nam Trung Quốc, Borneo và Java (David & Ineich, 1999).
Phân bố Việt Nam: Vịnh Bắc Bộ (Kharin, 1984), cảng cá Cồn Chà tỉnh Bình Thuận (Rasmussen và cs, 2011), cảng cá Long Hải tỉnh Bà Rịa-Vũng Tàu, cảng cá Sông Đốc tỉnh Cà Mau, cảng cá Tắc Cậu tỉnh Kiên Giang (Cao và cs., 2014).

Độc tố: Độc tố thần kinh.

Ứng dụng: Thực phẩm và thuốc truyền thống.

Ghi chú:
Tình trạng: Thỉnh thoảng gặp ở vùng biển Việt Nam.
Đề nghị đánh giá lại dữ liệu sách đỏ Việt Nam. Trong 5 năm qua thỉnh thoảng tìm thấy mẫu ở cảng cá Cồn Chà- tỉnh Bình Thuận, cảng cá Long Hải- tỉnh Bà Rịa-Vũng Tàu, cảng cá Sông Đốc- tỉnh Cà Mau, cảng cá Tắc Cậu- tỉnh Kiên Giang. Mẫu đang lưu giữ tại Viện Hải dương học, thành phố Nha Trang, năm 2010-2012.",Khu trưng bày đa dạng sinh học biển
298,Rắn biển,E.55548,HYDROPHIIDAE,Microcephalophis gracilis,"(Shaw, 1802)","Đẻn đầu nhỏ, đẻn giun, đẻn kim",,,,,,,,,,,"Hiện trạng bảo tồn:
CITES (2013): Không.
Nghị định số 160/2013/ND-CP: Không.
Danh lục đỏ IUCN (2015.2): Ít liên quan.
Sách đỏ Việt Nam (2007): Không.
Đặc điểm nhận dạng: Đầu rất nhỏ, thân mảnh ở phía trước. Vảy bụng được phân thành hai phần bằng một rảnh dọc ít hoặc nhiều ở phần sau cơ thể. Hàng vảy quanh cổ 17–23; hàng vảy quanh thân 30–43; vảy bụng 215–350; răng của xương hàm trên phía sau răng nanh độc 5–6.
Màu sắc: Thân đen ở phần trước, có các vết hơi trắng ở bên hoặc khoanh ngang nhạt đầy đủ; phần sau cơ thể có nhiều khoanh hơi trắng đen luân phiên liên tục, theo thời gian các khoanh này biến mất và cơ thể trở nên màu hơi xám một cách đồng bộ.

Sinh thái:
Môi trường sống: Loài này xuất hiện trong đầm lầy rừng ngập mặn và quanh các rạn san hô (Heatwole, 1975; Minton, 1966), trên nền đáy bùn hoặc đáy cát cách bờ khoảng 5 km, ở độ sâu 30 m ( Sanders và Mumpun, 2010).
Thức ăn: Lươn trên nền đáy cát.
Sinh sản: Trứng thai- đẻ con, mỗi lứa từ 1-2 con.

Phân bố:
Phân bố chung: Từ vịnh Ả Rập đến biển Nam Trung Quốc và Indonesia, biển Arafura đến vịnh Papua New Guinea (David & Ineich, 1999).
Phân bố ở Việt Nam: Vịnh Bắc Bộ (Shuntov, 1962; Sáng & Cúc, 1996); Mũi Kê Gà, cảng cá Cồn Chà tỉnh Bình Thuận (Dương, 1978).

Độc tố: Độc tố thần kinh (Tu, 1987, 1988).

Ứng dụng: Thực phẩm và thuốc truyền thống.

Ghi chú:
Tình trạng: Ít gặp ở vùng biển Việt Nam.
Sẽ bị nguy cấp, trong 15 năm qua không thu được mẫu ở vùng biển Việt Nam. Mẫu đang lưu giữ tại Bảo tàng Hải dương học thành phố Nha Trang, năm 1936.",Khu trưng bày đa dạng sinh học biển
299,Rắn biển,Không có số hiệu,HYDROPHIIDAE,Hydrophis melanocephalus,"(Gray, 1849)",Rắn khoang cổ mảnh,Cảng cá Tắc Cậu - Kiên Giang,01.01.2015,,,,,,,,,"Hiện trạng bảo tồn:
CITES (2013): Không
Nghị định số 160/2013/ND-CP: Không.
Danh lục đỏ IUCN (2015.4): Thiếu dữ liệu.
Sách đỏ Việt Nam (2007): Không.
Đặc điểm nhận dạng: Đầu nhỏ, thân mảnh mai ở phần trước. Hàng vảy quanh cổ 23–27; hàng vảy quanh thân 33–41; vảy bụng 289–358; răng của xương hàm trên phía
sau răng nanh độc 6–8.
Màu sắc: Đầu hơi đen, thỉnh thoảng có những nốt vàng. Thân hơi vàng xám ở phía trên, ở dưới hơi vàng hoặc trắng, có 40–55 khoanh đen, khoảng cách giữa các khoanh gần bằng chiều rộng của khoanh, thông thường rộng nhất ở phía trên và dưới.

Sinh thái:
Môi trường sống: Biển.
Thức ăn: Chủ yếu là lươn (Voris and Voris 1983).
Sinh sản: Trứng thái, trung bình mỗi lứa đẻ 6con (Lemen & Voris (1981).

Phân bố:
Phân bố chung: Vùng biển Trung Quốc, Đài Loan, Nhật Bản, và Philippin (David &Ineich, 1999; Kharin, 2006).
Phân bố ở Việt Nam: Tìm thấy ở vịnh Bắc Bộ (Kharin, 2006), cảng cá Cồn Chà tỉnh Bình Thuận, cảng cá Long Hải tỉnh Bà Rịa-Vũng Tàu (Rasmussen và cs, 2011), cảng cá Sông Đốc tỉnh Cà Mau, cảng cá Tắc Cậu tỉnh Kiên Giang (Cao và cs, 2014).

Độc tố: Độc tố thần kinh.

Ứng dụng: Thực phẩm, thuốc truyền thống.

Ghi chú:
Tình trạng: Thỉnh thoảng gặp ở cảng cá Tắc Cậu tỉnh Kiên Giang.
Loài này đã nhầm lẫn với loài H. coggeri ở trong vùng biển Úc (Kharin, 1984). Mẫu đang lưu giữ tại Viện Hải dương học, thành phố Nha Trang, trong năm 2012-2014.",Khu trưng bày đa dạng sinh học biển
32,Thân mềm,E.57312,Cerithiidae,Cerithium nodulosum,"Bruguière, 1792",Ốc hút lớn,Thuyền Chài,30.10.2020,08°15'52.2,113°21'45.5,,,,1,,1,"Đặc điểm: Kích thước trung bình 8-10 cm. Mẫu lớn nhất có kích cỡ đạt tới 12 cm
Sinh thái: Sống ở rìa các rạn đá hoặc san hô, độ sâu 1-50 m
Phân bố:
- Thế giới: Vùng biển Ấn Độ - Thái Bình Dương  
- Việt Nam: Khánh Hòa, Ninh Thuận,  vv…
Ứng dụng: dùng làm hàng mỹ nghệ",Khu trưng bày đa dạng sinh học biển
11,Thân mềm,E.57337,Turbinidae,Astralium rhodostomum,"(Lamarck, 1822)",Ốc nón gai cao,Đá Lớn,06.04.2021,09°59'46.1,113°50'39.1,,,,1,,1,"Đặc điểm: Kích thước trung bình 3-4 cm. Mẫu lớn nhất có kích cỡ đạt tới 5,5 cm
Sinh thái: Sống bám trên đá, độ sâu 1-30 m
Phân bố:
- Thế giới: Vùng biển Tây Thái Bình Dương  
- Việt Nam: Quảng Ngãi, Khánh Hòa, vv…
Ứng dụng: dùng làm hàng mỹ nghệ",Khu trưng bày đa dạng sinh học biển
36,Thân mềm,E.57307,Bullidae,Bulla vernicosa,"Gould, 1859",Ốc trứng hẹp nâu,Thuyền Chài,30.10.2020,08°15'52.2,113°21'45.5,,,,,,,"Đặc điểm: Kích thước trung bình 3,5-4,5 cm. Mẫu lớn nhất có kích cỡ đạt tới 5 cm
Sinh thái: Sống nơi các rạn đá, độ sâu 1-25 m
Phân bố:
- Thế giới: Vùng biển Ân Độ - Thái Bình Dương  
- Việt Nam: Khánh Hòa, Phú Quốc, Côn Đảo, vv…
Ứng dụng: dùng làm hàng mỹ nghệ",Khu trưng bày đa dạng sinh học biển
50,Thân mềm,E.57298,Strombidae,Conomurex luhuanus,"(Linnaeus, 1758)",Ốc nhảy đỏ lợi,Tốc Tan,13.10.2020,08°49'38.3,113°56'06.5,,,,1,1,,"Đặc điểm: Kích thước trung bình 5-6 cm. Mẫu lớn nhất có kích cỡ đạt tới 7.1 cm
Sinh thái: Sống ở đáy cát hoặc đá trong vùng rạn san hô
Phân bố:
- Thế giới: Vùng biển Tây Thái Bình Dương 
- Việt Nam: Vùng biển Quảng Ngãi, Khánh Hòa, Ninh Thuận, Bình Thuận, vv…
Ứng dụng: dùng làm thực phẩm và hàng mỹ nghệ

Nơi thu: Tốc Tan, ngày 13/10/2020",Khu trưng bày đa dạng sinh học biển
48,Thân mềm,E.57328,Strombidae,Conomurex luhuanus,"(Linnaeus, 1758)",Ốc nhảy đỏ lợi,Đá Lớn,06.04.2021,09°59'46.1,113°50'39.1,,,,1,1,,"Đặc điểm: Kích thước trung bình 5-6 cm. Mẫu lớn nhất có kích cỡ đạt tới 7.1 cm
Sinh thái: Sống ở đáy cát hoặc đá trong vùng rạn san hô
Phân bố:
- Thế giới: Vùng biển Tây Thái Bình Dương 
- Việt Nam: Vùng biển Quảng Ngãi, Khánh Hòa, Ninh Thuận, Bình Thuận, vv…
Ứng dụng: dùng làm thực phẩm và hàng mỹ nghệ",Khu trưng bày đa dạng sinh học biển
49,Thân mềm,E.57388,Strombidae,Conomurex luhuanus,"(Linnaeus, 1758)",Ốc nhảy đỏ lợi,Nam Yết,14.04.2021,10°10'35.9,114°21'45.5,,,,1,1,,"Đặc điểm: Kích thước trung bình 5-6 cm. Mẫu lớn nhất có kích cỡ đạt tới 7.1 cm
Sinh thái: Sống ở đáy cát hoặc đá trong vùng rạn san hô
Phân bố:
- Thế giới: Vùng biển Tây Thái Bình Dương 
- Việt Nam: Vùng biển Quảng Ngãi, Khánh Hòa, Ninh Thuận, Bình Thuận, vv…
Ứng dụng: dùng làm thực phẩm và hàng mỹ nghệ",Khu trưng bày đa dạng sinh học biển
27,Thân mềm,E.57338,Conidae,Conus distans,"Hwass in Bruguière, 1792",Ốc cối vàng nhạt,Đá Lớn,06.04.2021,09°59'46.1,113°50'39.1,,LC,,1,,1,"Đặc điểm: Kích thước trung bình 8-10cm. Mẫu lớn nhất có kích cỡ đạt tới 15 cm
Sinh thái: Sống trên đáy đá, rạn san hô, độ sâu từ 1-20 m
Phân bố:
- Thế giới: Vùng biển Ấn Độ - Tây Thái Bình Dương  
- Việt Nam: Vùng biển Quảng Ngãi, Khánh Hòa, Ninh Thuận, vv…
Ứng dụng: dùng làm hàng mỹ nghệ",Khu trưng bày đa dạng sinh học biển
56,Thân mềm,E.57342,Conidae,Conus flavidus,"Lamarck, 1810",Ốc cối vàng miệng tím,Đá Lớn,06.04.2021,09°59'46.1,113°50'39.1,,LC,,1,,1,"Đặc điểm: Kích thước trung bình 5-6 cm. Mẫu lớn nhất có kích cỡ đạt tới 7 cm
Sinh thái: Sống ở đáy cát, độ sâu từ 1-10 m
Phân bố:
- Thế giới: Vùng biển Ấn Độ - Tây Thái Bình Dương  
- Việt Nam: Vùng biển Quảng Ngãi, Khánh Hòa, vv…
Ứng dụng: dùng làm hàng mỹ nghệ",Khu trưng bày đa dạng sinh học biển
1,Thân mềm,E.57343,Conidae,Conus imperialis,"Linnaeus, 1758",Ốc cối vua,Đá Lớn,06.04.2021,09°59'46.1,113°50'39.1,,LC,,1,,1,"Đặc điểm: Kích thước trung bình 6-8 cm. Mẫu lớn nhất có kích cỡ đạt tới 10 cm
Sinh thái: Sống ở đáy cát và đá vùng rạn san hô, độ sâu từ 1-75 m
Phân bố:
- Thế giới: Vùng biển Ấn Độ - Thái Bình Dương
  - Việt Nam: Vùng biển Khánh Hòa, Ninh Thuận, Côn Đảo, vv…
Ứng dụng: dùng làm hàng mỹ nghệ",Khu trưng bày đa dạng sinh học biển
12,Thân mềm,E.57396,Conidae,Conus leopardus,"(Röding, 1798)",Ốc cối hột mè trắng,Thuyền Chài,02.05.2021,08°16'14.3,113°21'28.7,,LC,,1,,1,"Đặc điểm: Kích thước trung bình 7-13cm. Mẫu lớn nhất có kích cỡ đạt tới 17 cm
Sinh thái: Sống ở đáy cát quanh các rạn đá và san hô, vùng triều đến độ sâu 40 m
Phân bố:
- Thế giới: Vùng biển Ấn Độ - Tây Thái Bình Dương 
       - Việt Nam: Vùng biển Quảng Ngãi, Khánh Hòa, vv…
Ứng dụng: dùng làm hàng mỹ nghệ",Khu trưng bày đa dạng sinh học biển
8,Thân mềm,E.57303,Conidae,Conus litteratus,"Linnaeus, 1758",Ốc cối đầu tím,Thuyền Chài,29.10.2020,08°15'52.2,113°21'45.5,,LC,,1,,1,"Đặc điểm: Kích thước trung bình 7-12 cm. Mẫu lớn nhất có kích cỡ đạt tới 18 cm
Sinh thái: Sống ở đáy cát hoặc bùn quanh các rạn đá, rạn san hô, độ sâu từ 1-50 m
Phân bố:
- Thế giới: Vùng biển Ấn Độ - Tây Thái Bình Dương  
      - Việt Nam: Dọc ven biển Việt Nam
Ứng dụng: dùng làm hàng mỹ nghệ",Khu trưng bày đa dạng sinh học biển
6,Thân mềm,E.57353,Conidae,Conus litteratus,"Linnaeus, 1758",Ốc cối đầu tím,Đá Lớn,06.04.2021,09°59'46.1,113°50'39.1,,LC,,1,,1,"Đặc điểm: Kích thước trung bình 7-12 cm. Mẫu lớn nhất có kích cỡ đạt tới 18 cm
Sinh thái: Sống ở đáy cát hoặc bùn quanh các rạn đá, rạn san hô, độ sâu từ 1-50 m
Phân bố:
- Thế giới: Vùng biển Ấn Độ - Tây Thái Bình Dương  
      - Việt Nam: Dọc ven biển Việt Nam
Ứng dụng: dùng làm hàng mỹ nghệ",Khu trưng bày đa dạng sinh học biển
7,Thân mềm,E.57387,Conidae,Conus litteratus,"Linnaeus, 1758",Ốc cối đầu tím,Nam Yết,14.04.2021,10°10'35.9,114°21'45.5,,LC,,1,,1,"Đặc điểm: Kích thước trung bình 7-12 cm. Mẫu lớn nhất có kích cỡ đạt tới 18 cm
Sinh thái: Sống ở đáy cát hoặc bùn quanh các rạn đá, rạn san hô, độ sâu từ 1-50 m
Phân bố:
- Thế giới: Vùng biển Ấn Độ - Tây Thái Bình Dương  
      - Việt Nam: Dọc ven biển Việt Nam
Ứng dụng: dùng làm hàng mỹ nghệ",Khu trưng bày đa dạng sinh học biển
9,Thân mềm,E.57393,Conidae,Conus litteratus,"Linnaeus, 1758",Ốc cối đầu tím,Thuyền Chài,01.05.2021,08°16'14.3,113°21'28.7,1,LC,,1,,1,"Đặc điểm: Kích thước trung bình 7-12 cm. Mẫu lớn nhất có kích cỡ đạt tới 18 cm
Sinh thái: Sống ở đáy cát hoặc bùn quanh các rạn đá, rạn san hô, độ sâu từ 1-50 m
Phân bố:
- Thế giới: Vùng biển Ấn Độ - Tây Thái Bình Dương  
      - Việt Nam: Dọc ven biển Việt Nam
Ứng dụng: dùng làm hàng mỹ nghệ",Khu trưng bày đa dạng sinh học biển
37,Thân mềm,E.57358,Conidae,Conus lividus,"Hwass in Bruguière, 1792",Ốc cối vai ngấn,Đá Lớn,06.04.2021,09°59'46.1,113°50'39.1,,LC,,1,,1,"Đặc điểm: Kích thước trung bình 3,5-4,5 cm. Mẫu lớn nhất có kích cỡ đạt tới 5,2 cm
Sinh thái: Sống ở đáy cát hoặc đá, độ sâu từ 3-30 m
Phân bố:
- Thế giới: Vùng biển Ấn Độ - Thái Bình Dương  
- Việt Nam: Vùng biển Khánh Hòa, Ninh Thuận, vv…
Ứng dụng: dùng làm hàng mỹ nghệ",Khu trưng bày đa dạng sinh học biển
40,Thân mềm,E.57360,Conidae,Conus quercinus,"[Lightfoot], 1786",Ốc cối da vàng,Đá Lớn,06.04.2021,09°59'46.1,113°50'39.1,,LC,,1,,1,"Đặc điểm: Kích thước trung bình 5-8 cm. Mẫu lớn nhất có kích cỡ đạt tới 10 cm
Sinh thái: Sống nơi đáy cát, vùng dưới triều đến độ sâu 70 m
Phân bố:
- Thế giới: Vùng biển Ấn Độ - Tây Thái Bình Dương     - Việt Nam: Vùng biển Bình Định, Khánh Hòa, Cà Ná, vv…
Ứng dụng: dùng làm hàng mỹ nghệ",Khu trưng bày đa dạng sinh học biển
60,Thân mềm,E.57290,Muricidae,Coralliophila violacea,"(Kiener, 1836)","Ốc san hô miệng tím 
Silver Conch",Nam Yết,11.10.2020,10°11'08.8,114°22'05.32,,,,1,,1,"Đặc điểm: Kích thước Trung bình 7-8 cm. Mẫu lớn nhất có kích cỡ đạt tới 9,5 cm
Sinh thái: Đáy cát vùng rạn san hô
Phân bố:
- Thế giới: Vùng biển Ấn Độ - Thái Bình Dương  
                  - Việt Nam: Vùng biển Quảng Ngãi, Khánh Hòa, Ninh Thuận, vv…
Kích thước: Trung bình 7-8 cm. Mẫu lớn nhất có kích cỡ đạt tới 9,5 cm
Ứng dụng: Dùng làm hàng mỹ nghệ

Nơi thu: Nam Yết, ngày 11/10/2020",Khu trưng bày đa dạng sinh học biển
4,Thân mềm,E.57293,Cypraeidae,Cypraea tigris,"Linnaeus, 1758","Ốc sứ vân hổ
Tiger Cowry",Tốc Tan,13.10.2020,08°49'38.3,113°56'06.5,,,,1,,1,"Đặc điểm: Kích thước Trung bình 8 - 12cm. Mẫu lớn nhất có kích cỡ đạt tới 14 cm
Sinh thái: Trên đá, rạn san hô, vùng triều đến độ sâu 40 m
Phân bố:
- Thế giới: Vùng biển Tây Nam Thái Bình Dương  
                  - Việt Nam: Vùng biển các tỉnh phía Bắc, Quảng Ngãi, Khánh Hòa, Ninh Thuận, Bình Thuận, Phú Quốc, vv… 
Kích thước: Trung bình 8 - 12cm. Mẫu lớn nhất có kích cỡ đạt tới 14 cm
Ứng dụng: Dùng làm hàng mỹ nghệ

Nơi thu: Tốc Tan, ngày 13/10/2020",Khu trưng bày đa dạng sinh học biển
2,Thân mềm,E.57321,Cypraeidae,Cypraea tigris,"Linnaeus, 1758",Ốc sứ vân hổ,Đá Lớn,06.04.2021,09°59'46.1,113°50'39.1,,,,1,,1,"Đặc điểm: Kích thước trung bình 8 - 12cm. Mẫu lớn nhất có kích cỡ đạt tới 14 cm
Sinh thái: Sống trên đá, rạn san hô, vùng triều đến độ sâu 40 m
Phân bố:
- Thế giới: Vùng biển Tây Nam Thái Bình Dương  
  - Việt Nam: Vùng biển các tỉnh phía Bắc, Quảng Ngãi, Khánh Hòa, Ninh Thuận, Bình Thuận, Phú Quốc, vv…
Ứng dụng: dùng làm hàng mỹ nghệ",Khu trưng bày đa dạng sinh học biển
3,Thân mềm,E.57386,Cypraeidae,Cypraea tigris,"Linnaeus, 1758",Ốc sứ vân hổ,Nam Yết,14.04.2021,10°10'35.9,114°21'45.5,,,,1,,1,"Đặc điểm: Kích thước trung bình 8 - 12cm. Mẫu lớn nhất có kích cỡ đạt tới 14 cm
Sinh thái: Sống trên đá, rạn san hô, vùng triều đến độ sâu 40 m
Phân bố:
- Thế giới: Vùng biển Tây Nam Thái Bình Dương  
  - Việt Nam: Vùng biển các tỉnh phía Bắc, Quảng Ngãi, Khánh Hòa, Ninh Thuận, Bình Thuận, Phú Quốc, vv…
Ứng dụng: dùng làm hàng mỹ nghệ",Khu trưng bày đa dạng sinh học biển
44,Thân mềm,E.57363,Muricidae,Drupa morum,"Röding, 1798",Ốc gai miệng tím,Đá Lớn,06.04.2021,09°59'46.1,113°50'39.1,1,,,1,,1,"Đặc điểm: Kích thước trung bình 2,5-3 cm. Mẫu lớn nhất có kích cỡ đạt tới 3,5 cm
Sinh thái: Sống trên các rạn đá hoặc san hô, độ sâu từ 1-15 m
Phân bố:
- Thế giới: Vùng biển Ấn Độ - Thái Bình Dương  
- Việt Nam: Vùng biển Quảng Ngãi, Khánh Hòa, vv…
Ứng dụng: dùng làm hàng mỹ nghệ",Khu trưng bày đa dạng sinh học biển
43,Thân mềm,E.57366,Muricidae,Drupa ricinus,"(Linnaeus, 1758)",Ốc gai miệng vàng,Đá Lớn,06.04.2021,09°59'46.1,113°50'39.1,,,,1,,1,"Đặc điểm: Kích thước trung bình 2-2,5 cm. Mẫu lớn nhất có kích cỡ đạt tới 3 cm
Sinh thái: Sống trên các rạn đá hoặc san hô, độ sâu từ 1-15 m
Phân bố:
- Thế giới: Vùng biển Ấn Độ - Thái Bình Dương  
- Việt Nam: Vùng biển Quảng Ngãi, Khánh Hòa, Ninh Thuận, Bình Thuận, vv…
Ứng dụng: dùng làm hàng mỹ nghệ",Khu trưng bày đa dạng sinh học biển
51,Thân mềm,E.57367,Muricidae,Drupa rubusidaeus,"Röding, 1798",Ốc gai miệng đỏ,Đá Lớn,06.04.2021,09°59'46.1,113°50'39.1,,,,1,,1,"Đặc điểm: Kích thước trung bình 3-4 cm. Mẫu lớn nhất có kích cỡ đạt tới 5 cm
Sinh thái: Sống trên các rạn đá hoặc san hô, độ sâu từ 1-16 m
Phân bố:
- Thế giới: Vùng biển Ấn Độ - Thái Bình Dương  
- Việt Nam: Vùng biển Quảng Ngãi, Khánh Hòa, Ninh Thuận, vv…
Ứng dụng: dùng làm hàng mỹ nghệ",Khu trưng bày đa dạng sinh học biển
52,Thân mềm,E.57400,Muricidae,Drupa rubusidaeus,"Röding, 1798",Ốc gai miệng đỏ,Tốc Tan,17.10.2020,08°49'38.3,113°56'06.5,,,,1,,1,"Đặc điểm: Kích thước trung bình 3-4 cm. Mẫu lớn nhất có kích cỡ đạt tới 5 cm
Sinh thái: Sống trên các rạn đá hoặc san hô, độ sâu từ 1-16 m
Phân bố:
- Thế giới: Vùng biển Ấn Độ - Thái Bình Dương  
- Việt Nam: Vùng biển Quảng Ngãi, Khánh Hòa, Ninh Thuận, vv…
Ứng dụng: dùng làm hàng mỹ nghệ",Khu trưng bày đa dạng sinh học biển
34,Thân mềm,E.57316,Muricidae,Drupella cornus,"(Röding, 1798)",Ốc gai hột nhọn,Song Tử Tây,30.03.2021,11°26'07.0,114°20'04.5,,,,1,,1,"Đặc điểm: Kích thước trung bình 3-3,5 cm. Mẫu lớn nhất có kích cỡ đạt tới 4,5 cm
Sinh thái: Sống trên các rạn đá, độ sâu từ 5-30 m
Phân bố:
- Thế giới: Vùng biển Ấn Độ - Thái Bình Dương  
- Việt Nam: Vùng biển Khánh Hòa, Ninh Thuận, Côn Đảo, vv…
Ứng dụng: dùng làm hàng mỹ nghệ",Khu trưng bày đa dạng sinh học biển
31,Thân mềm,E.57362,Fasciolariidae,Filifusus filamentosus,"(Röding, 1798)",Ốc thoi đỏ,Đá Lớn,06.04.2021,09°59'46.1,113°50'39.1,1,,,1,,1,"Đặc điểm: Kích thước trung bình 10-14 cm. Mẫu lớn nhất có kích cỡ đạt tới 17 cm
Sinh thái: Sống trên các rạn đá, độ sâu từ 1-35 m
Phân bố:
- Thế giới: Vùng biển Ấn Độ - Thái Bình Dương  
- Việt Nam: Vùng biển Quảng Ngãi, Khánh Hòa, Ninh Thuận, Côn Đảo, vv…
Ứng dụng: dùng làm hàng mỹ nghệ",Khu trưng bày đa dạng sinh học biển
23,Thân mềm,E.57289,Lucinidae,Fimbria fimbriata,"(Linnaeus, 1758)","Sò tròn dài
Common Basket Lucina",Đá Nam,06.10.2020,11°24'57,114°19'30.8,,,,,,,"Đặc điểm: Kích thước Trung bình 6-8 cm. Mẫu lớn nhất có kích cỡ đạt tới 10 cm
Sinh thái: Ở đáy cát gần các rạn san hô, độ sâu từ 5-50 m
Phân bố:
- Thế giới: Vùng biển Ấn Độ - Thái Bình Dương  
                - Việt Nam: Vùng biển Khánh Hòa, Ninh Thuận, vv… 
Kích thước: Trung bình 6-8 cm. Mẫu lớn nhất có kích cỡ đạt tới 10 cm
Ứng dụng: Dùng làm thực phẩm và hàng mỹ nghệ

Nơi thu: Đá Nam, ngày 6/10/2020",Khu trưng bày đa dạng sinh học biển
19,Thân mềm,E.57288,Strombidae,Harpago chiragra,"(Linnaeus, 1758)","Ốc bàn tay quéo
Chiragra Spider Conch",Đá Nam,06.10.2020,11°24'57,114°19'30.8,1,,,1,1,,"Đặc điểm: Kích thước Trung bình 17-25 cm. Mẫu lớn nhất có kích cỡ đạt tới 32 cm
Sinh thái: Ở đáy cát trong vùng rạn san hô, độ sâu từ 1-25 m
Phân bố:
-Thế giới: Vùng biển đông Ấn Độ Dương đến Polynesia 
                - Việt Nam: Vùng biển Quảng Ngãi, Khánh Hòa, Ninh Thuận, Bình Thuận, vv… 
Kích thước: Trung bình 17-25 cm. Mẫu lớn nhất có kích cỡ đạt tới 32 cm
Ứng dụng: Dùng làm thực phẩm và hàng mỹ nghệ

Nơi thu: Đá Nam, ngày 6/10/2020",Khu trưng bày đa dạng sinh học biển
20,Thân mềm,E.57295,Strombidae,Harpago chiragra,"(Linnaeus, 1758)",Ốc bàn tay quéo,Tốc Tan,13.10.2020,08°49'38.3,113°56'06.5,1,,,1,1,,"Đặc điểm: Kích thước trung bình 17-25 cm. Mẫu lớn nhất có kích cỡ đạt tới 32 cm
Sinh thái: Sống ở đáy cát trong vùng rạn san hô, độ sâu từ 1-25 m
Phân bố:
-Thế giới: Vùng biển đông Ấn Độ Dương đến Polynesia 
- Việt Nam: Vùng biển Quảng Ngãi, Khánh Hòa, Ninh Thuận, Bình Thuận, vv…
Ứng dụng: dùng làm thực phẩm và hàng mỹ nghệ

Nơi thu: Tốc Tan, ngày 13/10/2020",Khu trưng bày đa dạng sinh học biển
58,Thân mềm,E.57306,Tridacnidae,Hippopus hippopus,"(Linnaeus, 1758)",Trai tai nghé,Thuyền Chài,30.10.2020,08°15'52.2,113°21'45.5,1,,VU,,,,"Đặc điểm: Kích thước trung bình 30-40cm. Mẫu lớn nhất có kích cỡ đạt tới 70 cm
Sinh thái: Sống trên các rạn san hô, độ sâu 3-20 m
Phân bố:
- Thế giới: Vùng biển Ấn Độ - Tây Thái Bình Dương  
  - Việt Nam: Vùng biển Khánh Hòa, vv…
Ứng dụng: chưa rõ",Khu trưng bày đa dạng sinh học biển
59,Thân mềm,E.57390,Tridacnidae,Hippopus hippopus,"(Linnaeus, 1758)",Trai tai nghé,Tốc Tan,17.10.2020,08°49'38.3,113°56'06.5,1,,VU,,,,"Đặc điểm: Kích thước trung bình 30-40cm. Mẫu lớn nhất có kích cỡ đạt tới 70 cm
Sinh thái: Sống trên các rạn san hô, độ sâu 3-20 m
Phân bố:
- Thế giới: Vùng biển Ấn Độ - Tây Thái Bình Dương  
  - Việt Nam: Vùng biển Khánh Hòa, vv…
Ứng dụng: chưa rõ",Khu trưng bày đa dạng sinh học biển
25,Thân mềm,E.57310,Strombidae,Lambis lambis,"(Linnaeus, 1758)",Ốc bàn tay ria,Thuyền Chài,30.10.2020,08°15'52.2,113°21'45.5,1,,,1,1,,"Đặc điểm: Kích thước trung bình 18-20 cm. Mẫu lớn nhất có kích cỡ đạt tới 25 cm
Sinh thái: Sống ở đáy cát trong vùng rạn san hô, độ sâu từ 1-25 m
Phân bố:
- Thế giới: Vùng biển Ấn Độ – Tây Thái Bình Dương 
- Việt Nam: Vùng biển Quảng Ngãi, Khánh Hòa, Ninh Thuận, Côn Đảo, vv….
Ứng dụng: dùng làm thực phẩm và hàng mỹ nghệ",Khu trưng bày đa dạng sinh học biển
24,Thân mềm,E.57334,Strombidae,Lambis lambis,"(Linnaeus, 1758)",Ốc bàn tay ria,Đá Lớn,06.04.2021,09°59'46.1,113°50'39.1,1,,,1,1,,"Đặc điểm: Kích thước trung bình 18-20 cm. Mẫu lớn nhất có kích cỡ đạt tới 25 cm
Sinh thái: Sống ở đáy cát trong vùng rạn san hô, độ sâu từ 1-25 m
Phân bố:
- Thế giới: Vùng biển Ấn Độ – Tây Thái Bình Dương 
- Việt Nam: Vùng biển Quảng Ngãi, Khánh Hòa, Ninh Thuận, Côn Đảo, vv….
Ứng dụng: dùng làm thực phẩm và hàng mỹ nghệ",Khu trưng bày đa dạng sinh học biển
62,Thân mềm,E.57311,Strombidae,Lentigo lentiginosus,"(Linnaeus, 1758)",Ốc nhảy da cóc,Thuyền Chài,30.10.2020,08°15'52.2,113°21'45.5,1,,,1,1,,"Đặc điểm: Kích thước trung bình 7-8 cm. Mẫu lớn nhất có kích cỡ đạt tới 9,5 cm
Sinh thái: Sống đáy cát vùng rạn san hô
Phân bố:
- Thế giới: Vùng biển Ấn Độ - Thái Bình Dương                
- Việt Nam: Vùng biển Quảng Ngãi, Khánh Hòa, Ninh Thuận, vv…
Ứng dụng: dùng làm hàng mỹ nghệ",Khu trưng bày đa dạng sinh học biển
61,Thân mềm,E.57335,Strombidae,Lentigo lentiginosus,"(Linnaeus, 1758)",Ốc nhảy da cóc,Đá Lớn,06.04.2021,09°59'46.1,113°50'39.1,,,,1,1,,"Đặc điểm: Kích thước trung bình 1,5-2 cm. Mẫu lớn nhất có kích cỡ đạt tới 2,5 cm
Sinh thái: Sống ở vùng rạn san hô, độ sâu từ 1-40 m
Phân bố:
- Thế giới: Vùng biển Ấn Độ - Thái Bình Dương  
- Việt Nam: Vùng biển Khánh Hòa, Ninh Thuận, vv…
Ứng dụng: dùng làm hàng mỹ nghệ",Khu trưng bày đa dạng sinh học biển
35,Thân mềm,E.57403,Cypraeidae,Luria isabella,"(Linnaeus, 1758)",Ốc sứ đầu cam,Tốc Tan,17.10.2020,08°49'38.3,113°56'06.5,1,,,,,,"Đặc điểm: Kích thước trung bình 2-3 cm. Mẫu lớn nhất có kích cỡ đạt tới 3,7 cm
Sinh thái: Sống trong các hốc đá hoặc san hô, độ sâu từ 1-25 m
Phân bố:
- Thế giới: Vùng biển Tây Thái Bình Dương 
- Việt Nam: Vùng biển Quảng Ngãi, Khánh Hòa, Ninh Thuận, Côn Đảo, vv….
Ứng dụng: dùng làm hàng mỹ nghệ",Khu trưng bày đa dạng sinh học biển
38,Thân mềm,E.57323,Cypraeidae,Lyncina lynx,"(Linnaeus, 1758)",Ốc sứ bông chấm đen,Đá Lớn,06.04.2021,09°59'46.1,113°50'39.1,1,,,1,,1,"Đặc điểm: Kích thước trung bình 3-4 cm. Mẫu lớn nhất có kích cỡ đạt tới 5 cm
Sinh thái: Sống trong các hốc đá hoặc san hô, độ sâu từ 1-20 m
Phân bố:
- Thế giới: Vùng biển Tây Thái Bình Dương 
- Việt Nam: Vùng biển Quảng Ngãi, Khánh Hòa, Ninh Thuận, vv….
Ứng dụng: dùng làm hàng mỹ nghệ",Khu trưng bày đa dạng sinh học biển
18,Thân mềm,E.57368,Muricidae,Mancinella armigera,"Link, 1807",Ốc đá,Đá Lớn,06.04.2021,09°59'46.1,113°50'39.1,,,,,,,"Đặc điểm: Kích thước trung bình 5-6 cm. Mẫu lớn nhất có kích cỡ đạt tới 9 cm
Sinh thái: Sống ở trong các rạn đá, độ sâu từ 1-15 m
Phân bố:
- Thế giới: Vùng biển Tây Thái Bình Dương 
- Việt Nam: Vùng biển Quảng Ngãi, Khánh Hòa, vv….
Ứng dụng: dùng làm hàng mỹ nghệ",Khu trưng bày đa dạng sinh học biển
33,Thân mềm,E.57309,Cypraeidae,Monetaria annulus,"(Linnaeus, 1758)",Ốc sứ vòng vàng,Thuyền Chài,30.10.2020,08°15'52.2,113°21'45.5,,,,1,,1,"Đặc điểm: Kích thước trung bình 2-2,5 cm. Mẫu lớn nhất có kích cỡ đạt tới 3 cm
Sinh thái: Sống ở đáy cát quanh các rạn san hô, độ sâu từ 1-10 m
Phân bố:
- Thế giới: Vùng biển Ấn Độ - Thái Bình Dương 
- Việt Nam: Vùng biển Quảng Ngãi, Khánh Hòa, Ninh Thuận, Bình Thuận, Côn Đảo, vv….
Ứng dụng: dùng làm hàng mỹ nghệ",Khu trưng bày đa dạng sinh học biển
45,Thân mềm,E.57325,Cypraeidae,Monetaria caputserpentis,"(Linnaeus, 1758)",Ốc sứ đen,Đá Lớn,06.04.2021,09°59'46.1,113°50'39.1,,,,1,,1,"Đặc điểm: Kích thước trung bình 3-3,5 cm. Mẫu lớn nhất có kích cỡ đạt tới 4 cm
Sinh thái: Sống ở đáy cát quanh các rạn san hô hoặc cỏ bển, độ sâu từ 1-10 m
Phân bố:
- Thế giới: Vùng biển Ấn Độ - Tây Thái Bình Dương 
- Việt Nam: Vùng biển Quảng Ngãi, Khánh Hòa, Ninh Thuận, Côn Đảo, vv….
Ứng dụng: dùng làm hàng mỹ nghệ",Khu trưng bày đa dạng sinh học biển
41,Thân mềm,E.57302,Neritidae,Nerita albicilla,"Linnaeus, 1758","Ốc móng ngựa méo
 Ox-palate Nerite",Tốc Tan,17.10.2020,08°49'38.3,113°56'06.5,,,,1,1,,"Đặc điểm: Kích thước Trung bình 1-1,5 cm. Mẫu lớn nhất có kích cỡ đạt tới 2 cm
Sinh thái: Ở vùng triều bờ đá
Phân bố:
- Thế giới: Vùng biển Ấn Độ - Thái Bình Dương 
                 - Việt Nam: Vùng biển Quảng Ninh, Hải Phòng, Hà Tĩnh, Nghệ An, Quảng Ngãi, Khánh Hòa, vv…. 
Kích thước: Trung bình 1-1,5 cm. Mẫu lớn nhất có kích cỡ đạt tới 2 cm
Ứng dụng: Dùng làm thực phẩm và hàng mỹ nghệ

Nơi thu: Tốc Tan, ngày 17/10/2020",Khu trưng bày đa dạng sinh học biển
30,Thân mềm,E.57320,Phyllidiidae,Phyllidia elegans,"Bergh, 1869",Sên biển,Song Tử Tây,30.03.2021,11°26'07.0,114°20'04.5,1,,,,,,"Đặc điểm: Kích thước trung bình 3-4 cm. Mẫu lớn nhất có kích cỡ đạt tới 5 cm
Sinh thái: Sống ở vùng cận triều
Phân bố:
- Thế giới: Vùng biển Ấn Độ - Tây Thái Bình Dương 
- Việt Nam: Vùng biển Khánh Hòa, Côn Đảo, vv….
Ứng dụng: chưa rõ",Khu trưng bày đa dạng sinh học biển
57,Thân mềm,E.57391,Pteriidae,Pinctada margaritifera,"(Linnaeus, 1758)",Trai Ngọc môi đen,Tốc Tan,28.04.2021,08°49'43.8,113°58'30.3,1,,VU,1,,1,"Đặc điểm: Kích thước trung bình 12-15cm. Mẫu lớn nhất có kích cỡ đạt tới 18 cm
Sinh thái: Sống ở đáy đá sỏi, vùng dưới triều đến độ sâu 20 m
Phân bố:
- Thế giới: Vùng biển Ấn Độ - Thái Bình Dương  
  - Việt Nam: Vùng biển Quảng Ninh, Hải Phòng, Quảng Ngãi, Khánh Hòa, Bình Thuận, Côn Đảo, Phú Quốc, vv…
Ứng dụng: dùng làm thực phầm và hàng mỹ nghệ",Khu trưng bày đa dạng sinh học biển
42,Thân mềm,E.57297,Pteriidae,Pteria penguin,"(Röding, 1798)",Trai ngọc nữ,Tốc Tan,13.10.2020,08°49'38.3,113°56'06.5,1,,VU,1,,1,"Đặc điểm: Kích thước trung bình 15-20 cm. Mẫu lớn nhất có kích cỡ đạt tới 28 cm
Sinh thái: Sống trên các rạn đá, độ sâu từ 5-35 m.
Phân bố:
- Thế giới: Vùng biển Ấn Độ - Tây Thái Bình Dương 
- Việt Nam: Vùng biển Khánh Hòa, Ninh Thuận, Bình Thuận, Côn Đảo, vv….
Ứng dụng: dùng làm thực phẩm và hàng mỹ nghệ

Nơi thu: Tốc Tan, ngày 13/10/2020",Khu trưng bày đa dạng sinh học biển
17,Thân mềm,E.57285,Cerithiidae,Rhinoclavis articulata,"(Adams & Reeve, 1850)","Ốc hút
Articulate Vertagus",Đá Nam,06.10.2020,11°24'57,114°19'30.8,,,,,,,"Đặc điểm: Kích thước Trung bình 3-4 cm. Mẫu lớn nhất có kích cỡ đạt tới 5 cm
Sinh thái: Trên cát và đá sỏi thô, độ sâu từ 1-5 m.
Phân bố:
- Thế giới: Vùng biển Thái Bình Dương 
                 - Việt Nam: Vùng biển Khánh Hòa, Ninh Thuận,  vv…. 
Kích thước: Trung bình 3-4 cm. Mẫu lớn nhất có kích cỡ đạt tới 5 cm
Ứng dụng: Dùng làm hàng mỹ nghệ

Nơi thu: Đá Nam, ngày 6/10/2022",Khu trưng bày đa dạng sinh học biển
26,Thân mềm,E.57291,Tegulidae,Rochia conus,"(Gmelin, 1791)","Ốc đụn chấm cam
Cone Shaped Top",Nam Yết,11.10.2020,10°11'08.8,114°22'05.32,,,,1,,1,"Đặc điểm: Kích thước Trung bình 4.5-6cm. Mẫu lớn nhất có kích cỡ đạt tới 7 cm
Sinh thái: Trên đá, độ sâu từ 1-5 m
Phân bố:
- Thế giới: Vùng biển Ấn Độ - Thái Bình Dương 
                 - Việt Nam: Vùng biển Quảng Ngãi, Khánh Hòa, vv...
Kích thước: Trung bình 4.5-6cm. Mẫu lớn nhất có kích cỡ đạt tới 7 cm
Ứng dụng: Dùng làm thực phẩm và hàng mỹ nghệ

Nơi thu: Nam Yết, ngày 11/10/2020",Khu trưng bày đa dạng sinh học biển
22,Thân mềm,E.57299,Tegulidae,Rochia nilotica,"(Linnaeus, 1767)","Ốc đụn cái
Commercial Trochus",Tốc Tan,13.10.2020,08°49'38.3,113°56'06.5,1,,,1,,1,"Đặc điểm: Kích thước Trung bình 8-10 cm. Mẫu lớn nhất có kích cỡ đạt tới 15 cm
Sinh thái: Trên đá, độ sâu từ 1 đến 20 m
Phân bố:
- Thế giới: Vùng biển Ấn Độ - Thái Bình Dương
                - Việt Nam: Vùng biển các tỉnh phía Bắc, Đà Nẵng, Quảng Ngãi, Bình Định, Phú Yên, Khánh Hòa, vv ….
Kích thước: Trung bình 8-10 cm. Mẫu lớn nhất có kích cỡ đạt tới 15 cm
Ứng dụng: Dùng làm thực phẩm và hàng mỹ nghệ

Nơi thu: Tốc Tan, ngày 13/10/2020",Khu trưng bày đa dạng sinh học biển
21,Thân mềm,E.57305,Tegulidae,Rochia nilotica,"(Linnaeus, 1767)","Ốc đụn cái
Commercial Trochus",Thuyền Chài,29.10.2020,08°15'52.2,113°21'45.5,,,,1,,1,"Đặc điểm: Kích thước Trung bình 8-10 cm. Mẫu lớn nhất có kích cỡ đạt tới 15 cm
Sinh thái: Sống trên đá, độ sâu từ 1 đến 20 m
Phân bố:
- Thế giới: Vùng biển Ấn Độ - Thái Bình Dương
                - Việt Nam: Vùng biển các tỉnh phía Bắc, Đà Nẵng, Quảng Ngãi, Bình Định, Phú Yên, Khánh Hòa, vv ….
Kích thước: Trung bình 8-10 cm. Mẫu lớn nhất có kích cỡ đạt tới 15 cm
Ứng dụng: Dùng làm thực phẩm và hàng mỹ nghệ

Nơi thu: Thuyền chài, ngày 29/10/2020",Khu trưng bày đa dạng sinh học biển
28,Thân mềm,E.57315,Spondylidae,Spondylus squamosus,"Schreibers, 1793",Sò gai dày,Thuyền Chài,30.10.2020,08°15'52.2,113°21'45.5,1,,,1,1,,"Đặc điểm: Kích thước trung bình 5-7 cm. Mẫu lớn nhất có kích cỡ đạt tới 10 cm
Sinh thái: Sống bám trên đá hoặc san hô chết, độ sâu từ 1-15 m
Phân bố:
- Thế giới: Vùng biển Ấn Độ - Tây Thái Bình Dương
- Việt Nam: Vùng biển Khánh Hòa, Ninh Thuận, vv ….
Ứng dụng: dùng làm thực phẩm và hàng mỹ nghệ",Khu trưng bày đa dạng sinh học biển
29,Thân mềm,E.57392,Spondylidae,Spondylus squamosus,"Schreibers, 1793",Sò gai dày,Tốc Tan,28.04.2021,08°49'43.8,113°58'30.3,1,,,1,1,,"Đặc điểm: Kích thước trung bình 5-7 cm. Mẫu lớn nhất có kích cỡ đạt tới 10 cm
Sinh thái: Sống bám trên đá hoặc san hô chết, độ sâu từ 1-15 m
Phân bố:
- Thế giới: Vùng biển Ấn Độ - Tây Thái Bình Dương
- Việt Nam: Vùng biển Khánh Hòa, Ninh Thuận, vv ….
Ứng dụng: dùng làm thực phẩm và hàng mỹ nghệ",Khu trưng bày đa dạng sinh học biển
14,Thân mềm,E.57300,Tegulidae,Tectus pyramis,"(Born, 1778)","Ốc đụn đực
Pyramid Top",Tốc Tan,13.10.2020,08°49'38.3,113°56'06.5,1,,EN,1,,1,"Đặc điểm: Kích thước Trung bình 6-7 cm. Mẫu lớn nhất có kích cỡ đạt tới 10 cm

Nơi thu: Tốc Tan, ngày 13/10/2020
Sinh thái: Trên đá ở vùng dưới triều (Okutani, 2000)
Phân bố:
- Thế giới: Vùng biển Ấn Độ - Thái Bình Dương  
                - Việt Nam: Vùng biển Quảng Ninh, Hải Phòng, Khánh Hòa, Côn Đảo, vv…
Ứng dụng: Dùng làm thực phẩm và hàng mỹ nghệ
Kích thước: Trung bình 6-7 cm. Mẫu lớn nhất có kích cỡ đạt tới 10 cm

Nơi thu: Tốc Tan, ngày 13/10/2020",Khu trưng bày đa dạng sinh học biển
13,Thân mềm,E.57371,Tegulidae,Tectus pyramis,"(Born, 1778)",Ốc đụn đực,Đá Lớn,06.04.2021,09°59'46.1,113°50'39.1,1,,EN,1,,1,"Đặc điểm: Kích thước trung bình 6-7 cm. Mẫu lớn nhất có kích cỡ đạt tới 10 cm
Sinh thái: Sống trên đá ở vùng dưới triều (Okutani, 2000)
Phân bố:
- Thế giới: Vùng biển Ấn Độ - Thái Bình Dương  
  - Việt Nam: Vùng biển Quảng Ninh, Hải Phòng, Khánh Hòa, Côn Đảo, vv…
Ứng dụng: dùng làm thực phẩm và hàng mỹ nghệ",Khu trưng bày đa dạng sinh học biển
53,Thân mềm,E.57401,Tegulidae,Tectus triserialis,"(Lamarck, 1822",Ốc đụn đỉnh nhọn,Tốc Tan,17.10.2020,08°49'38.3,113°56'06.5,1,,,,,,"Đặc điểm: Kích thước trung bình 4-5 cm. Mẫu lớn nhất có kích cỡ đạt tới 6 cm
Sinh thái: Sống ở vùng cận triều trên đá
Phân bố:
- Thế giới: Vùng biển  Tây Thái Bình Dương
- Việt Nam: Vùng biển Khánh Hòa, Ninh Thuận, vv ….
Ứng dụng: dùng làm hàng mỹ nghệ",Khu trưng bày đa dạng sinh học biển
5,Thân mềm,E.57286,Tridacnidae,Tridacna crocea,"Lamarck, 1819","Trai tai tượng nhỏ
Boring Clam",Đá Nam,06.10.2020,11°24'57,114°19'30.8,,LC,,,,,"Đặc điểm: Kích thước Trung bình 12-15cm. Mẫu lớn nhất có kích cỡ đạt tới 20 cm
Sinh thái: Bám trên các rạn san hô, độ sâu 1-15 m
Phân bố:
- Thế giới: Vùng biển Ấn Độ - Tây Thái Bình Dương  
                 - Việt Nam: Vùng biển Khánh Hòa, Côn Đảo, Phú Quốc, vv… 
Kích thước: Trung bình 12-15cm. Mẫu lớn nhất có kích cỡ đạt tới 20 cm
Ứng dụng: Chưa rõ

Nơi thu: Đá Nam, ngày 6/10/2020",Khu trưng bày đa dạng sinh học biển
39,Thân mềm,E.57372,Trochidae,Trochus maculatus,"Linnaeus, 1758",Ốc đụn vệt nâu,Đá Lớn,06.04.2021,09°59'46.1,113°50'39.1,,,,1,,1,"Đặc điểm: Kích thước trung bình 4-5 cm. Mẫu lớn nhất có kích cỡ đạt tới 7 cm
Sinh thái: Sống trên đá ở vùng triều đến vùng dưới triều
Phân bố:
- Thế giới: Vùng biển Ấn Độ - Thái Bình Dương  
- Việt Nam: Vùng biển Quảng Ninh, Hải Phòng, Hà Tĩnh, Nghệ An, Khánh Hòa, Ninh Thuận, Côn Đảo, vv…
Ứng dụng: dùng làm thực phẩm và hàng mỹ nghệ",Khu trưng bày đa dạng sinh học biển
46,Thân mềm,E.57380,Turbinidae,Turbo argyrostomus,"Linnaeus, 1758",Ốc Mặt trăng miệng ánh bạc,Đá Lớn,06.04.2021,09°59'46.1,113°50'39.1,,,,1,,1,"Đặc điểm: Kích thước trung bình 5-6 cm. Mẫu lớn nhất có kích cỡ đạt tới 8 cm
Sinh thái: Sống trên đá, độ sâu từ 1-30 m
Phân bố:
- Thế giới: Vùng biển Ấn Độ - Thái Bình Dương  
- Việt Nam: Vùng biển Quảng Ngãi, Khánh Hòa, Ninh Thuận, vv…
Ứng dụng: dùng làm thực phẩm và hàng mỹ nghệ",Khu trưng bày đa dạng sinh học biển
47,Thân mềm,E.57399,Turbinidae,Turbo argyrostomus,"Linnaeus, 1758",Ốc Mặt trăng miệng ánh bạc,Tốc Tan,17.10.2020,08°49'38.3,113°56'06.5,,,,1,,1,"Đặc điểm: Kích thước trung bình 5-6 cm. Mẫu lớn nhất có kích cỡ đạt tới 8 cm
Sinh thái: Sống trên đá, độ sâu từ 1-30 m
Phân bố:
- Thế giới: Vùng biển Ấn Độ - Thái Bình Dương  
- Việt Nam: Vùng biển Quảng Ngãi, Khánh Hòa, Ninh Thuận, vv…
Ứng dụng: dùng làm thực phẩm và hàng mỹ nghệ",Khu trưng bày đa dạng sinh học biển
15,Thân mềm,E.57292,Bursidae,Tutufa bubo,"(Linnaeus, 1758)","Ốc tù và gai lớn
Giant Frog Shell",Tốc Tan,13.10.2020,08°49'38.3,113°56'06.5,1,,,1,,1,"Đặc điểm: Kích thước Trung bình 20-25 cm. Mẫu lớn nhất có kích cỡ đạt tới 34 cm
Sinh thái: Ở vùng triều đến vùng dưới triều
Phân bố:
- Thế giới: Vùng biển Ấn Độ - Thái Bình Dương 
                 - Việt Nam: Vùng biển Quảng Ngãi, Khánh Hòa, Ninh Thuận, vv… 
Kích thước: Trung bình 20-25 cm. Mẫu lớn nhất có kích cỡ đạt tới 34 cm
Ứng dụng: Dùng làm hàng mỹ nghệ

Nơi thu: Tốc Tan, ngày 13/10/2020",Khu trưng bày đa dạng sinh học biển
16,Thân mềm,E.57319,Muricidae,Tylothais aculeata,"(Deshayes, 1844)",Ốc gai hột thô,Song Tử Tây,30.03.2021,11°26'07.0,114°20'04.5,,,,1,,1,"Đặc điểm: Kích thước trung bình 2,5-3,5 cm. Mẫu lớn nhất có kích cỡ đạt tới 5 cm
Sinh thái: Sống trên đá ở vùng triều đến vùng dưới triều
Phân bố:
- Thế giới: Vùng biển Ấn Độ - Thái Bình Dương  
   - Việt Nam: Vùng biển Khánh Hòa, Ninh Thuận, vv…
Ứng dụng: dùng làm hàng mỹ nghệ",Khu trưng bày đa dạng sinh học biển
10,Thân mềm,E.57296,Turbinellidae,Vasum ceramicum,"(Linnaeus, 1758)",Ốc mãng cầu dài,Tốc Tan,13.10.2020,08°49'38.3,113°56'06.5,,,,1,,1,"Đặc điểm: Kích thước trung bình 10-13cm. Mẫu lớn nhất có kích cỡ đạt tới 15 cm
Sinh thái: Sống trên các gờ rạn đá ở vùng triểu đến độ sâu 5 m
Phân bố:
- Thế giới: Vùng biển Ấn Độ - Thái Bình Dương  
  - Việt Nam: Vùng biển Quảng Ngãi, Ninh Thuận, vv…
Ứng dụng: dùng làm hàng mỹ nghệ

Nơi thu: Tốc Tan, ngày 13/10/2020",Khu trưng bày đa dạng sinh học biển
55,Thân mềm,E.57314,Turbinellidae,Vasum turbinellus,"(Linnaeus, 1758)",Ốc mãng cầu lùn,Thuyền Chài,30.10.2020,08°15'52.2,113°21'45.5,,,,1,,1,"Đặc điểm: Kích thước trung bình 5-7 cm. Mẫu lớn nhất có kích cỡ đạt tới 11 cm
Sinh thái: Sống trên đá ở vùng dưới triều
Phân bố:
- Thế giới: Vùng biển Ấn Độ - Thái Bình Dương  
- Việt Nam: Vùng biển Khánh Hòa, Ninh Thuận, Côn Đảo, vv…
Ứng dụng: dùng làm hàng mỹ nghệ",Khu trưng bày đa dạng sinh học biển
54,Thân mềm,E.57369,Turbinellidae,Vasum turbinellus,"(Linnaeus, 1758)",Ốc mãng cầu lùn,Đá Lớn,06.04.2021,09°59'46.1,113°50'39.1,,,,1,,1,"Đặc điểm: Kích thước trung bình 5-7 cm. Mẫu lớn nhất có kích cỡ đạt tới 11 cm
Sinh thái: Sống trên đá ở vùng dưới triều
Phân bố:
- Thế giới: Vùng biển Ấn Độ - Thái Bình Dương  
- Việt Nam: Vùng biển Khánh Hòa, Ninh Thuận, Côn Đảo, vv…
Ứng dụng: dùng làm hàng mỹ nghệ",Khu trưng bày đa dạng sinh học biển
329,Thực vật biển,E.52,Rhodomelaceae,Acanthophora spicifera,(M.Vahl) Børgesen 1910,"Rong Cứt đài, Rong Gai, Rong gai bông",,,,,,,,,,,"Ngành: Ngành rong Đỏ (Rhodophyta)
Bộ: Ceramiales
Chi: Acanthophora

Đặc điểm:Rong có màu đỏ nhạt đến vàng nâu. Rong dạng trụ đứng, chia chạc hai không đều, thon dần về phía đỉnh, mang các nhánh nhỏ xếp xoắn ốc suốt nhánh. Phần ngọn của nhánh nhỏ có 3 – 5 gai nhọn. Rong cao khoảng 10cm, cứng như sụn, nhánh nhiều, rộng 0,2mm, từ từ nhỏ dần về phía đỉnh mang nhiều nhánh phụ nhỏ.
Sinh học, sinh thái: Rong bám trên đá, sỏi đá nhỏ, trên rạn san hô ở vùng triều thấp và phần trên vùng dưới triều, nơi sóng vừa.
Phân bố: 
Thế giới Phân bố ở các đảo vùng biển Caribe, Đại Tây Dương, Ấn Độ Dương, Thái Bình Dương; châu Mỹ, Phi, Á, Đông Nam Á, Australia và New Zealand… 
Việt Nam Nam Du,Lý Sơn, Trường Sa lớn, Phú Quý, Côn Đảo… 
Giá trị sử dụng: Thực phẩm, thức ăn của rùa biển; chiết xuất carrageenan, chất kháng sinh.",Khu trưng bày đa dạng sinh học biển
330,Thực vật biển,E.54,Rhodomelaceae,Acrocystis nana,Zanardini 1872,Rong Đỉnh nang,,,,,,,,,,,"Ngành: Ngành rong Đỏ (Rhodophyta)
Bộ: Ceramiales
Chi: Acrocystis

Đặc điểm: Thân có màu nâu tím sẫm, nhìn như những bong bóng nhỏ, thân có dạng trụ bò, phân nhánh, đỉnh phía trên có dạng hình cầu hoặc hình dạng củ hành, cấu trúc hình cầu này sẽ thay đổi hình dạng thành hình quả lê hay hình trứng ngược theo độ tuổi của rong, phần đỉnh sẽ tròn hoặc lõm xuống tri trưởng thành.
Sinh học, sinh thái: Thường tập trung thành các cụm nhỏ ở vùng triều thấp và thành các mảng lớn ở dọc theo những nơi có bóng râm và ẩm ướt như trên các bờ đá. 
Phân bố:
Thế giới: Nhật Bản, Đài Loan, Malaysia,...
Việt Nam: Khánh Hòa, Kiên Giang, Bình Thuận,..",Khu trưng bày đa dạng sinh học biển
331,Thực vật biển,E.53,Rhodomelaceae,Amansia rhodantha,(Harvey) J.Agardh 1841,Rong Hải cúc,,,,,,,,,,,"Ngành: Ngành rong Đỏ (Rhodophyta)
Bộ: Ceramiales
Chi: Amansia

Đặc điểm: Rong có màu đỏ hồng, trục chính có dạng hình dĩa hoặc hình tròn, mang các chùm có hình như bông hoa của các nhánh thứ cấp có chiều dài 15mm, rộng 3-4mm và dày 50-75µ, Các nhánh bên có răng cưa phần mép lá. Nhìn từ bề mặt lá có các hàng tế bào xếp ngang và đều nhau.
Sinh học, sinh thái: Rong mọc trên nền đá hoặc nền san hô chết ở vùng dưới triều nơi có sóng mạnh
Phân bố: 
Thế giới: Philliphin, Nhật Bản, Nam Phi, Trung Quốc
Việt Nam: Quảng Ngãi, Khánh Hòa,..",Khu trưng bày đa dạng sinh học biển
332,Thực vật biển,E.15,Anadyomenaceae,Anadyomene wrightii,Harvey ex J.E.Gray 1866,Rong Hải nga,,,,,,,,,,,"Ngành: Ngành rong Lục (Chlorophyta)
Bộ: Cladophorales
Chi: Anadyomene

Đặc điểm:Rong có màu xanh đến vàng nhạt. Rong khi còn non có dạng lá, nhiều phiến chụm lại trông như cánh hoa, khi trưởng thành có hình thận đường kính 2-3 cm, mép nhăn gợn sóng. Trên bản lá có 5-10 gâ, sắp xếp  theo kiểu phóng xạ chia nhánh chạc hai tương đối đều, gân giữa tế bào hình trụ, hình gậy 240-600µ, rộng 80-120µ ở gốc, dài 100-140µ và rộng 65-95µ ở phần ngọn. Tế bào giữa các gân có hình trứng, hình đa giác dài 30-90µ, rộng 14-45µ, dưới phần gốc là các rễ giả bám vào vật bám.
Sinh học, sinh thái: Rong mọc bò trên mép hoặc chỗ tối của phiến đá, ở mực triều thấp đến vùng dưới triều, nơi sóng vừa ở độ sâu 1-3m
Phân bố: Trung Quốc, Nhật Bản, Đài Loan,.. Ở Việt Nam phân bố ở Quảng Trị, Đà Nẵng, Khánh Hòa, Vũng Tàu.",Khu trưng bày đa dạng sinh học biển
333,Thực vật biển,E.43,Bonnemaisoniaceae,Asparagopsis taxiformis,(Delile) Trevisan 1845,"Rong Hải tùng, Rong Măng leo biển",,,,,,,,,,,"Ngành: Ngành rong Đỏ (Rhodophyta)
Bộ: Bonnemaisoniales
Chi: Asparagopsis

Đặc điểm: Rong màu đỏ thẫm, đỏ hay hồng. Rong mọc từng bụi hay tập trung thành đám, phần gốc mọc bò, phần trên thẳng đứng; bám vào vật bám bằng rễ giả, cài quấn vào nhau, mọc từ mặt dưới của thân bò. Thân đứng mọc lên từ thân bò, dạng trụ tròn, màu hồng nhạt, sụn mềm, cao 10-20 cm, đường kính 2-2,5 cm, có trục chính rõ ràng, phần gốc của trục chính ít khi chia nhánh và gần như trơ trọi, phần nửa trên chia nhánh rất rậm, theo kiểu mọc cách; nhánh vuốt thẳng và có cùng độ dài 1,5-2 cm, trên đó mọc ra nhánh thứ cấp và các bó nhánh nhỏ dạng sợi rất mảnh (xếp theo hình lông chim). 
Sinh học, sinh thái: Rong mọc trên đá hay trên rạn san hô chết ở phía trên của vùng dưới triều, trong các khe vũng của vùng triều, nơi sóng vừa đến mạnh
Phân bố: 
Thế giới: Phân bố ở các đảo vùng biển Caribe, Đại Tây Dương, Ấn Độ Dương, Thái Bình Dương; châu Mỹ, châu Phi, châu Âu, châu Á, Đông Nam Á
(Indonesia, Philippines, Singapore, Thái Lan), Australia và New Zealand…
Việt Nam: Nam Du, Cô Tô, Bạch Long Vỹ, Cồn Cỏ, Lý Sơn, Trường Sa lớn, Phú Quý, Côn Đảo,Thổ Chu…
Giá trị sử dụng: Thực phẩm, thức ăn gia súc; chiết xuất chất chống nấm, bướu cổ, kháng sinh.",Khu trưng bày đa dạng sinh học biển
334,Thực vật biển,E.1,Dichotomosiphonaceae,Avrainvillea erecta,(Berkeley) A.Gepp & E.S.Gepp 1911,Rong Cọ đứng,,,,,,,,,,,"Ngành: Ngành rong Lục (Chlorophyta)
Bộ: Bryopsidales
Chi: Avrainvillea

Đặc điểm:Rong có màu lục nhạt. Thân rong cao 3-6 cm, mềm mại như vải nhiễu; mọc đơn hay 2-3 cây với nhau. Có cuống ngắn. Bám bằng rễ giả hình trụ do các sợi chằng chịt tạo thành, dài 5-10 cm, đường kính 1-1,6 cm, cắm sâu vào đất cát. Phiến hình quạt, rộng 2,5-7,5 cm, mép không nhẵn có tua viền, có vòng động tâm và sọc như tia phóng xạ. Các sợi không có ngấn, (trừ ở ngọn) đường kính 20- 40 µm; ở trên chỗ xẻ chạc hai có eo, thắt lại. Thể sắc tố hình dải hay hình quả xoan. Rong màu lục nhạt đến vàng nhạt, rễ giả màu trắng xám.
Sinh học, sinh thái:Rong ưa phát triển trên các bãi cát bùn ở ven đảo, vùng cửa sông. Chúng mọc ở vùng triều thấp đến vùng dưới triều tới độ sâu 10-15m.
Phân bố: trên thế giới Malaixia, Philippin, Trung Quốc, Nhật Bản, Ấn Độ Dương; Việt Nam: Bình Định (Qui Nhơn), Khánh Hoà (Nha Trang), Bà RịaVũng Tàu (Côn Đảo).",Khu trưng bày đa dạng sinh học biển
335,Thực vật biển,E.42,Rhodomelaceae,Bostrychia binderi,Harvey 1849,"Rong Hồng bách Binder, Rong lông quăn đai",,,,,,,,,,,"Ngành: Ngành rong Đỏ (Rhodophyta)
Bộ: Ceramiales
Chi: Bostrychia

Đặc điểm: Rong có màu đỏ hồng.  Trục chính hình trụ tròn, mọc bò, mang các nhánh nhỏ mọc cách trên một mặt phẳng, nhánh cong xuống ở phần ngọn. Túi bào tử hình bầu dục, hình thành ở đỉnh nhánh nhỏ.
Sinh học, sinh thái: Loài gặp trên đá hay trong khe đá mọc thành bụi rậm, nơi bọt sóng đánh.
Phân bố: 
Thế giới: Trung Quốc, Đài Loan, Myanmar, Philippines, Singapore, Thái Lan,…
Việt Nam: Tìm thấy ở các vùng biển Việt Nam",Khu trưng bày đa dạng sinh học biển
336,Thực vật biển,E.18,Bryopsidaceae,Bryopsis pennata,J.V.Lamouroux 1809,"Rong Lông chim dài, rong lục tùng",,,,,,,,,,,"Ngành: Ngành rong Lục (Chlorophyta)
Bộ: Bryopsidales
Chi: Bryopsis

Đặc điểm: Rong có màu lục đậm. Thân rong cao từ 2,5 - 5,5 cm, mọc thành bụi lớn bám vào đá nhờ rễ giả, thân chính to khoảng 145-155µ vách dày, nhánh nhỏ bậc 2,3 hơi ocng về phía đỉnh, sắp xếp trên một mặt phẳng kiểu hình lông chim đều và dài gần bằng nhau, có vách ngăn ở đáy. Các nhánh nhỏ thường có đường kính 50-80µ. Thể sắc tố hình thoi, sắp xếp song song theo chiều dài của thân kích thước khoảng 16x5µ với 1-2 hạt tạo bột hình cầu hay hình xoan to 3µ
Sinh học, sinh thái:Rong mọc bám trên các mẫu gỗ hoặc đá san hô vùng dưới triều, rong phát triển tốt nhất từ tháng 1-3.
Phân bố: 
Thế giới: phân bố ở Đại Tây Dương (bờ châu Âu, châu Mỹ), biển Caribe, Brazil, Colombia, Peru, Chile, Triều Tiên, Trung Quốc, Nhật Bản, Australia, Indonesia…
Việt Nam: Nghệ An (Quỳnh Lưu: Quỳnh Tiẽh), Kiên Giang (Phú Quốc), Khánh Hoà (Nha Trang: Hòn Chồng).",Khu trưng bày đa dạng sinh học biển
337,Thực vật biển,E.29,Dictyotaceae,Canistrocarpus crispatus,(J.V.Lamouroux) De Paula & De Clerck 2006,Rong võng,,,,,,,,,,,"Ngành: Ngành rong Nâu (Ochrophyta, Phaeophyceae)
Bộ: Dictyotales
Chi: Canistrocarpus

Đặc điểm: Rong đứng, phân nhánh nhiều, không bị rối vào nhau, có màu nâu, có thể cao đến 15 cm. Nhánh dạng đai, chia nhánh chạc hai đều, rộng 3-6 mm, các nhánh phía trên chia góc 30-50º , ở những tản già mép nhánh đôi khi có gai.
Sinh học, sinh thái: Rong sống bám trên đá ở vùng triều và vùng dưới triều
Phân bố: 
Thế giới: Phân bố ở các đảo vùng Caribe, Đại Tây Dương; châu Mỹ, châu Phi, châu Á, Đông Nam Á (Philippines,Singapore); Australia và New Zealand…
Việt Nam: Nghệ An (Quỳnh Lưu: Quỳnh Tiẽh), Kiên Giang (Phú Quốc), Khánh Hoà (Nha Trang: Hòn Chồng), Lý Sơn",Khu trưng bày đa dạng sinh học biển
338,Thực vật biển,E.4,Caulerpaceae,Caulerpa chemnitzia,(Esper) J.V.Lamouroux 1809,"Rong guột chùm tán, rong guột khiên, rong cầu lục chùm tán, rong cầu lục khiên",,,,,,,,,,,"Ngành: Ngành rong Lục (Chlorophyta)
Bộ: Bryopsidales
Chi: Caulerpa

Đặc điểm: 
Dạng chùm tán: Rong cao 2-3 cm,mọc bò lan thành cụm, màu lục thẫm.Thân bò dạng trụ tròn, chia nhánh, mặt dưới có rễ giả. Thân đứng dạng trụ tròn, nhánh nhỏ dạng tán ô, có cuống dài mọc cách trên thân đứng và thân bò, đường kính ô 3-4 mm, chiều dài của cuống 3-8mm.
Dạng chùm dài: Rong cao 3-10 cm, gồm các thân bò dạng trụ tròn, chia nhánh, có rễ giả, nhánh nhỏ dạng trụ tròn đến dạng cái chày, màu lục nhạt khi tươi.
Sinh học, sinh thái: Rong mọc bám trên đá hoặc san hô chết ở vùng triều thấp đến dưới triều, nơi sóng vừa (dạng chùm tán). Rong mọc bám trên đá ở chỗ tối, ở vùng triều thấp đến dưới triều, nơi sóng vừa đến yên sóng (dạng chùm dài)
Phân bố:
Thế giới: Phân bố ở quần đảo Bermuda, biển Caspi, Brazil, Trung Quốc, Philippines, châu Đại Dương, Nhật Bản, Indonesia, Xri Lanka, biển Đỏ, Australia…
Việt Nam: Nam Du. Còn bắt gặp phân bố tại Bạch Long Vỹ, Cồn Cỏ, Lý Sơn, Trường Sa lớn, Phú Quý, Côn Đảo, Thổ
Chu…
Giá trị sử dụng: Hạ huyết áp, thực phẩm.",Khu trưng bày đa dạng sinh học biển
339,Thực vật biển,E.10,Caulerpaceae,Caulerpa falcifolia,Harvey & Bailey 1851,Rong Guột,,,,,,,,,,,"Ngành: Ngành rong Lục (Chlorophyta)
Bộ: Bryopsidales
Chi: Caulerpa

Đặc điểm: Rong có màu xanh lá cây. . Thân bò có đường kính 1-1,5 mm mọc trên đá hoặc cát. Thân đứng có chiều cao lên đến 4-8 cm, đường kính 1,2-1,5 mm, một khoảng 5mm tính từ gốc không phân nhánh nhỏ, trên đó chia nhánh đơn hoặc thỉnh thoảng chia chạc hai. Nhánh nhỏ xếp tỏa tròn 6-8 dọc trên thân đứng, dẹp, dài 3,5-4 mm, đường kính 0,7-0,9 mm, dày 0,2-0,25 mm, cong hướng lên trên, đỉnh nhọn, thắt ở gốc, không chồng lên nhau.
Sinh học, sinh thái: Trên nền san hô chết ở mực triều giữa
Phân bố:
Thế giới: Châu Âu, Châu Mỹ, Trung Quốc, Nhật Bản, Hàn Quốc, Nga, Indonesia, Malaysia, Philippines, Myanmar, Singapore 
Việt Nam:Quy Nhơn, Hòn Thu",Khu trưng bày đa dạng sinh học biển
340,Thực vật biển,E.13,Caulerpaceae,Caulerpa lentillifera,J.Agardh 1837,Rong Guột bi,,,,,,,,,,,"Ngành: Ngành rong Lục (Chlorophyta)
Bộ: Bryopsidales
Chi: Caulerpa

Đặc điểm: Rong có màu lục đậm nhưng rễ giả không màu. Loài này có thân bò chia nhánh, đường kính 1-2 µm, rễ giả mọc ra từ phía dưới thân bò; thân đứng phát triển từ thân bò, đơn hoặc chia nhánh, dài đến 9 cm, rộng (không kể nhánh túi) 1-1,5 mm. Nhánh phụ (nhánh-túi) gần như hình cầu, tròn, cỡ 1,9-2,2 mm, hầu như phủ kín toàn bộ thân đứng, đoạn cuống của túi hình cầu thường that lại ở ngay chỗ nối với túi. 
Sinh học, sinh thái: Rong mọc trên bờ đá thuộc vùng triều thấp; tìm được vào mùa xuân hè.
Phân bố: Thế giới: Nhật Bản, Philippin, Ôxtrâylia, Hawai, Hồng Hải,...Ở Viêt Nam:Bà Rịa-Vũng Tàu (Côn Đảo: mũi Chim Chim), Kiên Giang (Phú Quốc)",Khu trưng bày đa dạng sinh học biển
341,Thực vật biển,E.17,Caulerpaceae,Caulerpa racemosa,var. macrophysa (Sonder ex Kützing) W.R.Taylor 1928,"Rong Guột chùm,rong cầu lục chùm",,,,,,,,,,,"Ngành: Ngành rong Lục (Chlorophyta)
Bộ: Bryopsidales
Chi: Caulerpa

Đặc điểm: Rong có màu lục đậm khi khô bám chặt lên giấy. Rong mọc từng nhóm hoặc riêng lẻ bám bằng rễ giả màu trắng, chia nhánh dài 1,5cm; thân bò có dạng trụ đường kính 2-2,5mm. Từ thân bò tách ra thành 1-2 nhánh mọc lên thành thân đứng cao 3-7cm. Từ thân đứng mọc ra các nhánh có túi hình quả lê, hình nón hay dạng củ hành ngược với đường kính 3-6mm.
Sinh học, sinh thái: rong mọc trên đá vùng triều thấp hoặc vùng dưới triều. Theo Taylor (1960) Caulerpa racemosa var. macrophysa có thể phân bố tới độ sâu 90-110m, chúng phát triển tốt vào xuân và hè.
Phân bố: 
Thế giới: Phân bố ở vùng Ấn Độ - Thái Bình Dương, châu Đại Dương, Trung Quốc, Nhật Bản, Philippines, Indonesia…
Việt Nam: Nam Du. Còn bắt gặp phân bố tại Cồn Cỏ, Lý Sơn, Trường Sa lớn, Phú Quý, Thổ Chu…
Giá trị sử dụng: Thực phẩm, chữa huyết áp thấp, thấp khớp, gây mê.",Khu trưng bày đa dạng sinh học biển
342,Thực vật biển,E.7,Caulerpaceae,Caulerpa sertularioides,(S.G.Gmelin) M.Howe 1905,Rong Cầu lục có răng  hoặc Rong Guột lông chim,,,,,,,,,,,"Ngành: Ngành rong Lục (Chlorophyta)
Bộ: Bryopsidales
Chi: Caulerpa

Đặc điểm:Rong có màu xanh lá cây. Rong mọc thành bụi rậm, hình dạng bên ngoài nhìn rất giống lông cánh chim. Bám bằng rễ giả, chia nhánh ngẫu nhiên không theo quy luật có chiều dài 1,5cm. Thân bò có dạng trụ tròn hay trụ dẹp đường kính 0,8-1mm, không hoặc chia nhánh rất ít. Thân đứng mọc từ thân bò cao từ 4-6cm hoặc hơn, mọc cách nhau từ 0,5-2,5cm, từ thân đứng lại mọc các nhánh trụ hình roi có hình trụ, dài 0,5-0,8cm rộng 150-200µ, mọc đối nhau gồm 78 đôi trông giống như hình một lông cánh chim nhưng mọc cách không đè chồng lên nhau trên một mặt phẳng, không thắt ở đáy và phần đầu nhọn
Sinh học, sinh thái: Rong sinh trưởng và phát triển ở vùng ít sóng thuộc vùng triều giữa đến vùng triều thấp vào mùa xuân và hè. Trong các tùng, áng kín yên sóng rong mọc quanh năm, độ phủ dày đặc
Phân bố: Thế giới: Trung Quốc, Nhật Bản, Philippin, Macsan (Thái Bình Dương), Ôxtrâylia, Niu Calêđônia, Hồng Hải, An Độ Dương, Trung Mỹ, Marianna,…Ở Việt Nam:Khánh Hòa, Ninh Thuận, Quảng Ninh (Hạ Long), Đà Nẵng (Hoàng Sa), Khánh Hoà (Trường Sa), Bà Rịa Vũng Tàu (Côn Đảo).",Khu trưng bày đa dạng sinh học biển
343,Thực vật biển,E.9,Caulerpaceae,Caulerpa taxifolia,(M.Vahl) C.Agardh 1817,Rong Guột liềm,,,,,,,,,,,"Ngành: Ngành rong Lục (Chlorophyta)
Bộ: Bryopsidales
Chi: Caulerpa

Đặc điểm: Rong có màu lục nhạt (màu lá chuối non), thân bò màu xanh trắng, rễ giả màu trắng. Rong cao 3-7cm, đường kính 1-1,5mm. Thân bò dạng trụ tròn, bò lan trên nền đáy, chia nhánh, rễ giả dài 2-3cm. Thân chính có dạng dài hẹp hay trụ dẹp có thể chia nhánh hoặc không, mọc sát nhau, cuống dài 1-2cm, nhánh nhỏ có hình lưỡi liềm, có đinh nhọn, hơi thắt lại ở phần gốc sắp xếp theo kiểu đối xứng hoặc lông chim dọc theo hai mép của thân đứng, và hầu hết nằm trên cùng một mặt phẳng, hình dạng thân đứng cùng với các nhánh nhỏ trông giống như một lông cánh chim hoặc giống như lá của loài Dương xỉ lông gà
Sinh học, sinh thái: Rong mọc thành từng đám thường thấy trên đá hoặc trên cát hoặc bùn cát trong vịnh, ở vùng triều thấp và phần trên của vùng dưới triều, chúng mọc tốt vào mùa xuân và đầu hè và tàn lụi vào cuối hè và đầu thu.
Phân bố: Thế giới: Trung Quốc, Nhật Bản, Malaysia. Indonesia, Phillipin, Ấn Độ Dương,..Việt Nam: Quảng Ninh, Hải Phòng, Khánh Hòa, Vũng Tàu, Kiên Giang,..
Giá trị: làm thuốc chữa bệnh, làm thực phẩm,...",Khu trưng bày đa dạng sinh học biển
344,Thực vật biển,E.14,Cladophoraceae,Chaetomorpha aerea,(Dillwyn) Kützing 1849,Rong tóc đốt nhẹ,,,,,,,,,,,"Ngành: Ngành rong Lục (Chlorophyta)
Bộ: Cladophorales
Chi: Chaetomorpha

Đặc điểm: Rong có màu lục sáng. Rong dạng sợi như tóc, mọc đứng, dài 2-6 cm, bám bằng tế bào gốc, chiều dài gấp 5-7 lần chiều ngang (40-50 µm), thon dẩn lại ở gốc, chia thuỳ hay phiến. Chiều ngang của tế bào ở phần giữa sợi 50-200 µm, vỏ dầy 9-12 µm, càng lên trên tế bào càng rộng hơn, tế bào đỉnh phình rộng ra dạng bán cầu, rộng 200-250 µm, vỏ dầy 15-21 µm. Chiều dài của các lóng không đều, thường dài bằng hoặc gấp 1,5 lần ngang. Túi bào tử động hình thành ở các tế bào phía trên hình cầu đường kính 400-500 µm.
Sinh học, sinh thái: Loài rong này phát triển vào cuối thu đến đầu mùa hè, phát triển tốt nhất vào tháng 3-4. Rong phủ trên đáy hoặc gài rối với rong khác ở vùng triều đến dưới triều, nơi nước yên đến chảy nhẹ. 
Phân bố: 
Thế giới: Đại Tây Dương, Địa Trung Hải, Ấn Độ Dương, Trung Quốc, Nhật Bản, Triều Tiên, Đài Loan, Nga, Indonesia, Philippines, Singapore, Thái Lan, Australia,…
Việt Nam: Hải Phòng, Thanh Hóa, Hà Tĩnh, Bà Rịa – Vũng Tàu.",Khu trưng bày đa dạng sinh học biển
345,Thực vật biển,E.2,Cladophoraceae,Chaetomorpha antennina,(Bory) Kützing 1847,Rong Tóc đốt cần,,,,,,,,,,,"Ngành: Ngành rong Lục (Chlorophyta)
Bộ: Cladophorales
Chi: Chaetomorpha

Đặc điểm:Rong có màu lục nhạt hoặc lục đậm. Rong có dạng sợi, mọc chung thành cụm, cao 10-20cm, bám bằng rễ giả hình thành từ phần dưới của tế bào gốc, tế bào gốc có hình nêm phần đáy có rễ giả chia nhánh, trên nhánh của rễ giả có thể mọc lên các sợi rong mới. Tế bào gốc dài 6-8mm, rông 120-150µ, tế bào phần trên rộng 410-520µ, tế bào phần giữa dạng trụ tròn dài 520-890µ rộng 320-410µ. Tế bào đỉnh dài 390-520µ, rộng 320-406µ.
Sinh học, sinh thái: Loài rong này bắt đầu mọc từ tháng 12 đến tháng 6 năm sau,mọc tốt nhất vào mùa đông và tàn tụi vào mùa mưa bão. Chúng bám chặt trên đá nơi có sóng rất mạnh ở vùng triều cao đến vùng triều giữa.
Phân bố: 
Thế giới:Nhật Bản, Trung Quốc, Ấn Độ, Philippin, Indônêxia, Xamoa, Oxtrâylia, Trung và Nam Mỹ, Braxin
Việt Nam:Hải Phòng (Đồ Sơn), Thanh Hoá (Sầm Sơn), Nghệ An (Quỳnh Lưu). Hà Tĩnh (Thạch Hà), Quảng Bình (Bố Trạch), Quảng Trị (Vĩnh Linh), Thừa Thiên- Huế (Phú Lộc), Ninh Thuận (Mỹ Hòa), Bà Rịa- Vũng Tàu (Vũng Tàu), Kiên Giang (Phú Quốc).",Khu trưng bày đa dạng sinh học biển
346,Thực vật biển,E.58,Liagoraceae,Dermonema virens,(J.Agardh) Pedroche & Ávila Ortíz 1996,Rong sừng,,,,,,,,,,,"Ngành: Ngành rong Đỏ (Rhodophyta)
Bộ: Nemaliales
Chi: Dermonema

Đặc điểm: Rong có màu nâu đỏ ở phần gốc và xanh lục ở phần đỉnh trên, chiều cao khoảng 5cm, rong mềm và trơn bám chặt trên bàn bám. Thân có chiều rộng 0,5-1,0 mm, hình trụ và phân nhánh kép, thuôn nhọn về phía đầu. Phần gốc của rong rộng hơn so với phần ngọn và thường có sự phân chia nhánh. Nhìn trên mặt cắt ngang, lõi gồm các sợi không màu, cài vào nhau tạo thành các sợi đồng hóa có đường kính lớn hơn.
Sinh học, sinh thái: Rong bám trên đá hoặc các rạn san hô nơi có sóng nhiều, phát triển mạnh vào các mùa cuối đông đến hè
Phân bố: 
Thế giới: Trung Quốc, Nhật Bản, Malaysia,..
Việt Nam: Phú Yên, Khánh Hòa",Khu trưng bày đa dạng sinh học biển
347,Thực vật biển,E.60,Galaxauraceae,Dichotomaria marginata,(J.Ellis & Solander) Lamarck 1816,Rong Vú bò đốt,,,,,,,,,,,"Ngành: Ngành rong Đỏ (Rhodophyta)
Bộ: Nemaliales
Chi: Dichotomaria

Đặc điểm: Rong có màu đỏ kem, vôi hóa vừa phải,  chiều cao từ 3,5-10cm, phân nhánh chạc 2, Phiến rong phẳng với phần mép dày rộng 1,5-3 mm dày 0,2-3,8 mm, phần đế các trục chính có dạng trụ và dẹp lại về phía đầu. Phần lõi có các sợi tế bào xếp thưa có đường kính 8-15µ trộn lẫn với lớp keo nhầy. Vỏ dày 2-3 tế bào; tế bào trong cùng dày 25-65 µm, rộng 50-100 µm, màu sắc nhạt; Nhìn từ bề mặt tứ bào tử của rong có cuống, hình bầu dục hoặc hình cầu đường kính 22-40 µm, dài 30-60 µm, thành dày, không có cạnh bên, đỉnh hiếm khi nhọn; tế bào dưới bề mặt mang 1-3 tế bào bề mặt; tế bào bề mặt của giao tử rong cod hình bầu dục hoặc hình trụ hẹp, đường kính 10-16 µm, dài 25-45 µm, đỉnh tù; các tế bào dưới bề mặt hình tam giác, nén lại, không màu, dính các cạnh, mang một tế bào bề mặt; bề mặt có sợi giống như sợi tóc hiếm gặp.
Sinh học, sinh thái: Rong mọc đơn lẻ hay từng cụm ở các vùng thủy triều, trên các bãi cạn rạn san hô chết ở độ sâu 3m
Phân bố:
Thế giới: Thái Bình Dương Mexico, Thái Bình Dương Costa Rica, Thái Bình Dương Panama, Ecuador
Việt Nam: Khánh Hòa, Quảng Ngãi, Quảng Trị,..",Khu trưng bày đa dạng sinh học biển
348,Thực vật biển,E.26,Dictyotaceae,Dictyopteris delicatula,J.V.Lamouroux 1809,Rong Võng gân hẹp,,,,,,,,,,,"Ngành: Ngành rong Nâu (Ochrophyta, Phaeophyceae)
Bộ: Dictyotales
Chi: Dictyopteris

Đặc điểm: Rong có màu nâu vàng hay nâu lục, cao 3,5-6cm, rộng 2,5-4mm, phiến mỏng, bàn bám dạng đĩa tròn, chia nhánh dạng chạc hai kép, đỉnh các nhánh thường xẻ hai và hơi tù, viền mép bằng, nhẵn hoặc nhăn, gân giữa nhìn rõ ràng. Nhìn trên mặt cắt ngang, phần gân gồm 5-6 hàng tế bào nhỏ hình chữ nhật hay đa giác, phần kế tiếp chỉ có 2 hàng tế bào lớn hình chữ nhật, phần gần mép của phiến rong giữa hai tế bào lớn còn có một số tế bào nhỏ hình tròn hay hình chữ nhật có màu sẫm. Ổ lông xếp thành một hàng dọc hai bên đường gân giữa
Sinh học, sinh thái: Rong bám trên đá ở vùng triều thấp và vùng dưới triều vào mùa xuân và mùa hè
Phân bố:
Thế giới: Ấn Độ, Braxin, Trung Quốc,...
Việt Nam: Quảng Bình, Khánh Hòa, Bình Thuận,...
Giá trị sử dụng: chiết alginat, làm phân bón",Khu trưng bày đa dạng sinh học biển
349,Thực vật biển,E.28,Dictyotaceae,Dictyota dichotoma,(Hudson) J.V.Lamouroux 1809,"Rong Võng chạc, Rong Võng tảo",,,,,,,,,,,"Ngành: Ngành rong Nâu (Ochrophyta, Phaeophyceae)
Bộ: Dictyotales
Chi: Dictyota

Đặc điểm:Rong có màu vàng nâu. Rong dạng đai, màu nâu vàng, cao 10 – 15 cm, rộng 2 – 5 mm, gốc có bàn bám dạng đĩa nhỏ, chung quanh có nhiều rễ giả dạng nhỏ như lông nhung; phần trên chia nhánh chạc hai. Nhánh dẹp, chiều rộng ở phần trên đều đặn, phần dưới rộng; mép nguyên, đỉnh nhánh tròn hoặc hơi nhọn, chia chạc hai, góc nhánh hẹp.
Sinh học, Sinh thái:Rong mọc trên vùng hạ duyên hải hay mực hạ duyên hải
Phân bố: thế giới:Ấn Độ Dương, Nga, Trung Quốc, Đông Nam Á. Việt Nam:Vùng biển Miền Nam Việt Nam.",Khu trưng bày đa dạng sinh học biển
350,Thực vật biển,E.23,Dictyotaceae,Dictyota hauckiana,Nizamuddin 1975,Rong Võng,,,,,,,,,,,"Ngành: Ngành rong Nâu (Ochrophyta, Phaeophyceae)
Bộ: Dictyotales
Chi: Dictyota

Đặc điểm: Có màu nâu vàng đến nâu sẫm, cao 15-35 cm, rộng 2-4 cm bề mặt nhám hoặc gồ ghề, gốc có bàn bám dạng đĩa,  phân nhánh dạng xẻ 2, phần đầu tù không nhọn, nhánh phụ mọc ra nhiều hơn ở phần gốc, và có cấu trúc giống như phần thân chính, cách nhau 2-5mm, dài 0,5-3,0 cm, rộng 0,2-0,5 cm.Gồm ba lớp tế bào có dạng hình vuông hoặc hình chữ nhật.
Sinh học, sinh thái: Loài rong này được tìm thấy mọc chung với các loài rong khác ở ven bờ độ sâu 1-2m
Phân bố: 
Thế giới: Tây Ấn thuộc Đan Mạch, Ấn Độ, Pakistan, Seychelles và Sri Lanka, Nhật Bản
Việt Nam: Ninh Thuận",Khu trưng bày đa dạng sinh học biển
351,Thực vật biển,E.59,Liagoraceae,Ganonema farinosum,(J.V.Lamouroux) K.-C.Fan & Y.-C.Wang 1974,Rong Bún đỏ bột,,,,,,,,,,,"Ngành: Ngành rong Đỏ (Rhodophyta)
Bộ: Nemaliales
Chi: Ganonema

Đặc điểm: Rong mềm và nhờn, có màu hơi hồng, bị vôi hóa nhẹ, có mùi hôi, đĩa bám nhỏ. Rong có chiều cao khoảng 13cm. Cành nhiều, hình trụ, đường kính khoảng 1,5 mm, Phân nhánh dạng chạc 2, xen kẽ nhau va chỉ tập trung ở phần gốc. Các sợi đồng hóa hình trụ, dài khoảng 445 μm và rộng 30 μm; các tế bào gần như đơn hình trong suốt.
Sinh học, sinh thái: Rong thường mọc ở vùng dưới triều (0-10m0, ở các vùng nước nông trên các bãi đá hoặc rạn san hô.
Phân bố:
Thế giới: Ấn Độ Dương-Thái Bình Dương, Đại Tây Dương và Địa Trung Hải.
Việt Nam: Khánh Hòa, Bình Thuận, Quảng Ngãi,..",Khu trưng bày đa dạng sinh học biển
352,Thực vật biển,E.46,Gracilariaceae,Gracilaria arcuata,Zanardini 1858,Rong Câu Cong,,,,,,,,,,,"Ngành: Ngành rong Đỏ (Rhodophyta)
Bộ: Gracilariales
Chi: Gracilaria

Đặc điểm: Rong thường mọc đơn độc từ một đĩa nhỏ, thân chính hình trụ, cao 6-10 cm, rộng 3-4 mm. Phân nhánh không theo quy luật hoặc mọc chuyền, một bên hoặc chạc hai, 3-4 lần phân nhánh, gốc nhánh không thắt, các nhánh thường cong và mặt ngoài mọc ra các nhánh nhỏ. Rong tươi mập mạp, trơn nhớt, màu đỏ tía hoặc đỏ vàng, trên thân phủ đầy những ổ lông có thể thấy bằng mắt thường.
Sinh học, sinh thái: Rong bám trên đá, trên rạn san hô ở vùng triều thấp đến phần trên vùng dưới triều, nơi sóng vừa.
Phân bố: 
Thế giới: Phân bố ở các đảo vùng biển Ấn Độ Dương, Thái Bình Dương; châu Âu, châu Phi, châu Á, Đông Nam Á (Indonesia, Philippines, Singapore);
Australia và New Zealand… 
Việt Nam: Đà Nẵng, Quảng Ngãi (đảo Lý Sơn), Khánh Hòa, Ninh Thuận
Giá trị sử dụng: Thực phẩm, chiết agar",Khu trưng bày đa dạng sinh học biển
353,Thực vật biển,E.64,Gracilariaceae,Gracilaria edulis,(S.G.Gmelin) P.C.Silva 1952,Rong câu đá,,,,,,,,,,,"Ngành: Ngành rong Đỏ (Rhodophyta)
Bộ: Gracilariales
Chi: Gracilaria

Đặc điểm: Rong cao tới 27 cm, màu đỏ nâu, phân nhánh dày đặc và nhanh chóng, nhánh phân đôi, ba có khi là 7 và cách xa nhau, nhánh có đường kính 1-1,5 mm, sụn, uốn cong, có hoặc không có điểm thắt ở gốc hoặc chỉ thắt nhẹ, hình trụ, có đầu nhọn ở đỉnh. Ở mặt cắt ngang bao gồm các tế bào lõi có thành mỏng, tròn, đường kính 100-300 μm và 1-2 hàng tế bào vỏ nhỏ, đường kính 5 μm. Tứ bào tử có hình trứng đến hình thuôn dài, hình chữ thập, 8 μm × 16 μm, nằm rải rác trên bề mặt thân rong.
Sinh học, sinh thái: Nó mọc nhiều trên đá, san hô, đáy bùn cát ở vùng dưới triều.
Phân bố:
Thế giới: Ấn Độ Dương (Đông Phi, Mauritius, Quần đảo Laccadive, Ấn Độ, Sri Lanka, Quần đảo Nicobar, Quần đảo Andaman) và ở Thái Bình Dương (Trung Quốc, Nhật Bản, Micronesia, đông bắc Australia). Ở Đông Nam Á nó được tìm thấy ở Miến Điện (Myanmar), Thái Lan, Malaysia, Singapore, Indonesia, Philippines và Papua New Guinea.
Việt Nam: Kiên Giang, Nghệ An, Quảng Ngãi
Giá trị sử dụng: làm thực phẩm, sản xuất thạch",Khu trưng bày đa dạng sinh học biển
354,Thực vật biển,E.41,Gracilariaceae,Gracilaria eucheumatoides,Harvey 1860,Rong Câu chân vịt,,,,,,,1,,,,"Ngành: Ngành rong Đỏ (Rhodophyta)
Bộ: Gracilariales
Chi: Gracilaria

Đặc điểm: Rong màu nâu vàng.  Rong sụn cứng, mọc bò thành đám. Nhánh dẹp, mép có u lồi ngắn và nhọn. Rong màu tím đến đỏ thẫm khi sống ở chỗ tối, màu kem nếu nâu trắng khi sống ở chỗ sáng.
Sinh học, sinh thái:Loài mọc trên đá nơi sóng mạnh.
Phân bố:thế giới:Trung Quốc, Nhật Bản, Đài Loan, Indonesia, Malaysia, Philippines, Thái Lan,…Việt Nam:Lý Sơn, Khánh Hòa, Ninh Thuận.",Khu trưng bày đa dạng sinh học biển
355,Thực vật biển,E.49,Gracilariaceae,Gracilaria phuquocensis,"N.H.Le, N.Muangmai & G.C.Zuccarello 2019",Rong Cát liệt Phú quốc,,,,,,,,,,,"Ngành: Ngành rong Đỏ (Rhodophyta)
Bộ: Gracilariales
Chi: Gracilaria

Đặc điểm: Rong có màu nâu đỏ hoặc đỏ nhạt, và hầu hết phân nhánh chạc 2. Tản dẹp, mềm, có rìa nhẵn, dài 3–7 cm và rộng 3–5 mm, Lá có hình mũi mác hoặc đôi khi có dạng hình quạt. Nhìn từ mặt cắt ngang tế bào có từ 1-2 lớp tế bào hình bầu dục hoặc tròn, đường kính 4–8μm. 
Sinh học, sinh thái: Rong mọc ở dưới vùng triều trên các bãi đá và tiếp xúc với sóng.
Phân bố:
Thế giới
Việt Nam: Phú Quốc (Kiên Giang)",Khu trưng bày đa dạng sinh học biển
356,Thực vật biển,E.50,Gracilariaceae,Gracilaria salicornia,(C.Agardh) E.Y.Dawson 1954,"Rong Câu đốt, Rau Câu đốt, Rong Giang li, Rong Kiều tảo",,,,,,,,,,,"Ngành: Ngành rong Đỏ (Rhodophyta)
Bộ: Gracilariales
Chi: Gracilaria

Đặc điểm:Rong có màu vàng nâu, lục thẫm, tím đậu.  Rong mọc thành bụi cao 5-10 cm hay hơn, màu vàng đến đỏ nâu, gồm có nhiều nhánh bò, phía dưới hình thành nhiều đĩa bám phụ và phía trên mọc lên các nhánh đứng. Thân rong hình trụ, đường kính 3-5 mm, thường phân nhánh chạc hai đều hoặc không. Các nhánh bò thường dính nhau thành một đám rối, thắt thành các đốt hay không. Các nhánh đứng thắt thành gióng đều suốt từ gốc đến ngọn, với 2-4 nhánh ở các đốt.
Sinh học, Sinh thái:Rong mọc trên đá san hô chết ở vùng triều cao, triều thấp và dưới triều ở vùng triều ven biển, ven đảo và trong các ao đầm nước mặn.
Phân bố:thế giới: Nhật Bản, Trung Quốc, Philippines, Singapore, Malaysia, Thái Lan, Micronesia Việt Nam:Quảng Ninh, Hải Phòng, Nghệ An, Đà Nẵng, Quảng Nam, Quảng Ngãi, Bình Định, Phú Yên, Khánh Hòa, Ninh Thuận, Bình Thuận, Bà Rịa Vũng Tàu, Kiên Giang.",Khu trưng bày đa dạng sinh học biển
357,Thực vật biển,E.37,Grateloupiaceae,Grateloupia asiatica,S.Kawaguchi & H.W.Wang 2001,Rong chủn,,,,,,,,,,,"Ngành: Ngành rong Đỏ (Rhodophyta)
Bộ: Halymeniales
Chi: Grateloupia

Đặc điểm:Rong có màu lục vàng - đỏ tía. Bàn bám dạng đĩa nhỏ, cuống trụ đứng ngắn, nhánh đứng dạng dãi dẹp, hơi xoắn vặn, nhánh nhỏ nhọn, góc thắt, xếp dạng lông chim. Rong dạng sụn mềm màu lục vàng đến đỏ tía
Sinh học, sinh thái:Loài mọc trên đá hoặc san hô chết vùng triều hoặc dưới triều nơi sóng đập tương đối mạnh. 
Phân bố:
Thế giới: Loài có mặt phổ biến ở các vùng biển nhiệt đới và ôn đới. 
Việt Nam: Phân bố rộng khắp từ bắc vào nam",Khu trưng bày đa dạng sinh học biển
358,Thực vật biển,E.45,Grateloupiaceae,Grateloupia filicina,(J.V.Lamouroux) C.Agardh 1822,Rong Cát liệt ráng,,,,,,,,,,,"Ngành: Ngành rong Đỏ (Rhodophyta)
Bộ: Halymeniales
Chi: Grateloupia

Đặc điểm:Rong có màu đỏ lục hoặc đỏ đậm.  Rong mọc thành bụi, màu đỏ nhạt hay đỏ vàng, bàn bám dạng đĩa, từ đó mọc lên một số thân đứng. Rong có một trục chính, phần dưới dạng trụ tròn. Chia nhánh dạng lông chim có hay không có quy luật hoặc về một phía
Sinh học, sinh thái:Loài mọc trên đá hoặc san hô chết vùng triều hoặc dưới triều nơi sóng đập tương đối mạnh.
Phân bố: Loài có mặt phổ biến ở các vùng biển nhiệt đới và ôn đới, Việt Nam: Phân bố rộng khắp từ bắc vào nam",Khu trưng bày đa dạng sinh học biển
359,Thực vật biển,E.3,Halimedaceae,Halimeda cuneata,Hering 1846,Rong Hải cốt-Rong thận nêm,,,,,,,,,,,"Ngành: Ngành rong Lục (Chlorophyta)
Bộ: Bryopsidales
Chi: Halimeda

Đặc điểm: Rong có màu lục nhạt, thân rong cao 10-14cm, tẩm vôi ít rong mềm, bám bằng rễ giả. Chia nhánh chạc 2-4, các đốt phía dưới không đều nhau và không có cuốn, các đốt phía trên có hình phễu, hình quả lê, hình trứng ngược hay hình thận mép không đều nhau với chiều cao 0,5-1cm, chiều rộng 0,8-1,2cm và dày 0,6-1mm. Trên đỉnh của đốt cuối cùng mọc ra 2-4 đốt phụ đường kính 1,5-2mm. Sợi giữa chia nhánh chạc 2-3.
Sinh học, sinh thái: rong bám trên đá vùng triều thấp với độ sâu 3-7m, phát triển tốt vào mùa xuân hè.
Phân bố: Ấn Độ Dương, Đài Loan, Nhật Bản, Malaysia,...Việt Nam phân bố ở Khánh Hòa",Khu trưng bày đa dạng sinh học biển
360,Thực vật biển,E.8,Halimedaceae,Halimeda discoidea,Decaisne 1842,Rong Hải cốt - Rong Thận đĩa,,,,,,,,,,,"Ngành: Ngành rong Lục (Chlorophyta)
Bộ: Bryopsidales
Chi: Halimeda

Đặc điểm:
Rong dạng đốt dẹp: Rong có màu lục, rong tẩm vôi vừa phải, dạng quả thận, quạt hay trụ tròn. Phần trên các đốt thường trụ tròn. Bàn bám nhỏ.
Rong dạng đốt rộng: Rong màu lục đến lục đậm. Rong cao 5-15cm, tẩm vôi ít, mang nhánh trong một mặt phẳng. Đốt mềm, dẹp, hình quạt, hình xoan hơi tam giác hay hình quả thận, rộng 6-32 mm, dày 0,3-1,2 mm. Mép phía trên đốt gợn sóng hay chia thùy không đều, bàn bám nhỏ.
Sinh học, sinh thái: Rong màu lục, mọc trên đá có phủ cát mịn, ở mực triều thấp đến dưới triều, nơi sóng vừa đến yên sóng (rong dạng đốt dẹp). Rong dạng đốt rộng mọc trên đá ở vùng dưới triều, nơi sóng đập đến nước yên.
Phân bố: 
Thế giới: Phân bố ở châu Phi, châu Mỹ, vùng Caribe, các đảo ở Đại Tây Dương, Ấn Độ Dương, Ấn Độ, Bangladesh, Iran,
Trung Quốc, Nhật Bản, Đài Loan, Indonesia, Singapores…
Việt Nam phân bố ở Khánh Hòa (vịnh Nha Trang, quần đảo Trường Sa), Ninh Thuận, Kiên Giang (Hà Tiên)
Giá trị sử dụng: Thuốc giun sán, vi rút, vi khuẩn, thức ăn của rùa biển, các sắc tố.",Khu trưng bày đa dạng sinh học biển
361,Thực vật biển,E.12,Halimedaceae,Halimeda macroloba,Decaisne 1841,Rong Hải cốt - Rong thận mâm tròn,,,,,,,,,,,"Ngành: Ngành rong Lục (Chlorophyta)
Bộ: Bryopsidales
Chi: Halimeda

Đặc điểm: Rong có màu mốc cau, trắng xanh phần rễ có màu trắng. Rong mọc đơn lẻ từng cây cao 8-11cm, tẩm voi ít, rễ giả cắm sâu vào cát hình trụ dẹp đường kính 0,5-1cm. Từ gốc mọc ra 3-4 nhánh chính, chia nhánh kiểu chạc 2 ít thấy chạc 3. Nhánh gồm các đốt có dạng hình cầu tròn, xếp như chuỗi hạt với mép nhẵn, đốt ở phần gốc đôi khi có hình nêm hay hình quả thận, mép nhẵn rất ít khi xẻ thùy
Sinh học, sinh thái: Rong mọc trên đá ở vùng dưới triều, nơi sóng vừa đến nước yên, trên các rạn san hô chết hoặc sống.
Phân bố: Thế giới phân bố ở các nước như Nhật Bản, Thái Lan, Phillipin,...Việt Nam: Khánh Hòa",Khu trưng bày đa dạng sinh học biển
362,Thực vật biển,E.16,Halimedaceae,Halimeda opuntia,(Linnaeus) J.V.Lamouroux 1816,Rong Hải cốt - Rong Thận xương rồng,,,,,,,,,,,"Ngành: Ngành rong Lục (Chlorophyta)
Bộ: Bryopsidales
Chi: Halimeda

Đặc điểm: Màu xám xanh xi măng. Thân rong cao 9-13cm, tẩm vôi nhiều, mọc bò trên vật bám, bám bằng gốc bám ở gốc, thân, nhánh. Chia nhánh chạc 2 không đều, cách phân nhánh thường mọc thẳng góc so với nhánh chính. Đốt hình đa giác, hình quạt xẻ thùy sếp thành chuỗi, mép không nhẵn. Các sợi giữa tụ hợp với nhau không hoàn toàn, đa số chúng thường tụ hợp thành từng đôi một ở các đốt.
Sinh học, sinh thái: Rong mọc trên các, trên các rạn san hô chết ở vùng dưới triều và ở độ sâu 3-4m.
Phân bố: Thế giới phân bố ở các nước như Nhật Bản, Thái Lan, Phillipin, Colombia...Việt Nam: Khánh Hòa, Đà Nẵng, Bình Thuận,..",Khu trưng bày đa dạng sinh học biển
363,Thực vật biển,E.11,Halimedaceae,Halimeda tuna,(J.Ellis & Solander) J.V.Lamouroux 1816,Rong Hải cốt-Rong Thận ngừ,,,,,,,,,,,"Ngành: Ngành rong Lục (Chlorophyta)
Bộ: Bryopsidales
Chi: Halimeda

Đặc điểm: Rong có màu xanh nhạt, thân rong cao 10-15cm, tẩm vôi ít, phần gốc hình trụ dẹp đường kính 0,8cm, từ gốc mọc lên các nhánh chính, sắp xếp theo kiểu phóng xạ, sát nhau; bám bằng rễ giả, chia nhánh rất ít, chia nhánh chạc hai. Đốt phía dưới hình quạt, đốt phía trên dạng hình gần tròn, đốt trên đỉnh xẻ thùy (2-3 thùy), mép bằng
Sinh học, sinh thái:Rong mọc ở vùng dưới triều trên rạn san hô chết, trên cát ở độ sâu 3-4m
Phân bố: 
Thế giới: Ấn Độ Dương, Thái Bình Dương, Nhật Bản,...
Việt Nam: Khánh Hòa, Vũng Tàu",Khu trưng bày đa dạng sinh học biển
364,Thực vật biển,E.48,Halymeniaceae,Halymenia maculata,J.Agardh 1885,Rong Hồng mạc đốm,,,,,,,,,,,"Ngành: Ngành rong Đỏ (Rhodophyta)
Bộ: Halymeniales
Chi: Halymenia

Đặc điểm: Rong dạng phiến, mép xẻ nhiều thùy sâu, mọc thành bụi, hơi thô, màu trắng hoặc đỏ vàng khi còn sống, chuyển thành màu đỏ thẫm khi chết. Nhánh nhỏ dạng đai chia chạc hai không đều, xoắn vặn nhiều, mặt không phẳng, có đốm (tảo quả) thấy được bằng mắt thường.
Sinh học, sinh thái:  Rong mọc bám trên đá, chỗ gần và tiếp giáp với nền đáy cát, nơi nước yên đến sóng vừa ở vùng dưới triều.
Phân bố: 
Thế giới: Phân bố ở các đảo vùng biển Thái Bình Dương; châu Phi, châu Á, Đông Nam Á (Indonesia, Malaysia, Philippines, Singapore, Thái Lan); Australia và New Zealand (Queensland)…
Việt Nam: Nam Du, Bạch Long Vỹ, Cồn Cỏ, Lý Sơn, Trường Sa lớn, Côn Đảo, Thổ Chu…
Giá trị sử dụng: Thực phẩm",Khu trưng bày đa dạng sinh học biển
365,Thực vật biển,E.24,Sargassaceae,Hormophysa cuneiformis,(J.F.Gmelin) P.C.Silva 1987,Rong Khế,,,,,,,,,,,"Ngành: Ngành rong Nâu (Ochrophyta, Phaeophyceae)
Bộ: Fucales
Chi: Hormophysa

Đặc điểm: Rong có màu nâu vàng.  Một số ít cá thể ở vùng sâu có thể tồn tại qua năm .Rong mọc cao 20-40 cm, bám nhờ hệ thống rễ, hình trụ, phân nhánh chằng chịt. Chúng gồm 2-3 nhánh chính, hình trụ, đường kính 1-2 mm, phân nhánh nhiều, các nhánh phía trên có mang các phiến, ở giữa có một gân to, mép phiến có răng cưa. Các phiến này có mang nhiều nhánh hình ba cạnh không đều nhau và nhiều phao sắp thành chuỗi nằm ngay giữa trục của các nhánh này. Rong khô có màu vàng sẫm hay vàng nâu.
Sinh học, sinh thái: Rong được tìm thấy vùng triều ven biển, ven đảo. Thích nghi sống ở các khe rãnh, dựa các lạch ở sâu 1-3 m, sóng không mạnh lắm, bãi rong không dày, mọc cùng với Spathoglossum, Padina và Sargassum khác, từ tháng 2 đến tháng 8.
Phân bố: 
Thế giới: Nhật Bản, Đông Nam Á, Thái Bình Dương,...
Việt Nam: đảo Lý Sơn (Quảng Ngãi), Côn Đảo (Bà Rịa Vũng Tàu)",Khu trưng bày đa dạng sinh học biển
366,Thực vật biển,E.25,Scytosiphonaceae,Hydroclathrus clathratus,(C.Agardh) M.Howe 1920,Rong Mặt lưới; Rong Ruột heo,,,,,,,,,,,"Ngành: Ngành rong Nâu (Ochrophyta, Phaeophyceae)
Bộ: Ectocarpales
Chi: Hydroclathrus

Đặc điểm:Có màu nâu vàng. Rong dạng bán cầu, mọc thành đám rối lớn, bám vào vật bám bằng bàn bám ở gốc, dòn, dễ đứt, trơn nhớt. Lúc mới phát sinh thành dạng túi, phao, bóng, không có lỗ, dần dần về sau xuất hiện nhiều lỗ thủng lớn nhỏ, hình tròn đến bầu dục, tạo thành mạng lưới, mép các lỗ thủng cuộn vào phía trong
Sinh học, Sinh thái: Rong mọc bám trên đá, sỏi đá nhỏ, trên rạn san hô ở mực triều thấp đến phần trên của vùng dưới triều, nơi nước tương đối yên.
Phân bố: 
Thế giới: Phân bố ở các đảo vùng biển Caribe, Đại Tây Dương, Ấn Độ Dương, Thái Bình Dương; châu Âu, châu Mỹ, châu Phi, châu Á, Đông Nam Á (Indonesia, Malaysia, Philippines, Singapore, Thái Lan); Australia và New Zealand…
Việt Nam: vùng biển Việt Nam.
Giá trị sử dụng: Thức ăn gia súc, chiết xuất thuốc trị giun.",Khu trưng bày đa dạng sinh học biển
367,Thực vật biển,E.65,Gracilariaceae,Hydropuntia divergens,(B.M.Xia & I.A.Abbott) M.J.Wynne 1989,Rong câu tán,,,,,,,,,,,"Ngành: Ngành rong Đỏ (Rhodophyta)
Bộ: Gracilariales
Chi: Hydropuntia

Đặc điểm:Màu nâu nhạt. Rong mọc thành bụi, màu vàng nhạt, cao 4-8 cm, từ bàn bám dạng đĩa tròn hoặc từ bàn bám phụ hình thành từ mặt dưới thân bò hoặc trên đỉnh các nhánh nhỏ phía gốc. Thân rong dạng trụ tròn, đường kính 0,8-1 mm, gồm những nhánh đứng và bò, nhánh đứng suốt đỉnh, ở phần gốc phân phân nhánh đôi hoặc chuyền, phần ngọn phân nhánh thường về một bên, gốc nhánh hơi thắt, gốc phân nhánh rộng.
Sinh học, sinh thái: Rong mọc trên nền san hô chết, vùng giữa triều, nơi có sóng mạnh và nước trong. 
Phân bố: vùng biển ấm trên thế giới, Việt Nam: Quảng Ngãi (Lý Sơn), Ninh Thuận (Sơn Hải, Mỹ Hòa).",Khu trưng bày đa dạng sinh học biển
368,Thực vật biển,E.57,Cystocloniaceae,Hypnea cervicornis,J.Agardh 1851,Rong Đông sừng,,,,,,,,,,,"Ngành: Ngành rong Đỏ (Rhodophyta)
Bộ: Gigartinales
Chi: Hypnea

Đặc điểm:Màu đỏ hồng. Rong mọc thành từng đám lớn cài rối vào nhau. Tản màu đỏ, cứng như sụn, thành bụi cao 5 - 8 cm, chia nhánh chạc hai đều hoặc không đều, nhánh hơi cong, rộng 0,4 mm nhỏ dần đến ngọn, nhánh chót nhọn. Nhánh chính có nhiều nhánh nhỏ như gai, kích thước 1-2mm đính thẳng góc. Lát cắt ngang thân cho thấy, bên ngoài do một lớp tế bào to kích thước 15 µm bao quanh vách dày (3 µm); lớp giữa là các tế bào kích thước 50 - 65 µm với vách dày 6 - 8 µm và lõi là các tế bào có kích thước trung bình khoảng 25 µm.
Sinh học, sinh thái: Rong sinh trưởng chủ yếu ở vùng trung triều, độ sâu 1 - 4 m vào mùa đông, mùa xuân và mùa hè
Phân bố:
Thế giới: Trung Quốc, Đài Loan, Nhật Bản, Hàn Quốc, Philippines,…
Việt Nam: Vũng Tàu",Khu trưng bày đa dạng sinh học biển
369,Thực vật biển,E.55,Cystocloniaceae,Hypnea flagelliformis,Greville ex J.Agardh 1851,Rong Đông roi,,,,,,,,,,,"Ngành: Ngành rong Đỏ (Rhodophyta)
Bộ: Gigartinales
Chi: Hypnea

Đặc điểm: Màu nâu thẫm. Rong mọc thành bụi, màu nâu thẫm hoặc đỏ đen, bàn bám dạng đĩa ở gốc thân chính và trên đỉnh các nhánh bò. Rong gồm những nhánh bò và đứng, cao 17-20 cm, rộng 1-1,7 mm, nhánh mọc chuyền, gốc hơi thắt lại, đỉnh nhọn, trừ một đoạn ở phần gốc thân chính ra (2-4 cm), toàn thân và nhánh mọc đầy các nhánh nhỏ dạng gai. Nhìn trên mặt cắt ngang, chính giữa là một số tế bào trụ tròn hoặc bầu dục, chung quanh là 2-3 hàng tế bào vây trụ lớn, hình tròn hoặc nhiều góc, không màu; lớp vỏ gồm 1-2 hàng tế bào nhỏ hình bầu dục hoặc hình chữ nhật tròn góc, có chứa sắc tố. Túi bào tử bốn cắt thành dạng bậc thang, hình thành ở phần giữa của các nhánh nhỏ dạng gai.
Sinh học, sinh thái: Rong bám trên đá ở vùng triều thấp và phần trên của vùng dưới triều vào mùa đông, mùa xuân và mùa hè.
Phân bố: thế giới: 
Thế giới: Đại Tây Dương, Ấn Độ, Nhật Bản, … 
Việt Nam: Hải Phòng, Nghệ An, Hà Tĩnh,..",Khu trưng bày đa dạng sinh học biển
370,Thực vật biển,E.56,Cystocloniaceae,Hypnea valentiae,(Turner) Montagne 1841,"Rong Đông gai dày, Rong Vi giác",,,,,,,,,,,"Ngành: Ngành rong Đỏ (Rhodophyta)
Bộ: Gigartinales
Chi: Hypnea

Đặc điểm:Màu đỏ đậm.  Rong có màu đỏ đậm, mọc thành đám, cài rối, phủ đầy nhánh nhỏ ngắn. thân rộng 0,4 - 1mm, có mang nhánh mọc xen, nhánh chính dài có nhiều nhánh phụ ngắn (1mm) với chót nhánh đơn hay chia chạc hai, mọc thẳng góc từ nhánh chính. Lớp cắt ngang phân thân chính cho thấy bên ngoài là 1 lớp tế bào kích thước 6-8 µm; bên trong là lớp tế bào trung bình, rồi đến lớp tế bào rất to bao quanh tế bào trục nhỏ ở giữa. Tứ bào tử phòng hình xoan, kích thước 20 - 25 µm.
Sinh học, Sinh thái: Mọc trên đá, cát vùng bãi triều, cửa sông, trên đá vùng trung triều
Phân bố: Vùng biển á nhiệt đới , Việt Nam:Khánh Hòa, Ninh Thuận",Khu trưng bày đa dạng sinh học biển
371,Thực vật biển,E.62,Liagoraceae,Izziella orientalis,(J.Agardh) Huisman & Schils 2002,,,,,,,,,,,,"Ngành: Ngành rong Đỏ (Rhodophyta)
Bộ: Nemaliales
Chi: Izziella

Đặc điểm: Rong đa dạng về kích thước, màu sắc (từ màu rượu vang đến xanh lục, xám), có chiều cao từ 3-51cm. Rong tẩm vôi đa dạng, bàm bám dạng đĩa. Kiểu phân nhánh đa dạng từ xen kẽ, kiểu hình lông chim, tỏa tròn, các nhánh chính mang nhiều nhánh phụ ngắn. Trục chính có dạng hình trụ đường kính 2-5mm ở phía gốc và thuôn nhọn về phía đỉnh có đường kính 1mm
Sinh học, sinh thái: Rong thường mọc trên các bãi đá ở vùng triều thấp.
Phân bố:
Thế giới: Sri Lanka, Ấn Độ Dương, Đài Loan, Yemen, Trung Quốc, Đảo Oshima ở Nhật Bản, Ấn Độ, Ecuador, Colombia, Puerto Rico, Hawaii (Abbott;1990,1999; Huisman và Schils, 2002)
Việt Nam: Quảng Ngãi, Khánh Hòa",Khu trưng bày đa dạng sinh học biển
372,Thực vật biển,E.51,Solieriaceae,Kappaphycus alvarezii,(Doty) L.M.Liao 1996,Rong Sụn alvera,,,,,,,,,,,"Ngành: Ngành rong Đỏ (Rhodophyta)
Bộ: Gigartinales
Chi: Kappaphycus

Đặc điểm: Tản rong có màu nâu vàng hay xanh lục Rong hình trụ tròn các nhánh mọc cách không đều, đỉnh các nhánh thường nhọn. Đường kính của nhánh từ 6-8 mm. Chiều cao bụi rong tối đa là 70 cm. 
Sinh học, sinh thái: Là loài rong nhập từ Nhật Bản vào Việt Nam tháng 2 năm 1993. Môi trường sống của rong Sụn có nhiệt độ từ 25-28ºC, độ mặn 28-30‰, độ sâu 0,8-1m, cường độ chiếu sáng 30.000-50.000 lux, độ pH 7,5-8,5 và chất đáy là san hô, sỏi đá, cát thô. Rong sụn sinh trưởng nhanh từ tháng 10 đến tháng 6 năm sau. Rong sụn sinh sản theo 3 hình thức: vô tính nhờ bào tử, sinh sản dinh dưỡng và sinh sản hữu tính. Trong nuôi trồng rong sụn thì hình thức sinh sản sinh dưỡng là chủ yếu.
Phân bố:
Thế giới: Nhật Bản, Indonesia, Philippines, Malaysia, Zanzibar, Đảo Solomon và Micronesia
Việt Nam: Khánh Hòa, Thừa Thiên Huế, Bình Định, Hải Phòng, Kiên Giang
Giá trị sử dụng: Rong sụn là nguyên liệu để chiết suất carrageenan - một loại keo có giá trị sử dụng rất lớn trong ngành công nghiệp thực phẩm, mỹ phẩm, công nghiệp dệt, dược phẩm, công nghệ sinh học và sản xuất thức ăn chăn nuôi...",Khu trưng bày đa dạng sinh học biển
373,Thực vật biển,E.66,Rhodomelaceae,Laurencia nangii,Masuda 1997,Rong Lỗ năng,,,,,,,,,,,"Ngành: Ngành rong Đỏ (Rhodophyta)
Bộ: Ceramiales
Chi: Laurencia

Đặc điểm: Rong có màu xanh tím, bàn bám dạng đĩa, từ đĩa bám mọc ra một số nhánh chính từ 5-12 nhánh hình trụ dài 2-6cm, đường kính tới 1,2 mm, các nhánh chính mang nhiều nhánh nhỏ.
Sinh học, sinh thái: Rong mọc bám trên các loài tảo khác bao gồm Corallines và Sargassum sp. ở vùng nông dưới thủy triều trên các bãi san hô
Phân bố: 
Thế giới: Malaysia
Việt Nam: Kiên Giang, Khánh Hòa, Ninh Thuận",Khu trưng bày đa dạng sinh học biển
374,Thực vật biển,E.70,Rhodomelaceae,Laurencia snackeyi,(Weber Bosse) M.Masuda 1997,Lông mào gà,,,,,,,,,,,"Ngành: Ngành rong Đỏ (Rhodophyta)
Bộ: Ceramiales
Chi: Laurencia

Đặc điểm: Màu đỏ đậm. Một đến sáu tản đứng có thể mọc từ một đĩa bám to có đường kính từ 3-7 mm, không có nhánh bò. Tản màu tím lục đến đỏ thẫm. Tản rong có 1 trục chính, từ đó mọc ra nhiều nhánh chính luân phiên theo hình xoắn ốc, cách nhau 2-6 mm, góc nhánh từ 20-60°. Trục chính có đường kính từ 1,5-2,8 mm ở gốc đạt to nhất ở phần dưới (2,2-3,2 mm), sau đó lại thon dần ở phần trên (0,8-1,0 mm). Nhánh chính ở dưới dài 6-14 cm và ngắn dần khi lên trên. Nhánh chót dài 3 mm và rộng 0,4-0,6 mm. 
Sinh học, sinh thái: Rong mọc trên đá vôi hoặc san hô chết
Phân bố:
Thế giới chúng phân bố ở Châu Âu, Địa Trung Hải, Nam Phi, Trung Quốc, Nhật Bản, Philippines, Sri Lanka.
Việt Nam:",Khu trưng bày đa dạng sinh học biển
375,Thực vật biển,E.63,Liagoraceae,Liagora ceranoides,J.V.Lamouroux 1816,Rong Bún đỏ sừng,,,,,,,,,,,"Ngành: Ngành rong Đỏ (Rhodophyta)
Bộ: Nemaliales
Chi: Liagora

Đặc điểm:Rong có màu hồng nhạt.  Tản làm thành bụi đường kính 4-7 cm, dày, xốp, hồng, ở đáy màu hồng nhạt, tẩm vôi tương đối it, như bột ở phần đáy tản. Sợi nhánh do tế bào rộng 10-15 µm, dài 1,5-5 lần hơn. Túi tinh ở ngọn các nhánh và bao phủ trọn phần non của cây đực to 3 µm. Nhánh mang thư quả do 4 tế bào. Tảo quả với tổng bao rõ rệt.
Sinh học, sinh thái: Rong mọc trên đá san hô, vỏ động vật thân mềm ở nơi sóng yên, vùng triều triều dưới.
Phân bố: 
Thế giới: Nhật Bản, Trung Quốc, Trung Mỹ. 
Việt Nam:Khánh Hòa (Nha Trang); Bình Thuận (Cà Ná)",Khu trưng bày đa dạng sinh học biển
376,Thực vật biển,E.20,Dictyotaceae,Lobophora variegata,(J.V.Lamouroux) Womersley ex E.C.Oliveira 1977,Rong Thùy đài,,,,,,,,,,,"Ngành: Ngành rong Nâu (Ochrophyta, Phaeophyceae)
Bộ: Dictyotales
Chi: Lobophora

Đặc điểm: 
Rong dạng đứng: có màu nâu đậm. Rong dạng phiến dẹp, hình quạt hay quả thận, cao 2,5-5 cm, rộng 3-4,5 cm, dầy 80-100 µm, xẻ thành nhiều thùy nhỏ, dính ép vào vật bám chỉ ở phần gốc, còn lại mọc đứng, chồng xếp với nhau thành chùm như bông hoa
Rong dạng bò: Rong dạng phiến dẹp, cao 1,5-2 cm, rộng 1-3,5 cm, dầy 60-100 µm, hình quạt hay quả thận, bò lan, nguyên hay xẻ thành nhiều thùy nhỏ, màu nâu vàng hay nâu nhạt, bám bằng bàn bám ở gốc và các rễ giả mọc ra từ mặt dưới của phiến, trừ phần giữa đến mép phiến.
Sinh học, sinh thái: Rong mọc bám trên đá ở vùng dưới triều, nơi sóng vừa
Phân bố:
Thế giới: Phân bố ở các đảo vùng Caribe, Đại Tây Dương, Ấn Độ Dương, Thái Bình Dương; châu Âu, châu Phi, châu Mỹ, châu Á, Đông Nam Á (Indonesia, Malaysia, Myanmar, Singapore, Thái Lan); Australia và New Zealand…
Việt Nam:Nam Du, Cô Tô, Bạch Long Vỹ, Cồn Cỏ, Lý Sơn, Côn Đảo, Thổ Chu…",Khu trưng bày đa dạng sinh học biển
377,Thực vật biển,E.61,Liagoraceae,Neoizziella divaricata,"(C.K.Tseng) S.-M.Lin, S.-Y.Yang & Huisman 2011",,,,,,,,,,,,"Ngành: Ngành rong Đỏ (Rhodophyta)
Bộ: Nemaliales
Chi: Neoizziella

Đặc điểm: Rong có màu đỏ tía, mọc thành bụi nhỏ gồm nhiều nhánh nhỏ hình trụ, vôi hóa vừa phải, rong có chiều cao 50mm, rộng 1mm, có từ 3-5 nhánh mọc thưa nhau, các nhánh dài và cong thuôn nhọn về phía đầu
Sinh học, sinh thái: Sống biểu sinh trên thảm cỏ biển Thalassodendron ciliatum xảy ra ở vùng nước sâu và vùng dưới triều.
Phân bố:
Thế giới: Trung Quốc, Philippin, Indonesia, 
Việt Nam: Quảng Trị, Phú Yên, Khánh Hòa",Khu trưng bày đa dạng sinh học biển
378,Thực vật biển,E.40,Rhodomelaceae,Ohelopapa flexilis,"(Setchell) F.Rousseau, Martin-Lescanne, Payri & L.Le Gall 2017",,,,,,,,,,,,"Ngành: Ngành rong Đỏ (Rhodophyta)
Bộ: Ceramiales
Chi: Ohelopapa

Đặc điểm: Rong có màu đỏ thẫm, thân dẻo, phần gốc của thân rong mọc từ các nhánh bò hợp lại thành từng cụm. Nhánh phân chia không đều lúc thưa lúc rậm, phát triển theo nhiều hướng
Sinh học, sinh thái: Rong mọc trên các bãi đá thành từng cụm 
Phân bố:
Thế giới: Các vùng nhiệt đới ở Thái Bình Dương (Setchell 1926; Cribb 1983; Masuda et al. 1999), ở Ấn Độ Dương (Silva et al. 1996) và trên bờ biển Nhật Bản (Masuda et al. 2006)
Việt Nam:",Khu trưng bày đa dạng sinh học biển
379,Thực vật biển,E.36,Dictyotaceae,Padina australis,Hauck 1887,Rong Quạt Úc,,,,,,,,,,,"Ngành: Ngành rong Nâu (Ochrophyta, Phaeophyceae)
Bộ: Dictyotales
Chi: Padina

Đặc điểm: Rong màu nâu thẫm hay nâu vàng, cao 9-10 cm, rộng 10-13 cm, dày 104-130 µm. Cuống hình nêm, bám bằng bàn bám dạng đĩa, xung quanh mọc nhiều rễ giả một hàng tế bào, kiểu nhung nỉ. Phiến rong dạng quạt rộng, xẻ thành nhiều thùy nhỏ, mép gấp và nhăn sóng. Trên mặt có nhiều vòng đồng tâm hình thành bởi các chùm lông hoặc các loại tế bào sinh sản, khoảng cách giữa các vòng lông 2,5-4 mm. 
Sinh học, Sinh thái:Rong bám trên đá vùng triều giữa và triều thấp vào mùa xuân, mùa hè.
Phân bố:
Thế giới:Phân bố ở các đảo vùng Ấn Độ Dương, Thái Bình Dương; Nam Mỹ, châu Phi, châu Á, Đông Nam Á (Indonesia, Myanmar, Philippines, Singapore); Australia và New Zealand…
Việt Nam: Nam Du. Còn bắt gặp phân bố tại Vĩnh Thực, Cô Tô, Bạch Long Vỹ, Cồn Cỏ, Lý Sơn, Phú Quý, Côn Đảo, Thổ Chu…
Giá trị sử dụng: Thực phẩm, thuốc chống nấm, phân bón.",Khu trưng bày đa dạng sinh học biển
380,Thực vật biển,E.21,Dictyotaceae,Padina gymnospora,(Kützing) Sonder 1871,Rong quạt dầy,,,,,,,,,,,"Ngành: Ngành rong Nâu (Ochrophyta, Phaeophyceae)
Bộ: Dictyotales
Chi: Padina

Đặc điểm: Gần giống loài rong quạt Úc (P. australis) nhưng phiến dày hơn, mép phiến cuộn lên, màu nâu trắng, tẩm vôi. Nhìn mặt cắt ngang, phần cạnh phiến chỉ có 2 lớp tế bào; phần giữa và gốc phiến có 3 lớp tế bào, lớp tế bào giữa thường to hơn lớp tế bào mặt; đôi khi phần sát cuống có đến 4 lớp tế bào.
Sinh học, Sinh thái: Rong mọc bám trên đá, sỏi đá nhỏ, trên rạn san hô ở mực triều giữa đến vùng dưới triều, nơi sóng vừa
Phân bố:
Thế giới:Phân bố ở các đảo vùng Caribe, Đại Tây Dương, Ấn Độ Dương, Thái Bình Dương; Nam Mỹ, châu Âu, châu Phi, châu Á, Đông Nam Á (Indonesia, Philippines, Singapore); Australia và New Zealand…
Việt Nam: Nam Du. Còn bắt gặp phân bố tại Vĩnh Thực, Cô Tô, Bạch Long Vỹ, Cồn Cỏ, Lý Sơn, Phú Quý, Côn Đảo, Thổ Chu…
Giá trị sử dụng: Thực phẩm, thuốc chống nấm, phân bón.",Khu trưng bày đa dạng sinh học biển
381,Thực vật biển,E.30,Dictyotaceae,Padina minor,Yamada 1925,Rong quạt,,,,,,,,,,,"Ngành: Ngành rong Nâu (Ochrophyta, Phaeophyceae)
Bộ: Dictyotales
Chi: Padina

Đặc điểm: Rong có màu nâu vàng hoặc nâu trắng, Rong dạng hình phạt, hình phễu, mỏng, mềm, gồm 2 lớp tế bào dày, gân trong suốt, tẩm vôi vừa phải, xẻ thành các thùy hình quạt, mép phiến cuộn lên cao từ 5-7cm. Nhìn từ mặt cắt ngang tế bào ở hàng trên nhỏ hơn tế bào hàng dưới. Các túi bào tử xếp hàng dọc theo các vòng đồng tâm, bám bằng các đĩa bám.
Sinh học, sinh thái: Mọc trên đá, sỏi đá nhỏ hoặc trên san hô chết, ở mực triều giữa đến vùng dưới triều, nơi sóng vừa
Phân bố:
Thế giới: Quần đảo Ấn Độ Dương, Tây Nam Á (Vịnh Ả Rập, Sri Lanka). Các nước Châu Á – Thái Bình Dương: Trung Quốc, Nhật Bản, Hàn Quốc, Đài Loan, Thái Lan, Philippines, Indonesia, các đảo Thái Bình Dương.
Việt Nam: Khánh Hòa, Kiên Giang, Phú Yên,..",Khu trưng bày đa dạng sinh học biển
382,Thực vật biển,E.69,Rhodomelaceae,Palisada perforata,(Bory) K.W.Nam 2007,"Rong Lỗ năng mụt, rong mào gà núm",,,,,,,,,,,"Ngành: Ngành rong Đỏ (Rhodophyta)
Bộ: Ceramiales
Chi: Palisada

Đặc điểm:Rong có màu nâu nhạt, đỏ thẫm hoặc đỏ nhạt. Rong mọc thành bụi, cao 5-9 cm, bàn bám dạng đĩa ở gốc. Thân dạng trụ tròn, đường kính 1,5-2 cm, chia nhánh thành hình chùy hay kim tự tháp. Trên toàn thân có những nhánh nhỏ ngắn hơn, dạng trụ hoặc dùi trống, đỉnh sần sùi và loe rộng.
Sinh học, sinh thái: Rong mọc bám trên đá, rạn san hô ở vùng triều thấp và phần trên vùng dưới triều, nơi sóng mạnh.
Phân bố:
Thế giới: Phân bố ở các đảo vùng biển Caribe, Đại Tây Dương, Ấn Độ Dương, Thái Bình Dương; châu Âu, Mỹ, Phi, Á; Đông Nam Á; Australia và New Zealand…
Việt Nam:Hải Phòng, Thanh Hóa, Nghệ An, Quảng Trị, Quảng Ngãi, Khánh Hòa, Ninh Thuận, Bà Rịa-Vũng Tàu, Kiên Giang
Giá trị sử dụng: Thực phẩm, chiết xuất thuốc mê, chống vi rút.",Khu trưng bày đa dạng sinh học biển
383,Thực vật biển,E.68,Rhodomelaceae,Palisada thuyoides,"(Kützing) Cassano, Sentíes, Gil-Rodríguez & M.T.Fujii 2009",Rong Lỗ năng tháp,,,,,,,,,,,"Ngành: Ngành rong Đỏ (Rhodophyta)
Bộ: Ceramiales
Chi: Palisada

Đặc điểm:Rong có màu đỏ nhạt.  Tản cao cỡ 5 cm, hình trụ, rộng khoảng 1,8 mm, chia nhánh, nhánh bậc chót rất ngắn, thưa.
Sinh học, sinh thái: Trên đá, trên san hô chết, mực triều giữa đến mực dưới triều.
Phân bố: thế giới: Địa Trung Hải, Ấn Độ Dương, Thái Bình Dương...Việt Nam: Hải Phòng, Thanh Hóa, Nghệ An, Quảng Trị, Quảng Ngãi, Khánh Hòa, Ninh Thuận, Bà Rịa-Vũng Tàu, Kiên Giang",Khu trưng bày đa dạng sinh học biển
384,Thực vật biển,E.44,Peyssonneliaceae,Peyssonnelia conchicola,Piccone & Grunow 1884,Rong bát sơn,,,,,,,,,,,"Ngành: Ngành rong Đỏ (Rhodophyta)
Bộ: Peyssonneliales
Chi: Peyssonnelia

Đặc điểm: Rong có màu đỏ hồng.. Rong dạng vỏ, nhẵn, dẹp, hình quạt đến quả thận, tẩm vôi ở mặt dưới. Trừ phần mép, toàn bộ phiến dính chặt vào vật bám, trên mặt có nhiều đường đồng tâm, khi khô mép phiến cong lên. Tứ bào tử hình chùy, nằm trong lớp vỏ, rộng 20-30 µm.
Sinh học, sinh thái:  Chúng bám trên vỏ sò hoặc san hô chết ở vùng triều thấp và dưới triều
Phân bố: 
Thế giới Ấn Độ Dương, Trung Quốc, Nhật Bản, Indonesia, Phillipines, …
Việt Nam: Khánh Hòa, Kiên Giang",Khu trưng bày đa dạng sinh học biển
385,Thực vật biển,E.38,Rhizophyllidaceae,Portieria hornemannii,(Lyngbye) P.C.Silva 1987,,,,,,,,,,,,"Ngành: Ngành rong Đỏ (Rhodophyta)
Bộ: Gigartinales
Chi: Portieria

Đặc điểm: Rong có màu đỏ. Mọc thành bụi, cao 3-4 cm, dính vào đài vật bằng một dĩa. thân dẹp và chia nhánh trong một mặt phẳng, rộng cỡ 1mm ở phần chính, nhánh mọc xen, nhánh chót có răng. Mặt cắt ngang cho thấy nội dung đậm đặc, ngoại phần do 2-3 lớp tế bào có hồng lạp.
Sinh học, sinh thái: Bắt gặp ở vùng dưới triều
Phân bố: 
Thế giới:Thái Bình Dương, Ấn Độ Dương, Australia, Trung Quốc, Nhật Bản, … 
Việt Nam: Khánh Hòa, Bình Thuận",Khu trưng bày đa dạng sinh học biển
386,Thực vật biển,E.27,Scytosiphonaceae,Pseudochnoospora implexa,"(J.Agardh) Santiañez, G.Y.Cho & Kogame 2018",Rong lông bao rối,,,,,,,,,,,"Ngành: Ngành rong Nâu (Ochrophyta, Phaeophyceae)
Bộ: Ectocarpales
Chi: Pseudochnoospora

Đặc điểm: Rong mọc thành những bụi lớn rối, màu nâu vàng, dòn, dễ gẫy, dính vào giấy khi ép khô. Thân rong dạng trụ tròn hay trụ tròn dẹp, cao 10-15 cm, rộng 1-1,5 mm, thường chia nhánh chạc hai hay mọc cách rất rậm rạp, các nhánh thon nhỏ lại về phía đỉnh, góc nhánh hơi tròn hoặc vuông, đỉnh nhánh cuối cùng xẻ thành chạc hai.
Sinh học, sinh thái: Rong bám trên đá, vỏ động vật thân mềm, trên rạn san hô ở mực triều giữa đến phần trên của vùng dưới triều
Phân bố:
Thế giới: Phân bố ở vùng nhiệt đới và cận nhiệt đới Tây Đại Tây Dương, các đảo ở Ấn Độ Dương, Thái Bình Dương; châu Mỹ, châu Phi, châu Á, Đông Nam Á (Indonesia, Myanmar, Philippines, Singapore); Australia và New Zealand…
Việt Nam: Nam Du. Còn bắt gặp phân bố tại Cồn Cỏ, Lý Sơn, Phú Quý, Côn Đảo
Giá trị sử dụng: Phân bón, chiết xuất chất chống bướu cổ.",Khu trưng bày đa dạng sinh học biển
387,Thực vật biển,E.67,Rhodogorgonaceae,Rhodogorgon ramosissima,J.N.Norris & Bucher 1989,Rong san hô,,,,,,,1,,,,"Ngành: Ngành rong Đỏ (Rhodophyta)
Bộ: Rhodogorgonales
Chi: Rhodogorgon

Đặc điểm: Rong có màu nâu đỏ và trắng dần về phía đỉnh, chiều cao từ 25-30cm, Thân rong dẻo và trơn khi còn tươi, bàm bám dạng đĩa có đường kính 2mm, cuống ngắn và phân nhánh thưa thớt, Phần cuống và thân có hình trụ và thuôn nhọn về phía đỉnh, phân nhánh dạng xen kẽ cành dưới sẽ dài hơn cành trên, mỗi nhánh sẽ tạo ra các nhánh phụ ngắn với phần đầu tròn. 
Sinh học, sinh thái: Rong thường mọc trên các rạn san hô chết vùng nước nông có độ sâu khoảng 2m
Phân bố:
Thế giới: Thái Lan, Philliphin, Mexico,
Việt Nam: Khánh Hòa.",Khu trưng bày đa dạng sinh học biển
218,Thực vật biển,E.34,Sargassaceae,Sargassum congkinhii,Pham-Hoàng Hô 1967,Rong mơ công kỉnh,,,,,,,1,,,,"Ngành: Ngành rong Nâu (Ochrophyta, Phaeophyceae)
Bộ: Fucales
Chi: Sargassum

Đặc điểm: Rong có màu nâu đen hoặc đen, rong mọc thành bụi dày dài 80cm đến hơn 1m, đĩa bám tròn cỡ 1cm. Trục chính rất ngắn, mang 1-3 nhánh chính dẹp rộng 3-4cm, các nhánh bên dài hơn 10cm mọc thưa cách nhau từ 4-6cm. Lá dày và dài, cuốn ngắn, mép lá có răng cưa nhọn không đều, thấy được gân gữa có nhiều lông rải rác. Phao hình xoan to 5-10cm, phao dẹp hoặc có cánh nhỏ. Đế mọc thành chùm từ 2-4, đế đực có hình trụ dài 1-2cm, đế cái ngắn hơn có 3 cạnh, có một số răng cùn. Noãn cầu to 160µ
Sinh học, sinh thái: Rong mọc rải rác một số nơi của vùng dưới triều, trên đá san hô chết. Chỉ sống một năm sinh sản hữu tính, tháng 5,6 chúng hình thành cơ quan sinh sản sau đó tàn lụi và mọc lại vào tháng 8,9
Phân bố: Chỉ mới gặp ở Khánh Hòa",Khu trưng bày đa dạng sinh học biển-Bộ sưu tập Sắc màu đại dương
388,Thực vật biển,E.32,Sargassaceae,Sargassum gracile,J.Agardh 1848,Rong Mơ mịn,,,,,,,,,,,"Ngành: Ngành rong Nâu (Ochrophyta, Phaeophyceae)
Bộ: Fucales
Chi: Sargassum

Đặc điểm: Rong có mau nâu đậm, khi khô có màu đen. Rong mọc thành bụi thấp, đĩa bám nhỏ hơn 1cm, nhánh chính dài 40-50cm, hình trụ, có mụt thưa mịn to cỡ 1mm. Các nhánh bên dàì 7-10cm, mọc dày, cách nhau 1-3cm. Lá nhỏ, mỏng hình bầu dục dài khoảng 1cm rộng 4-5mm, chót lá tròn mép có răng cưa mịn, gân giữa không rõ, có các lông nhỏ rải rác. Phao nhiều có dạng hình cầu, không gai, nhỏ 1-2mm cọng mịn ngắn. Đế mọc thành chùm thưa.
Sinh học, sinh thái: Rong mọc sâu 2m trên nền đá san hô, rong có cơ quan sinh sản, thường sinh sản vào tháng 5.
Phân bố:  
Thế giới:Malaysia, Ấn Độ Dương, Indonexia,..
Việt Nam: Hải Phòng, Thanh Hóa, Nghệ An, Quảng Trị, Quảng Ngãi, Khánh Hòa, Ninh Thuận, Bà Rịa-Vũng Tàu, Kiên Giang",Khu trưng bày đa dạng sinh học biển
389,Thực vật biển,E.22,Sargassaceae,Sargassum microcystum,"Kützing, nom. illeg. 1849",Mơ phao nhỏ,,,,,,,,,,,"Ngành: Ngành rong Nâu (Ochrophyta, Phaeophyceae)
Bộ: Fucales
Chi: Sargassum

Đặc điểm: Rong có màu vàng nâu hoặc vàng đậm, rong dài 0,5-1m đĩa bám nhỏ hình nón có kích thước khoảng 1cm, dễ bị nhổ bởi sóng, trục chính rất ngắn mang từ 3-5 nhánh chính, nhánh chính có dạng trụ, có cạnh và phần gốc hơi hẹp. Các nhánh bên dày, mọc rậm rạp cách nhau 1-3cm, ở phần ngọn các nhành mọc thưa hơn. Lá cứng nhưng không dai, có cuống ngắn, chót lá không nhọn có răng cưa nhỏ không sâu. Lá dài 2-4cm rộng 0,4-1cm, có thể thấy được phần gân giữa của lá, và gân mờ dần về phía đỉnh, ổ lông nhiều nhưng nhỏ và rải rác. Các lá ở phần trên hẹp và ngắn hơn, phao nhiều nhưng nhỏ có kích thước 1-2mm, hình cầu hoặc dạng hình xoan không có cánh nhưng đôi khi có các gai nhỏ, cọng phao mịn và ngắn.  Đế dẹp hoặc có hình 3 cạnh, ngắn 2-3mm, mọc thành chùm từ 2-3 đế, có gai nhất là ở phần chót đế. Noãn cầu có đường kính 90µ, đế đực hình trụ không gai.
Sinh học, sinh thái: Rong mọc ở nơi có sóng mạnh, ở độ sâu dưới 2m. Rong trưởng thành vào tháng 4, khi trưởng thành nhiều rong thụ chỉ mang toàn phao và đế
Phân bố:
Thế giới: Singapore, Phillipin, Ấn Độ
Việt Nam: Đà Nẵng, Khánh Hòa
Giá trị sử dụng: dùng để chiết keo Alginic",Khu trưng bày đa dạng sinh học biển
390,Thực vật biển,E.31,Sargassaceae,Sargassum polycystum,C.Agardh 1824,Rong mơ nhiều phao,,,,,,,,,,,"Ngành: Ngành rong Nâu (Ochrophyta, Phaeophyceae)
Bộ: Fucales
Chi: Sargassum

Đặc điểm: Rong có màu nâu, mọc thành bụi to, chiều dài có khi đạt trên 2m, đĩa bám hình nón to cỡ 1cm, các rễ bò phân nhánh phát triển mạnh. Trục chính hình trụ dài 0,5-1cm mang từ 3-5 nhánh chính hình trụ to 1-2mm, có nhiều gai nhỏ, đơn hay kép, đầu thường phình to, các nhánh bên mọc dày. Lá có hình bầu dục, tròn dài hơn dày, lá ở phần ngọn nhỏ hơn, chót lá tròn, mép lá có răng cưa mịn không đều, ổ lông nhiều rải rác, các lông trong ổ khá dài và nhìn thấy rõ trong môi trường nước. Phao nhiều hình cầu to 2mm, cọng mịn ngắn hoặc dài bằng phao. Trên phao có các ổ lông to, phao tròn đều không gai, đế mọc thành chùm thưa 3-5. Đế đực hình trụ dài, đế cái ngắn hơn, hơi có cạnh và có ít gai nhỏ ở phía đầu, trên đế cũng có nhiều ổ lông với lông dài.
Sinh học, sinh thái: phổ biến do thích nghi rộng ngoại trừ những nơi sóng mạnh, chúng có thể mọc ở vùng gần cửa sông. Mùa vụ của rong này là vào 2,3,4 nhưng cũng có thể có quanh năm (ở nhưng nước yên, ít sóng) Rong trưởng thành phóng thích giao tử vào tháng 4. Do kích thước bụi lớn, rễ bò không bám chắc nên chúng dễ bị sóng nhổ đi và hay tấp vào bờ.
Phân bố: 
Thế giới: Nhật Bản, Trung Quốc, Ấn Độ Dương...
Việt Nam thường thấy ở ven biển",Khu trưng bày đa dạng sinh học biển
219,Thực vật biển,E.33,Sargassaceae,Sargassum tenerrimum,J.Agardh 1848,Rong mơ mềm,,,,,,,1,,,,"Ngành: Ngành rong Nâu (Ochrophyta, Phaeophyceae)
Bộ: Fucales
Chi: Sargassum

Đặc điểm: Rong có màu vàng nhạt, rong cao từ 50-100cm nhưng cũng có khi cao hơn, đĩa bám nhỏ, trục chính rất ngắn. Nhánh chính hình trụ, mịn như chỉ to khoảng 1mm, các nhánh bên mọc cách nhau 2-4cm. Lá mỏng nhưng dai và chắc, mép có răng cưa mịn, chót lá không nhọn cuống thon, lá ở phần trên hẹp và ngắn hơn.Phao hình cầu , đều nhau to 2-3mm, cọng mịn hình trụ ngắn hơn phao. Đế mọc thành chùm thưa hình 3 cạnh có răng to. Các chùm đế thường có lá nhỏ hay phao
Sinh học, sinh thái: Rong bám trên đá ở vùng dưới triều và trong các khe vũng vùng triều vào cuối mùa đông, mùa xuân, đầu mùa hè Rong mềm, mịn trưởng thành vào các tháng 4,5
Phân bố: 
Thế giới: Trung Quốc, Ấn Độ, Úc,.. 
Việt Nam: Hải Phòng Khánh Hòa, Ninh Thuận
Giá trị sử dụng: Làm thuốc chữa một số bệnh như đái đường, sưng tuyến giáp trạng và làm nguyên liệu chế biến alginate dùng trong công nghiệp.",Khu trưng bày đa dạng sinh học biển-Bộ sưu tập Sắc màu đại dương
320,Thực vật biển,,,Tranh kh,ổ ngang “Mao tiên,,,,,,,,,,,,"Chế tác nhân kỷ niệm 100 năm thành lập Viện Hải dương học. Đặc biệt, tranh được khảm từ hàng ngàn mảnh vụn rong biển nhỏ thể hiện hiện trên 5 lớp keo epoxy resin. Cụ thể, lớp đầu tiên gồm bản vẽ phác họa cá mao tiên và rong Halymenia spp. thể hiện vây lưng, vây đuôi, vây hậu môn; lớp thứ hai gồm rong Padina spp. và Sargassum spp. thể hiện phần gai cứng của vây lưng và một phần vây ngực; lớp thứ ba gồm rong Halymenia spp., Portieria hornemannii, Padina spp., Sargassum spp., Dictyota spp. thể hiện miệng, mũi, má, thân, đuôi và một phần vây ngực; lớp thứ tư gồm Ulva spp., Gracilaria spp., Halymenia spp., Padina spp., Sargassum spp. thể hiện mắt, nắp mang, phần còn lại của vây ngực, vây bụng; và lớp cuối cùng được phủ bảo vệ. Phần họa tiết ở bốn góc tranh gồm rong Caulerpa lentilifira, Padina spp., và Asparagopsis taxiformis và Gracilaria spp. được cố định lần lượt trong lớp thứ nhất, lớp thứ hai, và lớp thứ ba ” (chiều cao: 60 cm, chiều rộng: 160 cm)",Khu trưng bày đa dạng sinh học biển
391,Thực vật biển,E.47,Galaxauraceae,Tricleocarpa cylindrica,(J.Ellis & Solander) Huisman & Borowitzka 1990,Rong vú bò trụ,,,,,,,,,,,"Ngành: Ngành rong Đỏ (Rhodophyta)
Bộ: Nemaliales
Chi: Tricleocarpa

Đặc điểm: Bụi rong cao 3-5 cm, màu hồng nhạt, tẩm vôi nhiều. Nhánh hình trụ tròn, chia nhánh chạc hai đều, góc nhánh hẹp, bề mặt nhẵn, lóng ở phần ngọn ngắn, đỉnh nhánh cụt.
Sinh học, sinh thái: Rong bám trên đá, rạn san hô vùng dưới triều, dòng chảy vừa đến mạnh.
Phân bố: 
Thế giới: Phân bố ở các đảo vùng biển Caribe, Đại Tây Dương, Ấn Độ Dương, Thái Bình Dương; châu Âu, châu Phi, châu Mỹ, châu Á, Đông Nam Á (Indonesia, Philippines, Singapore, Thái Lan); Australia và New Zealand…
Việt Nam: Nam Du, Cô Tô, Bạch Long Vỹ, Cồn Cỏ, Lý Sơn, Trường Sa lớn, Phú Quý…",Khu trưng bày đa dạng sinh học biển
392,Thực vật biển,E.35,Sargassaceae,Turbinaria ornata,(Turner) J.Agardh 1848,Rong Cùi bắp dẹp; Rong loa (chùy) gai,,,,,,,,,,,"Ngành: Ngành rong Nâu (Ochrophyta, Phaeophyceae)
Bộ: Fucales
Chi: Turbinaria

Đặc điểm: Rong có màu nâu vàng. Bụi thấp,  Rong mọc cao 10-30 cm, rễ to, phát triển phân nhánh nhiều, dày đặc trên vật bám. Mỗi gốc rong có thể có một hoặc vài nhánh chính. Lá mọc dày xung quanh nhánh, mỗi lá gồm một phiến tròn hay gần hình tam giác, cứng và có nhiều răng cưa to. ở giữa phiến lõm xuống và có mang phao, ổ lông mọc rải rác. Cọng lá hình tròn hay có ba cạnh tròn, dài cỡ 1 cm. Đế hình trụ, mọc thành chùm dày, phân nhánh ở các rong còn non phao nhỏ, khi rong trưởng thành phao mới phát triển, hình dạng của lá cũng thay đổi, gần tròn hay tam giác với hai hàng răng cưa. 
Sinh học, sinh thái: Rong mọc trên đá tảng hay san hô chết, có thể mọc lên cao gần mực triều trung bình cùng với các rong Quạt (Padina). Chúng có thể chịu được sự bày khô nhiểu giờ khi triều xuống,có thể tồn tại và phát triển vào các tháng 7, 8 là các tháng mà hầu hết rong Mơ ở vùng triều đều chết. Các cá thể mọc ở vùng triều thường cằn cỗi, phát triển thích hợp nhất ở vùng dưới triều, đến độ sâu khoảng 2-3 mét làm thành các quần thể thuần loại gặp phổ biến ở ven các đảo,ven bờ, tiếp giáp với vùng san hô.
Phân bố: 
Trên thế giới: Trung Quốc, Indonesia, Philippines,..
Việt Nam: Khánh Hòa, Ninh Thuận, Bà Rịa-Vũng Tàu, Kiên Giang
Giá trị sử dụng: Phân bón, nguyên liệu chiết alginate, mannitol, thuốc trừ sâu",Khu trưng bày đa dạng sinh học biển
393,Thực vật biển,E.6,Ulvaceae,Ulva compressa,Linnaeus 1753,Rong bún thắt,,,,,,,,,,,"Ngành: Ngành rong Lục (Chlorophyta)
Bộ:  Ulvales
Chi: Ulva

Đặc điểm: Rong có màu xanh lục, thân mềm, hình trụ tròn cao 20-30cm, chia nhánh nhiều chủ yếu ở phần gốc. Gốc của các nhánh thon hẹp, phần trên phình rộng ra, các nhánh có kích thước như nhau. Thân trên và nhánh rải rác có các chồi nhỏ dạng gai có một hàng tế bào. Nhìn từ bề mặt, phần thân và nhánh non tế bào xếp thành hàng dọc nhưng càng về phần trên các tế bào không có sự sắp xếp hàng rõ rệt và tế bào có hình đa giác. Nhìn từ mặt cắt ngang tế bào giữa hai lớp vỏ sẽ có hình chữ nhật hoặc hình vuông. Trong tế bào chỉ có một hạt tạo bột.
Sinh học, sinh thái:Rong mọc hầu như quanh năm trong các đầm nước lợ ven biển; ở ngoài biển mọc tốt vào mùa đông xuân chúng xuất hiện từ tháng 10 đến tháng 5 năm sau; tàn lụi vào mùa mưa lũ. Ở ngoài biển, rong bún thắt thường bám trên đá, trên vỏ động vật thân mềm ở vùng triều giữa đến vùng triều thấp từ 0,5-1,8m trên 0m hải đồ, trong đầm nước lợ chúng thường bám vào mảnh vỏ của động vật thân mềm, sỏi hoặc cành gỗ mục, thậm chí bám trên gốc cây sậy hoặc sống tự do kết thành bè mảng, khi thì nổi trên mặt nước, khi thì chìm xuống đáy đầm.
Phân bố:
Thế giới: Đại Tây Dương, Ấn Độ Dương và Thái Bình Dương.
Việt Nam: Hải Phòng, Thái Bình, Thanh Hóa, Hà Tĩnh
Giá trị sử dụng: Rong thường dùng làm thực phẩm, phân bón, thuôc chữa bệnh",Khu trưng bày đa dạng sinh học biển
394,Thực vật biển,E.5,Ulvaceae,Ulva lactuca,Linnaeus 1753,"Rong Cải biển nhăn, Rong Sà lách",,,,,,,,,,,"Ngành: Ngành rong Lục (Chlorophyta)
Bộ:  Ulvales
Chi: Ulva

Đặc điểm: Rong có màu lục nhạt hoặc lục thẫm, thân rong dạng phiến lá, phiến lá dài 10-25cm rộng 5-10cm, dày 30-40µ, mọc xòe, xẻ thùy, mép nhăn gấp, mềm mại. Nhìn từ bề mặt tế bào có hình đa giác góc tròn, nhìn từ mặt cắt ngang tế bào có dạng hình vuông hay hình chữ nhật. Trong thể sắc tố có 2 hạt tạo bột.
Sinh học, sinh thái: Rong bắp cải thường mọc từ tháng 1 đến tháng 6 hoặc 7, mọc tốt hơn vào tháng 3 tháng 4, rong thường bám đen đá sỏi ở vùng triều giữa hoặc bám trên vỏ động vật thân mềm hay gỗ mục
Phân bố: Châu Âu, Châu Mỹ, Trung Quốc, Nhật Bản, Hàn Quốc, Nga, Indonesia, Malaysia, Philippines, Myanmar, Singapore,...Việt Nam chúng phân bố ở Quy Nhơn, Nam Định, Phú Yên,...",Khu trưng bày đa dạng sinh học biển
395,Thực vật biển,E.19,Ulvaceae,Ulva reticulata,Forsskål 1775,Rong Cải biển Iưới,,,,,,,,,,,"Ngành: Ngành rong Lục (Chlorophyta)
Bộ:  Ulvales
Chi: Ulva

Đặc điểm: Rong có màu lục đậm; khi ép khô rong không hoàn toàn dính trên giấy. Thân rong là những phiến rách sâu không có quy luật; nhánh hình kim lưới hoặc đai hẹp, rộng 3-6 mm; các nhánh cài quấn vào nhau; trên thân có các lỗ thủng kích thước khác nhau làm cho rong giống như mạng lưới; các lỗ “mắt lưới” được hình thành do các bộ phận tế bào nào đó trên bản phiến bị thoái hoá. Mép nhẵn nhưng đôi khi có mấu lồi như răng cưa. Nhìn từ bề mặt tế bào có hình đa giác, vỏ dầy. Nhìn từ mặt cắt ngang tế bào hình vuông hay hình chữ nhật không đều, góc tròn; chiều dài và chiều rộng tế bào gần như nhau hoặc chiều dài lớn hơn chiều rộng đôi chút. 
Sinh học sinh thái: Rong thường phát triển tốt vào mùa đông xuân và đầu hè; tàn lụi vào mùa mưa bão (tháng 8-9). Cũng giống như các loài thuộc chi rong cải biển, loài rong này ưa phát triển trên nền đáy đá, vỏ động vật thân mềm hoặc bám trên ống vỏ của giun nhiều tơ ở vùng triều thấp, chúng chỉ phơi bãi khi triều rút.
Phân bố: trên thế giới: Trung Quốc, Đài Loan, Nhật Bản, Triều Tiên, Thái Bình Dương, Ấn Độ Dương, Địa Trung Hải, Thái Lan, Philippin,..Việt Nam:Ninh Thuận (Mỹ Tâm, Sơn Hải), Bà Rịa-Vũng Tàu (Vũng Tàu).",Khu trưng bày đa dạng sinh học biển
396,Thực vật biển,E.39,Delesseriaceae,Zellera tawallina,G.Martens 1868,,,,,,,,,,,,"Ngành: Ngành rong Đỏ (Rhodophyta)
Bộ: Ceramiales
Chi: Zellera

Đặc điểm: Thân rong thẳng, có màu đỏ tím hoặc cam đậm, mềm, mỏng và có cuống, mọc thành từng cụm, cao khoảng 6cm, Các nhánh mọc lên từ trục chính mang các nhánh phụ có các phiến lá nhìn giống như lông cánh chim.
Sinh học, sinh thái: Loài rong này thường được tìm thấy ở vùng triều trên các rạn đáy san hô hoặc nền đáy khác nơi có sóng vừa.
Phân bố:
Thế giới: Đài Loan, Quần đảo Ryukyu, Nam Trung Quốc, Philippines, Indonesia, Quần đảo Solomon, Ấn Độ Dương
Việt Nam: Khánh Hòa,",Khu trưng bày đa dạng sinh học biển
316,Giáp xác,E.57249,Xanthidae,Liocarpilodes armiger,"(Nobili, 1906)",Cua rạn,Đá Nam,06.10.2020,11°24'57,114°19'30.8,,,,,,,"Màu sắc, đặc điểm: Loài này có mai rộng, hình vòm không xẻ thùy, cơ thể có các lông dài, thưa. Trán rộng, bị chia cắt sâu bởi vết lõm có hình tam giác. Càng của loài cua này không đều nhau, phía dưới có các nốt sần; chân bò kém phát triển, có lông dài
Sinh học, sinh thái: thường sống ở các nền đá hoặc nền đáy san hô
Phân bố: biển Đỏ, Tây Ấn Độ Dương, Ả Rập",Khu trưng bày đa dạng sinh học biển
317,Giáp xác,E.57250,Trapeziidae,Trapezia guttata,"Rüppell, 1830",Cua yến san hô,Đá Nam,06.10.2020,11°24'57,114°19'30.8,,,,,,,"Màu sắc, đặc điểm:Loài cua này có mai dạng hình thang với chiều rộng lớn hơn chiều dài, mai nhẵn có màu trắng hoặc cam, có một đường màu đỏ hoặc nâu ở phần mai phía trước, chân kìm có màu đỏ hoặc nâu vàng đồng nhất; phần chân bò được bao phủ bởi các lông nhỏ riêng biệt và có các đốm nhỏ màu đỏ hoặc nâu. Chân kìm gần bằng nhau, mặt dưới của bàn tay nhẵn hoặc có các hạt sần cực nhỏ.
Sinh học, sinh thái: Sống ở các rạn san hô ven biển và được thấy cùng với Seriatopora hystrix , (San hô tổ chim).
Phân bố:Ấn Độ Dương, Thái Bình Dương, Nhật Bản, Úc, biển Đỏ",Khu trưng bày đa dạng sinh học biển
318,Giáp xác,E.57251,Xanthidae,Luniella pugil,"(Dana, 1852)",Cua rạn,Đá Nam,06.10.2020,11°24'57,114°19'30.8,,,,,,,"Màu sắc, đặc điểm: Mai có dạng hình lục giác, bề mặt có các u nhẵn, hoặc được phủ nhiều lông ngắn có màu vàng và rải rác các sợi lông dài hơn. Mặt trước rộng; các thùy dưới hình vòng cung, ngăn cách bởi rãnh giữa nông hoặc sâu, mép nhẵn, dạng hạt hoặc dạng gai; thùy bên rõ rệt, hẹp. Rìa trước bên có bốn răng gai, ít hoặc không có răng phụ. Trên chân kìm phía mặt trước có các u hoặc gai, có thể có hoặc không có các lông cứng, các chân bò có thể có các u hoặc không, phần rìa có các lông cứng, phía trên cùng có các chân bò có vuốt nhọn
Sinh học, sinh thái: đây là loài cua nhỏ thường thấy ở các bãi triều và ở các nền đáy san hô chết, thức ăn của chúng thường là tảo, mảnh vụng hữu cơ
Phân bố: Úc, Thái Bình Dương, biển Đỏ, Pháp",Khu trưng bày đa dạng sinh học biển
319,Giáp xác,E.57253,Trapeziidae,Trapezia tigrina,"Eydoux & Souleyet, 1842",Cua bảo vệ đốm đỏ,Nam Yết,11.10.2020,10°11'08.8,114°22'05.32,,,,,,,"Màu sắc, đặc điểm:Loài cua này có mai dạng hình thang với chiều rộng lớn hơn chiều dài, mai có màu nâu nhạt hoặc nâu vàng mặt lưng của mai, chân kìm và chân bò có các chấm hoặc các đốm màu đỏ hoặc cam, các đốm không bị mất khi ngâm trong dung dịch bảo quản. Chân kìm đồng đều, không có các gờ dọc, mặt dưới nhẵn hoặc có các nốt sần cực nhỏ. Chân bò nhẵn có các lông ngắn trên bề mặt.
Sinh học, sinh thái: loài này thường sống chung với loài san hô thuộc họ Acroporidae
Phân bố: Các khu vực Ấn Độ Dương-Tây Thái Bình Dương bao gồm Vịnh Ả Rập, kéo dài về phía đông tới Nhật Bản, Hawaii, Tahiti và Tây Úc",Khu trưng bày đa dạng sinh học biển
320,Giáp xác,E.57255,Palinuridae,Panulirus versicolor,"(Latreille, 1804)",Tôm hùm sen,Tốc Tan,13.10.2020,08°49'38.3,113°56'06.5,1,LC,,1,1,1,"Màu sắc,đặc điểm: Tôm hùm sen là một loài thuộc họ tôm hùm gai, loài tôm này không có càng.Mai có nền màu trắng, với các vùng lớn màu xanh đen. Cuống râu màu hồng; các đốt bụng màu xanh lục với các dải ngang màu trắng và đen; chân có sọc dọc màu trắng. Mai của chúng có hai sừng phía trước và được trang bị nhiều gai lưng. Các râu thứ hai dày, có gai trên ba đoạn cơ bản đầu tiên và có chiều dài gần bằng cơ thể của chúng. Một số vùng bụng nhẵn, không có rãnh ngang. Các đốt bụng 1-6 có một dải ngang rõ rệt, liên tục dọc theo mép sau, với các dải sẫm màu ở hai bên. Chân hàm thứ ba thiếu một nhánh chân ngoài. Râu ở gốc râu thứ 1 có 4 gai cứng, hình vuông. Tổng chiều dài cơ thể đạt 400 mm, nhưng kích thước tối đa trung bình là khoảng 300 mm. Con đực có xu hướng lớn hơn con cái (Holthuis 1991).
Môi trường sống: Môi trường sống của Tôm hùm sen bao gồm các vùng đá và rạn san hô, thường ở rìa hướng ra biển của rạn san hô từ các điểm có thủy triều thấp đến độ sâu 15 m. Tôm hùm sen sống về đêm, thường ẩn náu trong các kẽ hở vào ban ngày và thường không sống thành bầy (Holthuis 1991). Thức ăn của chúng bao gồm động vật không xương sống ở đáy và mảnh vụn. Những kẻ săn mồi chính là những loài cá lớn hơn và cá mập (Frisch 2007)
Phân bố: Ấn Độ Dương-Thái Bình Dương, trải dài từ Biển Đỏ đến Nam Phi, miền nam Nhật Bản, miền bắc Australia.",Khu trưng bày đa dạng sinh học biển
321,Giáp xác,E.57256,Xanthidae,Actaeodes hirsutissimus,"(Rüppell, 1830)",Cua rạn,Tốc Tan,17.10.2020,08°49'38.3,113°56'06.5,,,,,,,"Màu sắc, đặc điểm: Loài cua rạn này có phần mai (vỏ đầu ngực) rộng (chiều rộng mai gấp 1,5 đến 1,6 lần chiều dài) được bao phủ bởi các u nhỏ, trên các u có các lông ngắn và cứng, phần mai lồi ở phía trước nhưng bị lõm về phía sau, phần mai được chia thành các vùng có kích thước bằng nhau bởi các rãnh sâu và nhẵn, Phần càng không đối xứng, chân bò phẳng trên bề mặt có các u và lông ngắn, phần bàn chân có các móng vuốt ngắn.
Sinh học, sinh thái: Loài này thường sống ở vùng nước nông trên các rạn san hô
Phân bố: Trung Quốc, Nhật Bản, Đảo Samoa, Úc, Philipine, Biển Đỏ, Hàn Quốc",Khu trưng bày đa dạng sinh học biển
322,Giáp xác,E.57258,Carpiliidae,Carpilius convexus,"(Forskål, 1775)",Cua đá cẩm thạch,Thuyền Chài,29.10.2020,08°15'52.2,113°21'45.5,1,,,,,,"Màu sắc, đặc điểm: Loài cua này có màu đỏ đến nâu với các đốm không đều và hai chấm trắng nhỏ ở giữa mai. Có kích thước từ 6 - 8 cm, con đực lớn hơn con cái phần mai phẳng và lồi, có dạng bầu dục. Chân kìm to và dày không đối xứng, chân bơi không có gai
Sinh học, sinh thái: thường sống ở các rạn san hô, độ sâu bắt gặp loài cua này là 2 - 60m, chúng thường ẩn náu và ban ngày và hoạt động vào ban đêm, chúng thường ăn các động vật không xương soongs với kích thước nhỏ.
Phân bố: loài này có mặt ở Biển Đỏ, Ấn Độ Dương ở Tanzania và cả ở Tây Thái Bình Dương, từ Quần đảo Fiji, Indonesia, Philippines và Seychelles. Nó hiện diện trên bờ biển Thái Bình Dương của lục địa Mỹ.",Khu trưng bày đa dạng sinh học biển
300,Động vật Da gai,E.57259,Ophiocomidae,Ophiocoma schoenleinii,"Müller & Troschel, 1842",Đuôi rắn,Đá Nam,08.10.2020,11°23'07.0,114°18'22.6,,,,,,,"Màu sắc, đặc điểm:Đĩa có hình tròn, đĩa được phủ vảy mịn ở mặt lưng và bụng; Mặt lưng của đĩa trung tâm được bao phủ bởi các hạt tròn, dày. Mặt bụng có các gai miệng ở hàm và cụm gai răng ở phía đầu hàm. Mảnh xương quanh miệng có thể nhìn thấy rõ. Màu sắc khi còn sống, đĩa có màu đen đồng nhất với các xúc tu màu xám nâu xỉn, mẫu vật được bảo quản có màu đen đến xám, bao gồm cả các xúc tu.
Sinh học, sinh thái: thường được tìm thấy trong các rạn san hô, rừng ngập mặn và ở độ sâu từ 0 - 20m
Phân bố: Ấn Độ-Thái Bình Dương: Đông Phi đến Hawaii và đảo Paumotu.",Khu trưng bày đa dạng sinh học biển
301,Động vật Da gai,E.57260,Ophionereididae,Ophionereis variegata,"Duncan, 1879",Đuôi rắn,Đá Nam,08.10.2020,11°23'07.0,114°18'22.6,,,,,,,"Màu sắc, đặc điểm: Mẫu đuôi rắn của nhóm loài này khi thu được thường nhỏ, đĩa thân có dạng tròn, đường kính thường gặp từ 3-4mm, các tay dài gấp khoảng 5 lần đĩa thân. Mặt lưng của đĩa có những vảy lớn và nhỏ xen lẫn nhau, trong đó có 6 mảnh xương nguyên thủy lớn có thể phân biệt được rõ ràng. Mặt bụng với mỗi hàm mang nhiều gai miệng và gai răng, rìa mép của các gai sinh dục được viền bởi các gai sinh dục. Đặc biệt trên mỗi bên của đốt tay có một vảy phụ xen vào giữa. Các mảnh xương tay phía bụng có dạng quạt, và phần rộng hơn nằm ở phía ngoài. Mặt lưng của đĩa thân khi ngâm cồn có màu hơi tím với các đường sáng tỏa ra. Thuẫn xuyên tâm hơi trắng. Mặt lưng các tay với những đường băng ngang màu tím và trắng xen kẽ nhau.
Sinh thái: gặp từ vùng triều cho đến độ sâu 60m
Phân bố: vịnh Aqaba, Biển Đỏ, Trung Quốc, Nam Nhật Bản, Inđônêxia.",Khu trưng bày đa dạng sinh học biển
302,Động vật Da gai,E.57263,Ophiocomidae,Ophiocoma schoenleinii,"Müller & Troschel, 1842",Đuôi rắn,Tốc Tan,17.10.2020,08°49'38.3,113°56'06.5,,,,,,,"Màu sắc, đặc điểm:Đĩa có hình tròn, đĩa được phủ vảy mịn ở mặt lưng và bụng; Mặt lưng của đĩa trung tâm được bao phủ bởi các hạt tròn, dày. Mặt bụng có các gai miệng ở hàm và cụm gai răng ở phía đầu hàm. Mảnh xương quanh miệng có thể nhìn thấy rõ. Màu sắc khi còn sống, đĩa có màu đen đồng nhất với các xúc tu màu xám nâu xỉn, mẫu vật được bảo quản có màu đen đến xám, bao gồm cả các xúc tu.
Sinh học, sinh thái: thường được tìm thấy trong các rạn san hô, rừng ngập mặn và ở độ sâu từ 0 - 20m
Phân bố: Ấn Độ-Thái Bình Dương: Đông Phi đến Hawaii và đảo Paumotu.",Khu trưng bày đa dạng sinh học biển
303,Động vật Da gai,E.57264,Oreasteridae,Choriaster granulatus,"Lütken, 1869",Sao biển,Thuyền Chài,30.10.2020,08°15'52.2,113°21'45.5,,,,,,,"Màu sắc, đặc điểm: Đây là loài sao biển có kích thước lớn, có 5 cánh hình nón, ngắn và dày và phần đầu tròn. Loài sao biển này có màu hồng nhạt, có các nhú nhỏ màu nâu tập trung thành cụm ở vùng trung tâm của cơ thể. Loài này phát triển đến bán kính tối đa khoảng 27 cm.
Sinh học, sinh thái: Loài sao biển Choriaster granulatus này thường bắt gặp tại vùng cát giữa giữa san hô và bọt biển và ăn các polyp san hô và động vật không xương sống nhỏ khác.
Phân bố: trên thế giới Ấn Độ Dương, Tây Thái Bình Dương–Tây Phi, Biển Đỏ, Maldives, Biển Đông, Úc và các đảo phía nam Thái Bình Dương. Ở Việt Nam tìm thấy Nha Trang",Khu trưng bày đa dạng sinh học biển
304,Động vật Da gai,E.57265,Mithrodiidae,Mithrodia clavigera,"(Lamarck, 1816)",Sao biển móng tay,Thuyền Chài,30.10.2020,08°15'52.2,113°21'45.5,,,,,,,"Màu sắc, đặc điểm:Mithrodia clavigera là một loài sao biển nhiệt đới thuộc họ Mithrodiidae. Cơ thể có màu da nhạt và trên các cánh tay có các đường màu nâu sẫm đến đỏ, và khi bảo quản trong cồn cơ thể sẽ có màu trắng đồng nhất. Bề mặt lưng và bụng có dạng hạt. Tấm xương lưng có dạng đa giác nhưng chủ yếu là dạng hình lục giác cách xa nhau và được liên kết bằng các tấm xương dạng hình chữ nhật.
Sinh học, sinh thái:  các sao biển Mithrodia clavigera ăn các vật chất hữu cơ nhỏ trong nước, còn những sao biển trưởng thành sẽ ăn các động vật không xương sống kích thước nhỏ. Loài sao biển này hoạt động nhiêu hơn vào ban đêm. Chúng thường sống trên các nền đáy cứng như các rạn san hô ở độ sâu từ 0 - 80m. 
Phân bố: trên thế giới Quần đảo Bahama, Biển Caribe, Đông Phi, Madagascar, Biển Đỏ, Seychelles, Quần đảo Aldabra, Biển Đông, New Caledonia và Quần đảo Palau.",Khu trưng bày đa dạng sinh học biển
305,Động vật Da gai,E.57266,Echinasteridae,Echinaster luzonicus,"(Gray, 1840)",Sao biển,Thuyền Chài,30.10.2020,08°15'52.2,113°21'45.5,,,,,,,"Màu sắc, đặc điểm: Sao biển Echinaster luzonicus còn được gọi là sao biển nốt sần nhỏ, là một loài sao biển thuộc họ Echinasteridae. Màu sắc của loài sao biển này khá đa dạng từ đỏ đến nâu sẫm. Đây là loài sao biển có khả năng tái tạo cơ thể đáng chú ý nhất có đĩa trung tâm tương đối nhỏ, các cánh tay tỏa tròn xung quanh đĩa trung tâm có 5 - 8 cánh tay, nhưng phần lớn là 6 tay nhưng các cánh tay này bất đối xứng do đặc tính rụng cánh tay và tái sinh lại. Các cánh tay dài, thuôn tròn, phần chóp có màu tối và thường cong lên. Chiều dài các cánh có thể lên tới 22 cm khi trưởng thành. Trên mặt lưng được phủ kính các chấm nhỏ có màu tối. Trên cơ thể có nhiều gai xương dưới lớp biểu bì, dưới mỗi cánh tay có hai hàng chân dùng để di chuyển và vận chuyển thức ăn.
Sinh học, sinh thái: Con mồi của loài sao biển này khá đa dạng từ động vật không xương sống như bọt biển, giun, động vật thân mềm, đến các chất hữu cơ hay xác thối. Thế nhưng nó cũng chính là con mồi ưa thích của loài tôm Hymenocera picta. Chúng được tìm thấy ở độ sâu khoảng 20 m, đôi khi lên đến 73m và đôi khi được tìm thấy ở các rạn san hô.
Phân bố: Sao biển Echinaster luzonicus được tìm thấy ở vùng biển nhiệt đới Ấn Độ - Thái Bình Dương, chủ yếu ở các khu vực của Indonesia và Philippines và từ vịnh Bengal đến New Caledonia và Polynesia. Ở Việt Nam tìm thấy ở Quãng Trị, Bà Rịa Vũng Tàu, Kiên Giang (Phú Quốc)",Khu trưng bày đa dạng sinh học biển
306,Động vật Da gai,E.57267,Toxopneustidae,Tripneustes gratilla,"(Linnaeus, 1758)",Cầu gai sọ dừa,Thuyền Chài,30.10.2020,08°15'52.2,113°21'45.5,,,,1,1,,"Màu sắc, đặc điểm: Lớp vỏ ngoài của nhum có hình cầu, bên ngoài có nhiều gai nhọn. Đường kính cơ thể dao động từ 3- 10 cm và có một số cá thể có kích thước lớn hơn. Gai của chúng mọc khá dày bên ngoài lớp vỏ với độ dài từ 3- 5 cm. Màu sắc của nhum biển cũng rất đa dạng, chúng có thể có màu đen, nâu sẫm, tím hoặc trắng. hần thịt bên trong nhum biển khá ít và được gọi là trứng cầu gai. Phần trứng này thường được chia thành 5-8 cánh nhỏ phân bố đều bên trong cơ thể nhum biển với hình vòng cung. Trứng nhím biển có màu vàng hoặc màu vàng cam. Ở bề mặt bên ngoài của nhím biển có lỗ miệng và lỗ hậu môn giúp chúng ăn thức ăn và thải phân ra bên ngoài. Miệng cầu gai thường có 5 cái răng và xung quanh được bao bọc bằng nhiều mảnh xương nhỏ. 
Sinh học, sinh thái: Loài động vật này di chuyển với tốc độ chậm, dựa vào lực đẩy của dòng nước, chúng sẽ xoay cơ thể để di chuyển. Thường gặp ở vùng dưới triều, độ sâu từ 2-10 m. Sống trong cỏ biển, rong mơ,… trên nền đáy san hô chết. Thức ăn là các loài rong tảo cỏ biển và cả chất mùn bã hữu cơ. Ngoài ra, một số loài nhum biển còn ăn động vật không xương sống như bọt biển, giun tơ…Nhum biển không sống đơn lẻ mà thường tụ tập thành nhóm, bầy đàn tạo nên các thảm sinh vật. Những khu vực xuất hiện nhiều nhím biển là cá hốc, ghềnh đá, thảm rong và tảo ở các vùng biển ấm. Là loài đơn tính, con đực và con cái không phân biệt. Mùa sinh sản kéo dài nhưng rộ nhất từ tháng 10-12. Thụ tinh xảy ra trong nước biển.
Phân bố: Trên thế giới, chúng phân bố rộng khắp các vùng biển, loài này thường gặp ở vùng Ấn Độ- tây Thái Bình Dương. Ở Việt Nam, chúng sống ở Phú Yên, Khánh Hòa (đặc biệt là huyện đảo Trường Sa), Ninh Thuận, Bình Thuận, Côn Đảo,…",Khu trưng bày đa dạng sinh học biển
307,Động vật Da gai,E.57268,Oreasteridae,Culcita novaeguineae,"Müller & Troschel, 1842",Sao biển gối,Đá Nam,02.04.2021,11°23'10.0,114°17'43.6,,,,,,,"Màu sắc, đặc điểm: Sao biển gối có màu sắc đa dạng, trên mặt lưng có các vết đốm với các màu sắc tối hơn hoặc sáng hơn (nâu, nâu vàng, vàng, cam và xanh lá cây) so với màu tổng thể trên bề mặt lưng của chúng. Loài sao biển này có 5 cánh, những con trưởng thành có cánh tay ngắn và hình dạng cơ thể giống như chiếc gối ngũ giác với bề mặt lưng căng tròn. Chúng có thể phát triển và đạt kích thước của đường kính lên đến 30cm. Các sao biển gối còn nhỏ có hình dạng khác so với các sao biển trưởng thành, tuy nhiên chúng cũng có 5 cánh tay, cánh tay ngắn và rộng nhưng mặt lưng phẳng không nhô cao như con trưởng thành.
Sinh học, sinh thái: thức ăn của chúng là các loài động vật nhỏ sống trên san hô, hoặc các loài sinh vật sống trên các loài khác và các vật chất hữu cơ có trong nước, chúng thường sống ở vùng nước nông ở độ sâu lên tới 40 mét, và được tìm thấy trên các sườn đá vụn, rạn san hô, thường xuyên ở những vị trí có đá vụn và mảnh vụn.
Phân bố: loài sao biển gối này thường được tìm thấy ở các vùng nước ấm nhiệt đới như Ấn Độ - Thái Bình Dương. Ở Việt Nam chúng được tìm thấy ở các vùng biển như Quảng Ninh, Nha Trang, Vũng Tàu, Phú Quốc,..
Ứng dụng: loài sao biển này không được dùng làm thực phẩm, chỉ dùng trong thủ công mỹ nghệ.",Khu trưng bày đa dạng sinh học biển
308,Động vật Da gai,E.57269,Mithrodiidae,Mithrodia clavigera,"(Lamarck, 1816)",Sao biển móng tay,Đá Lớn,06.04.2021,09°59'46.1,113°50'39.1,,,,,,,"Màu sắc, đặc điểm:Mithrodia clavigera là một loài sao biển nhiệt đới thuộc họ Mithrodiidae. Cơ thể có màu da nhạt và trên các cánh tay có các đường màu nâu sẫm đến đỏ, và khi bảo quản trong cồn cơ thể sẽ có màu trắng đồng nhất. Bề mặt lưng và bụng có dạng hạt. Tấm xương lưng có dạng đa giác nhưng chủ yếu là dạng hình lục giác cách xa nhau và được liên kết bằng các tấm xương dạng hình chữ nhật.
Sinh học, sinh thái:  các sao biển Mithrodia clavigera ăn các vật chất hữu cơ nhỏ trong nước, còn những sao biển trưởng thành sẽ ăn các động vật không xương sống kích thước nhỏ. Loài sao biển này hoạt động nhiêu hơn vào ban đêm. Chúng thường sống trên các nền đáy cứng như các rạn san hô ở độ sâu từ 0 - 80m. 
Phân bố: trên thế giới Quần đảo Bahama, Biển Caribe, Đông Phi, Madagascar, Biển Đỏ, Seychelles, Quần đảo Aldabra, Biển Đông, New Caledonia và Quần đảo Palau.",Khu trưng bày đa dạng sinh học biển
309,Động vật Da gai,E.57270,Ophidiasteridae,Linckia laevigata,"(Linnaeus, 1758)",Sao biển xanh,Nam Yết,16.04.2021,10°11'06.5,114°21'48.5,,,,,,,"Màu sắc, đặc điểm: Các cá thể của loài sao biển này có màu xanh da trời nhạt, đậm hoặc sáng, tuy nhiên cũng có các biến thể có màu trắng xanh, tím hoặc cam. Đây là loại sao biển có 5 cánh nhưng một vài trường hợp có thể có 6 cánh, các cánh tay thon dài và có phần chóp tròn, một số cá thể có thể có các đốm tròn trên mặt lưng và có màu xanh đậm hơn hoặc nhạt hơn tùy vào màu của mặt lưng. Mặt bụng, ở giữa mỗi cánh tay có một đường chân ống màu vàng bắt đầu từ đĩa trung tâm đến chóp cánh tay. Sao biển trưởng thành đường kính có thể lên đến 30cm.
Sinh học, sinh thái: sao biển xanh cũng là loài thích ăn mầm san hô sống, thức ăn của chúng còn bao gồm cá nóc, ốc kèn, hải quỳ và một số loài sao biển khác. Sao biển xanh thường tìm thấy ở các vỉa san hô ngầm và cỏ biển và thường có mật độ phân bố thưa thớt
Phân bố: chúng sống trong vùng nước nông của vùng biển nhiệt đới Ấn Độ Dương - Thái Bình Dương. Ở Việt Nam chúng thường được tìm thấy ở các vùng biển Quãng Trị, Khánh Hòa.
Ứng dụng: sao biển xanh có giá trị trong ngành thủ công mỹ nghệ với các sản phẩm được sấy khô dùng làm đồ trang trí và du lịch. Chính vì vậy một số nơi số lượng loài giảm đáng kể do sự khai thác quá mức, ngoài ra chúng còn được đánh bắt để nuôi trong các hồ cá cảnh.",Khu trưng bày đa dạng sinh học biển
310,Động vật Da gai,E.57271,Acanthasteridae,Acanthaster planci,"(Linnaeus, 1758)",Sao biển gai,Thuyền Chài,02.05.2021,08°16'14.3,113°21'28.7,1,,,,,,"Màu sắc, đặc điểm: Sao biển gai có sự khác biệt về màu sắc cơ thể, màu sắc đa dạng khác nhau giữa các phần trên cơ thể. Sao biển gai Acanthaster planci không như các loài sao biển thường (có đường kính cơ thể nhỏ và có 5 cánh với những gai nhỏ, không độc) sao biển gai có đường kính cơ thể rất lớn, có thể lên đến 60 cm, có 10-18 cánh, phủ nhiều gai nhọn, dài, cứng và có nọc độc, chất độc saponin tồn tại trong suốt vòng đời của sao biển gai. Sao biển gai di chuyển chậm, tốc độ di chuyển nhanh nhất chỉ đạt 10,3 m/ngày, có thể đi lùi, quay vòng, cử động một tay độc lập với phần còn lại của cơ thể, có khả năng tái sinh các cánh bị gãy.
Sinh học:Thức ăn ưa thích của sao biển gai là các loài san hô thuộc giống Acropora. Chúng thường ăn một mình về đêm và luôn giữ một khoảng cách nhất định với các con sao biển gai khác. Cách ăn san hô của sao biển gai rất đặc biệt: Chúng đẩy dạ dày ra bao lấy san hô, tiết enzyme và hấp thụ các dịch lỏng của san hô.Một con sao biển trưởng thành trung bình tiêu thụ hết 161 cm2 san hô/ngày vào mùa đông và 357-478 cm2 san hô/ngày vào mùa hè. Ðối với sao biển gai con thì mỗi cá thể ăn trung bình 66 cm2 san hô/ngày vào mùa đông và 155-234 cm2 san hô/ngày vào mùa hè.
Sinh thái: thường được tìm thấy trên các rạn san hô, và thường thấy ở các độ sâu từ 5 -20m
Phân bố: Sao biển gai phân bố ở Biển Ðỏ, ấn Ðộ Dương và Thái Bình Dương. Ở Việt Nam, sao biển gai bắt gặp phổ biến ở các rạn san hô khu vực Nam Trung Bộ trở vào cho tới các vùng biển ven đảo ngoài khơi như quần đảo Trường Sa, Côn Đảo, Phú Quốc, Quảng Trị, Quảng Nam, Kiên Giang,...
Độc tố: sao biển gai Acanthaster planci đặc trưng bởi cơ thể có chứa saponin đây là chất có thể làm vỡ hồng cầu, làm tăng tính thấm của biểu mô đường hô hấp nên làm mất chất điện giải. Tuy nhiên sao biển gai không có cơ chế tự bơm chất độc ra ngoài, nhưng khi kẻ thù hoặc con người không thận trọng bị gai đâm thủng, saponin có thể đi vào cơ thể gây ra hiện tượng đau nhức, chảy máu kéo dài,... Các gai của Acanthaster planci giòn, nên có thể vỡ và nằm trong mô khi bị đâm.",Khu trưng bày đa dạng sinh học biển
311,Động vật Da gai,E.57272,Ophidiasteridae,Nardoa frianti,"Koehler, 1910",Sao biển,Thuyền Chài,02.05.2021,08°16'14.3,113°21'28.7,,,,,,,"Màu sắc, đặc điểm: Cơ thể có màu nâu, đỏ đến tím thay đổi tùy vị trí sống, bề mặt cơ thể được bao phủ bởi các tấm có dạng tròn màu trắng đến cam. Cơ thể có 5 tay thon dài, hình trụ, đĩa thân nhỏ, bề mặt cơ thể có các hạt cứng được xếp ngẫu nhiên không đều nhau, các hạt này có kích thước lớn vùng trung tâm. 
Sinh học, sinh thái: Thức ăn của loài sao biển này thường là động vật không xương sống nhỏ, tảo và mảnh vụn. Chúng có thể sống đơn lẻ hoăc theo từng nhóm và thường được tìm thấy trên các rạn san hô vùng nước nông, trên nền đáy cát và đá vụn, thường phân bố tại các vùng nhiệt đới.
Phân bố: trên thế giới Quần đảo Andaman, Biển Đông, Philippines, Quần đảo Caroline và New Caledonia",Khu trưng bày đa dạng sinh học biển
312,Động vật Da gai,E.57273,Holothuriidae,Holothuria (Halodeima) atra,"Jaeger, 1833",Hải sâm đen,Thuyền Chài,02.05.2021,08°16'14.3,113°21'28.7,,,,1,1,,"Màu sắc, đặc điểm: Hải sâm đen có chiều dài cơ thể từ 10 - 50 cm, chiều rộng 3 - 8 cm với trọng lượng từ 0,2 đến 1,5kg. Khi còn sống hải sâm đen có màu đen tím và khi cắt cơ thể hải sâm sẽ chảy ra chất nước màu đỏ tím, nếu ngâm trong dung dịch bảo quản lâu ngày thì cơ thể sẽ có màu đenCơ thể có hình trụ, thon dài với phần đầu tròn, bề mặt cơ thể nhẵn, lỗ miệng hướng về phía trước và hậu môn nằm ở phần cuối cùng của cơ thể. Miệng có dạng hình tròn với 20 xúc tu xòe ra hình tán, xúc tu có nhiệm vụ bắt mồi và là cơ quan thụ cảm. Hải sâm đen không có tuyến Cuvier, vách của thân hơi cứng và dai mang những gai thịt thưa trên lưng và có chân ống dày ở phía bụng. Chân ống ở bụng phát triển và có giác bám giúp hải sâm di chuyển. Ở cuối cùng mút của cơ thể là hậu môn, hậu môn của hải sâm đen có dạng hình tròn và màu đậm hơn so với các phần trên cơ thể, với các gai nhỏ nằm xung quanh. Khi còn sống chúng thường có lớp các phủ lên trên lưng và chừa lại những khoảng trống nhỏ tạo nên các đốm đen trên thân. 
Sinh học, Sinh thái: Thức ăn chủ yếu của Hải sâm đen là cát, vỏ sò vụn, san hô vụn nhỏ, trùng lỗ và vật chất hữu cơ chúng gặp được trên đường di chuyển, thường sống trên nền đáy cát và san hô chết, từ mực triều thấp đến độ sâu 5m.
Phân bố: Trên thế giới: Đông Phi, biển Đỏ, Tây Thái Bình Dương,...phân bố hầu hết ở các vùng biển Việt Nam.
Ghi chú: có giá trị thương mại, có vai trò lọc cho môi trường nước biển trong sạch nên có vai trò quan trọng trong bảo vệ môi trường biển.",Khu trưng bày đa dạng sinh học biển
313,Động vật Da gai,E.57274,Holothuriidae,Bohadschia ocellata,"(Jaeger, 1833)",Hải sâm da trăn,Thuyền Chài,02.05.2021,08°16'14.3,113°21'28.7,1,,,1,1,,"Màu sắc, đặc điểm: Thân thuôn hình trụ, thường tù ở phần đầu và tròn phía hậu môn. Có 2 kiểu màu:
Kiểu 1: Mặt lưng màu nâu đậm hơi ngả sang vàng, với những vệt màu xám có viền màu kem tạo thành hình ảnh của những vệt màu loang. Mặt bụng với những vệt màu tương tự như ở lưng nhưng trên nền màu trắng. Gai thịt phân bố rải rác khắp toàn thân, trùng với màu nền. Chân ống trong suốt, phân bố rải rác ở bụng.
Kiểu 2: Mặt lưng màu nâu socola, điểm rất nhiều đốm tròn nhỏ màu vàng đậm, từ mỗi đốm có 1 gai thịt nhú lên. Mặt bụng màu nhạt dần đến rãnh giữa nơi tập trung nhiều chân ống, những đốm màu trắng, to và thưa hơn.
Sinh học, sinh thái: Thường gặp phơi mình nơi đáy cứng trong rạn san hô, nhưng cũng có khi vùi mình vào trầm tích. Hoạt động chủ yếu ban ngày.
Phân bố: trên thế giới phía Tây đến vùng giữa Thái Bình Dương; ở Việt Nam: Khánh Hòa, Bình Thuận.",Khu trưng bày đa dạng sinh học biển
314,Động vật Da gai,E.57275,Ophidiasteridae,Linckia laevigata,"(Linnaeus, 1758)",Sao biển xanh,Nam Yết,16.04.2021,10°11'06.5,114°21'48.5,1,,,,,,"Màu sắc, đặc điểm: Các cá thể của loài sao biển này có màu xanh da trời nhạt, đậm hoặc sáng, tuy nhiên cũng có các biến thể có màu trắng xanh, tím hoặc cam. Đây là loại sao biển có 5 cánh nhưng một vài trường hợp có thể có 6 cánh, các cánh tay thon dài và có phần chóp tròn, một số cá thể có thể có các đốm tròn trên mặt lưng và có màu xanh đậm hơn hoặc nhạt hơn tùy vào màu của mặt lưng. Mặt bụng, ở giữa mỗi cánh tay có một đường chân ống màu vàng bắt đầu từ đĩa trung tâm đến chóp cánh tay. Sao biển trưởng thành đường kính có thể lên đến 30cm.
Sinh học, sinh thái: sao biển xanh cũng là loài thích ăn mầm san hô sống, thức ăn của chúng còn bao gồm cá nóc, ốc kèn, hải quỳ và một số loài sao biển khác. Sao biển xanh thường tìm thấy ở các vỉa san hô ngầm và cỏ biển và thường có mật độ phân bố thưa thớt
Phân bố: chúng sống trong vùng nước nông của vùng biển nhiệt đới Ấn Độ Dương - Thái Bình Dương. Ở Việt Nam chúng thường được tìm thấy ở các vùng biển Quãng Trị, Khánh Hòa.
Ứng dụng: sao biển xanh có giá trị trong ngành thủ công mỹ nghệ với các sản phẩm được sấy khô dùng làm đồ trang trí và du lịch. Chính vì vậy một số nơi số lượng loài giảm đáng kể do sự khai thác quá mức, ngoài ra chúng còn được đánh bắt để nuôi trong các hồ cá cảnh.",Khu trưng bày đa dạng sinh học biển
315,Động vật Da gai,E.57276,Ophidiasteridae,Linckia laevigata,"(Linnaeus, 1758)",Sao biển xanh,Nam Yết,16.04.2021,10°11'06.5,114°21'48.5,1,,,,,,"Màu sắc, đặc điểm: Các cá thể của loài sao biển này có màu xanh da trời nhạt, đậm hoặc sáng, tuy nhiên cũng có các biến thể có màu trắng xanh, tím hoặc cam. Đây là loại sao biển có 5 cánh nhưng một vài trường hợp có thể có 6 cánh, các cánh tay thon dài và có phần chóp tròn, một số cá thể có thể có các đốm tròn trên mặt lưng và có màu xanh đậm hơn hoặc nhạt hơn tùy vào màu của mặt lưng. Mặt bụng, ở giữa mỗi cánh tay có một đường chân ống màu vàng bắt đầu từ đĩa trung tâm đến chóp cánh tay. Sao biển trưởng thành đường kính có thể lên đến 30cm.
Sinh học, sinh thái: sao biển xanh cũng là loài thích ăn mầm san hô sống, thức ăn của chúng còn bao gồm cá nóc, ốc kèn, hải quỳ và một số loài sao biển khác. Sao biển xanh thường tìm thấy ở các vỉa san hô ngầm và cỏ biển và thường có mật độ phân bố thưa thớt
Phân bố: chúng sống trong vùng nước nông của vùng biển nhiệt đới Ấn Độ Dương - Thái Bình Dương. Ở Việt Nam chúng thường được tìm thấy ở các vùng biển Quãng Trị, Khánh Hòa.
Ứng dụng: sao biển xanh có giá trị trong ngành thủ công mỹ nghệ với các sản phẩm được sấy khô dùng làm đồ trang trí và du lịch. Chính vì vậy một số nơi số lượng loài giảm đáng kể do sự khai thác quá mức, ngoài ra chúng còn được đánh bắt để nuôi trong các hồ cá cảnh.",Khu trưng bày đa dạng sinh học biển
