TT,Nhóm mẫu,Số hiệu,Họ,Loài,Tác giả,Tên việt,Nơi thu,Ngày thu,Long,Lat,CT,IUCN,SĐVN,KT,TP,LC/MN,Thông tin
1,Cá biển,TB.001,Acipenseridae,Acipenser sinensis,"(Grey, 1835)",Cá Tầm trung hoa,Biển Hàm Tân - Bình Thuận,01.01.1977,,,1,1,1,,1,,"Màu sắc, đặc điểm: Kích thước mẫu vật: Dài 2,9 m, Trọng lượng 200 Kg.
Sinh học, sinh thái: Cá tầm là một loài cá thuộc họ Acipenseridae, sống ở vùng ôn đới của Bắc bán cầu. Chúng không có răng, sử dụng bốn râu để tìm kiếm thức ăn ở đáy sông, đại dương. Cá tầm có tuổi thọ lên tới 100 - 200 năm và là ""hóa thạch sống"" vì ngoại hình của chúng không thay đổi từ cách đây khoảng 200 triệu năm.
Ghi chú: Năm 1977, một mẫu cá tầm đặc biệt được bắt bởi ngư dân ở biển Hàm Tân, tỉnh Bình Thuận. Khi lưới được kéo lên, ngư dân phát hiện ra hình dáng của con cá rất đặc biệt, với râu và các vảy cứng xếp lớp giống áo giáp. Con cá này được gọi là ""rồng biển"". Sau khi nhận được thông tin, các nhà khoa học của Viện Hải dương học đã xác định đó là mẫu cá tầm Trung Hoa. Tỉnh ủy và Ủy ban Nhân dân tỉnh Bình Thuận quyết định tặng con cá này cho Viện Hải dương học để phục vụ cho công tác nghiên cứu và trưng bày. Nơi trưng bày: Khu trưng bày mẫu vật lớn."
2,Chim biển,TB.002,Phalacrocoracidae,Phalacrocorax pelagicus,"(Pallas, 1811)",Chim cốc biển,Vịnh Great Peter - Nhật Bản,01.01.2005,,,,,,,,,"Màu sắc, đặc điểm: Chim cốc biển còn được gọi là chim cốc Pelagic hoặc chim cốc bồ nông. Loài chim cốc này có kích thước nhỏ hơn các loài chim cốc khác. Chúng có chiều dài khoảng 64 - 89 cm với chiều dài sải cánh khoảng 1 mét, có trọng lượng cơ thể từ 1,4 đến 2,4kg khi trưởng thành hoàn toàn. Chim cốc bồ nông có bộ lông màu đen bóng, mỏ cong sẫm màu và cổ dài, mảnh. Khi bay phần cổ của chúng được giữ thẳng.
Ghi chú: Mẫu vật được thu tại Vịnh Great Peter - Biển Nhật Bản do tàu nghiên cứu c Oparin (CHLB Nga) tặng cho Bảo tàng Hải dương học vào tháng 01/2005. Nơi trưng bày: Khu trưng bày đa dạng sinh học biển"
3,Chim biển,TB.003,Alcidae,Uria aalge,"(Pontoppidan, 1763)",Chim Uria,Vịnh Great Peter - Nhật Bản,01.01.2005,,,,,,,,,"Sinh học, sinh thái: Chim Uria là loài chim trong họ Alcidae. Loài này phân bố xung quanh vòng cực và dành phần lớn thời gian ở biển, chỉ vào bờ để sinh sản ở vách đá hay bãi đá trên các đảo. Chúng có thể lặn sâu từ 30–60 m, có trường hợp lặn sâu đến 100m đã được ghi nhận. Thức ăn chủ yếu là cá, động vật giáp xác, ốc.
Ghi chú: Mẫu vật được thu tại Vịnh Great Peter - Biển Nhật Bản do tàu nghiên cứu nghiên cứu Viện sĩ Oparin (Nga) tặng cho Bảo tàng Hải dương học vào tháng 01/2005. Nơi trưng bày: Khu trưng bày đa dạng sinh học biển"
4,San hô,TB.004,Dendrophylliidae,Turbinaria peltata,"(Esper, 1790)",San hô cứng dạng phễu,,,,,1,,,,,,"Sinh học, sinh thái: San hô cứng dạng phễu có hình dạng đẹp, hấp dẫn và thường có màu sắc sặc sỡ. Chúng có các Polyp lớn, có nhiều xúc tu nổi lên vào ban ngày để kiếm ăn. Đây là loài san hô có phạm vi phân bố rộng, có thể gặp ở các hệ thống rạn san hô nhiệt đới nông ở vùng biển Ấn Độ Dương, Tây và Trung Thái Bình Dương và Biển Đông. San hô cứng dạng phễu có tầm quan trọng về mặt sinh thái trong quá trình xây dựng hay phục hồi các rạn san hô, chúng xuất hiện trên các bãi cát cạn, có độ sâu từ 9-20m. Loài san hô này cung cấp một tỷ lệ sinh vật đáy đáng kể phủ trên bề mặt của nó trong các sinh cảnh rạn san hô. Các tấm chồng chéo, xoắn lớn của chúng là nơi ẩn náu cho các loài động vật sống trong rạn san hô như cá và động vật có xương sống.
Ghi chú: Nơi trưng bày: Khu trưng bày tài nguyên biển đảo Hoàng Sa – Trường Sa"
5,Cá dữ,TB.005,,,,Hàm cá mập,Nha Trang - Khánh Hòa,01.01.2015,,,,,,,,,"Màu sắc, đặc điểm: Bề mặt của răng cá mập chứa florua, thành phần cơ bản trong các loại kem đánh răng và nước súc miệng của chúng ta giúp chúng ít bị các vấn đề về răng miệng. Hàm cá mập có răng mọc tua tủa thành những hàng đều đặn và ngả về phía sau giúp cho cá mập giữ chặt con mồi. Tất nhiên, các hàm răng phía trước phải làm việc nhiều hơn và mau mòn hơn. Khi những chiếc răng phía trước già cỗi và bị mòn, chúng dần thò ra phía ngoài miệng và bị rụng đi. Thế chỗ cho chúng là những hàng răng tiếp theo. Và cứ tuần tự như thế suốt đời.
Ghi chú: Mẫu vật được thu lại từ ngư dân ở cảng Nha Trang năm 2015. Ngư dân trong quá trình đánh bắt đã thu được các cá thể cá mập và thông thường họ sẽ loại bỏ các phần không có giá trị trên cơ thể cá, chỉ giữ lại những bộ phận như vi, đầu cá. Bảo tàng Hải dương học đã liên hệ và giữ lại được bộ hàm răng của các cá thể cá mập nói trên. Do chỉ còn lại 1 phần nên công tác định loại gặp nhiều khó khăn. Nơi trưng bày: Khu trưng bày tài nguyên biển đảo Hoàng Sa – Trường Sa."
6,Thú biển,TB.006,Dugongidae,Dugong dugon,"(Lacépède, 1799)",Bò biển,Phú Quốc - Kiên Giang,23.12.2002,,,1,1,1,,,,"Màu sắc, đặc điểm: Kích thước mẫu vật: Dài 2,75 m, Trọng lượng 400 Kg.
Ghi chú: Vào ngày 23/12/2002, một con bò biển nặng khoảng 400kg và dài 2,75m đã chết sau khi bị vướng vào lưới đánh cá của ngư dân ở vùng biển Phú Quốc, tỉnh Kiên Giang. Sau đó, Chi cục Bảo vệ nguồn lợi thủy sản của tỉnh đã chuyển mẫu vật này đến Viện Hải dương học để tiến hành nghiên cứu và trưng bày. Sau khi được xử lý và bảo quản trong formalin khoảng một năm, mẫu vật được chuyển đến một bể kính để lưu trữ và trưng bày. Đây là mẫu vật bò biển còn nguyên vẹn đầu tiên được trưng bày tại Việt Nam. Bò biển (Dugong dugon) là loài động vật biển ăn cỏ có thể dài hơn 3 mét và nặng gần 1 tấn khi trưởng thành, phân bố chủ yếu ở các vùng ven biển cận nhiệt đới và bán nhiệt đới từ Ấn Độ Dương đến Thái Bình Dương. Tuy nhiên, hiện nay loài bò biển chỉ còn sống tại Côn Đảo và Phú Quốc do di chuyển chậm chạp và thân hình to lớn, khiến chúng dễ bị mắc vào lưới đánh cá của ngư dân. Ngoài ra, tình trạng đánh bắt quá mức, ô nhiễm môi trường và biến đổi khí hậu cũng đang khiến cho số lượng bò biển suy giảm nghiêm trọng. Điều này đặt loài động vật này vào tình trạng nguy cơ tuyệt chủng và cần sự hợp tác bảo vệ của con người. Nơi trưng bày: Khu trưng bày mẫu vật lớn"
7,Cá biển,TB.007,Serranidae,Epinephelus malabaricus,"(Bloch & Schneider, 1801)",Bộ xương cá Mú điểm gai,Khánh Hòa,,,,,,,,,,"Sinh học, sinh thái: Cá Mú điểm gai ăn tạp và thường có thói quen đi kiếm ăn một mình. Thức ăn chủ yếu là động vật và các sinh vật sống trong môi trường biển như cá phèn, cá sơn, cá thia, động vật giáp xác… Tại Việt Nam, giống cá này phân bố rộng rãi từ khu vực vịnh Bắc bộ cho tới vịnh Thái Lan, nhiều nhất vẫn là vùng biển thuộc Bắc bộ và Trung bộ. Cá Mú là một trong những dòng cá sinh sản theo hình thức lưỡng tính đơn tính. Chúng mang giới tính cái khi còn nhỏ và có thể thay đổi giới tính khi trưởng thành. Sự thành thục về giới tính ở con đực chỉ xảy ra khi cơ thể chúng đạt chiều dài 114 cm. Đến mùa sinh sản, một cá thể đực có thể giao phối cùng hàng chục cá thể cái. Mùa sinh sản của cá Mú được quyết định rất nhiều bởi vị trí địa lý. Ở một số nước châu Á, chu kỳ sinh sản của cá Mú bắt đầu từ tháng ba cho đến hết tháng mười hàng năm.
Ghi chú: Mẫu được thu tại tỉnh Bình Định, sau đó đem xử lý hóa chất để loại bỏ da thịt và nội tạng. Các mẫu xương sẽ được tẩy và kiểm tra tỉ mỉ nhằm loại bỏ hết tủy xương để tránh làm xương bị đen sau khi chế tác. Khi mẫu xương đã khô, các chuyên gia tiến hành dựng cốt và ghép các mẫu xương lại với nhau dựa trên cấu tạo của loài bằng khung kim loại và các loại keo chuyên dụng, tạo thành một khung xương hoàn chỉnh 100% giống với cấu trúc xương của loài cá Mú này. Nơi trưng bày: Khu trưng bày đa dạng sinh học biển"
8,San hô,TB.008,Antipathidae,Anthipathes sp,"(Pallas, 1766)",San hô sừng gai,,,,,1,1,1,1,,,"Sinh học, sinh thái: San hô sừng gai, san hô đen là một bộ san hô mềm phân bố ở vùng nước sâu. Những loài san hô thuộc bộ này có thể được nhận biết bởi bộ xương kitin màu đen tuyền hoặc nâu sẫm, được bao quanh bởi các polyp. San hô đen phân bố trên toàn cầu, sinh sống ở nhiều tầng nư, ngoại trừ vùng nước lợ. Tuy nhiên, chúng được tìm thấy nhiều nhất trên các rìa lục địa sâu dưới 50 m. San hô đen sinh sản bằng hai hình thức hữu tính và vô tính trong suốt cuộc đời. Nhiều loài san hô đen là nơi trú ẩn, thức ăn và là nơi bảo vệ các loài động vật khác.
Phân bố: Trong lịch sử, san hô đen đã được người dân các đảo trên Thái Bình Dương sử dụng để chữa bệnh và xuất hiện trong các nghi lễ. Hiện nay, số lượng san hô đen ngày càng suy giảm. Điều này được cho là ​​sẽ vẫn còn tiếp diễn do ảnh hưởng của nạn săn trộm, axit hóa đại dương và biến đổi khí hậu. Mặc dù san hô đen không được liệt kê trong Sách đỏ của IUCN nhưng ngày nay vẫn có một số yếu tố đe dọa chúng. Mối đe dọa lớn nhất là nạn săn trộm - mặc dù phần lớn nghề đánh bắt san hô đen được quản lý chặt chẽ nhưng vẫn còn tồn tại các thị trường chợ đen cho san hô. Đặc biệt trên các đảo nhiệt đới và Madagascar, thị trường san hô đen bị khai thác trái phép rất lớn. Do đánh bắt quá mức san hô trưởng thành, ở một số khu vực, gần 90% lượng san hô vẫn còn non (cao dưới 50 cm).
Ghi chú: San hô đen ban đầu được phân loại trong lớp phụ Ceriantipatharia cùng với ceriantharia (hải quỳ sống trong ống), nhưng sau đó được phân loại lại theo lớp Hexacorallia. Không giống như đại đa số các loài san hô khác, san hô đen không có khả năng bảo vệ cơ thể khỏi các vật liệu mài mòn như cát và đá. Những yếu tố này có thể dẫn đến việc các chất cặn làm rách mô mềm, làm chết san hô. Nơi trưng bày: Khu trưng bày tài nguyên biển đảo Hoàng Sa – Trường Sa"
9,Cá biển,TB.009,Molidae,Masturus lanceolatus,"(Liénard, 1840)",Cá Mặt Trăng đuôi nhọn,Trường Sa - Khánh Hòa,28.04.1998,,,,,1,1,1,,"Phân bố: Loài cá Mặt trăng đuôi nhọn này có cơ thể hình bầu dục, dẹp hai bên, miệng rất nhỏ. Vây lưng và vây hậu môn ngắn nhưng cao gần như đối xứng nhau. Vây ngực nhỏ dạng hình tròn. Vây đuôi thấp nhưng dài, bao quanh cả phía sau thân, nối liền với vây lưng và vây hậu môn. Răng trên hàm gắn kết với nhau thành tấm răng lớn. Mắt và khe mang nhỏ. Da thô, mỏng, không phủ vảy. Chúng là loài cá nổi ở đại dương, ít khi vào gần bờ. Khi thời tiết ấm áp, chúng di chuyển đến vùng ôn đới phía bắc và phía nam xích đạo. Những ngày đẹp trời ít sóng gió, chúng thường nổi lên để hở một phần thân và vây lưng khỏi mặt nước để bắt động vật phù du. Khi có mưa to gió lớn hoặc lúc đuổi mồi, chúng lật ngang thân trong nước, dùng vây lưng và vây hậu môn bơi rất nhanh. Cá Mặ trăng đuôi nhọn có kích thước khá lớn, chiều dài thân có thể đạt tới 2, 5 - 3m (Gudger, 1937) Ở Việt Nam loài cá Mặt trăng này phân bố chủ yếu ở Vịnh Bắc Bộ, Trung Bộ. Tuy nhiên cũng chỉ một vài lần gặp chúng, dự đoán số lượng quần thể chỉ khoảng dưới 250 cá thể trưởng thành. Vì thế, chúng đã được đưa vào Sách Đỏ Việt Nam. Khuyến nghị cần thông báo cho nhân dân các tỉnh ven biển cấm đánh bắt loài này khi phát hiện được chúng (chúng thường nổi lên mặt nước). Cá Mặt trăng còn phân bố ở một số quốc gia trên thế giới như Nhật Bản, Trung Quốc, Philippin, Indonesia, Malaixia, Thái Lan, Australlia, Xri Lanka, Ấn Độ.
Ghi chú: Mẫu cá Mặt trăng này do tàu KH - 401G của Xí nghiệp Khai thác và Dich vụ Thủy sản Khánh Hòa đánh bắt được ở Trường Sa vào ngày 28/04/1998 bằng “vàng câu cá ngừ đại dương”. Mẫu được bảo quản khô bằng phương pháp nhồi bông truyền thống. Nơi trưng bày: Khu trưng bày đa dạng sinh học biển"
10,Cá biển,TB.010,Pristidae,Pristiformes,,Đao của cá đao,,01.01.1975,,,,,,,,,"Sinh học, sinh thái: Cá đao có họ hàng với cá mập và cá đuối. Kích thước đã từng ghi nhận được cho thấy loài cá này dài từ 5 đến 7 mét và thường nặng khoảng 500 đến 600kg. Chúng có tuổi thọ cao, phát triển chậm, trưởng thành muộn và có khả năng sinh sản thấp.
Phân bố: Đây là một bộ cá dạng cá đuối với đặc trưng là một mũi sụn dài ra ở mõm. Chúng có chiều dài khoảng 7 mét với những chiếc “cưa” vừa là vũ khí vừa là cơ quan cảm giác giúp chúng cảm nhận được con mồi. Cá đao có thể trở nên cực kỳ nguy hiểm nếu bị khiêu khích. Cá đao phân bố ở vùng nước nông và lầy lội, có thể được tìm thấy trong cả khu vực nước ngọt và nước mặn. Tất cả các loài cá đao có khả năng di chuyển qua lại giữa khu vực nước ngọt và nước mặn.
Ghi chú: Mẫu Đao của cá Đao này chính là phần mõm của chúng. Mẫu vật này được bảo tàng lưu trữ từ trước năm 1975 đến nay. Nơi trưng bày: Khu trưng bày đa dạng sinh học biển."
11,Cá biển,TB.011,Rhinidae,Rhina ancylostoma,"(Bloch & Schneider, 1801)",Cá Giống mõm tròn,,01.01.2005,,,,,1,,,,"Màu sắc, đặc điểm: Cá Giống mõm tròn còn gọi là cá đuối bùn. Mõm ngắn, hình cung rộng, vây ngực lớn giống cá đuối, phần sau thuôn dài, vây lưng và vây đuôi giống cá mập. Lưng có màu nâu xám với nhiều đốm trắng, có nhiều chỏm gai trên đầu và lưng có thể gây sát thương cho các loài cá khác, năm khe mang ở mặt bụng. Chúng thường được bắt gặp ở Vịnh Bắc Bộ, Hồng Hải, Đông châu Phi, Ấn Độ Dương, Trung Quốc, Nhật Bản, Philippin, Indonexia, Australia.
Sinh học, sinh thái: Cá có kích thước lớn, có thể dài gần 3m, nặng 135 kg và thường di chuyển chậm chạp. Thức ăn là cá xương, động vật giáp xác, thân mềm. Hàm răng chắc khỏe cực kỳ hiệu quả trong việc nghiền nát những con mồi yêu thích có vỏ cứng như tôm hùm, cua... Chúng thụ tinh trong, con cái đẻ 2 - 11 con và có thể sống hơn 7 năm.
Ghi chú: Hiện nay, số lượng cá Giống mõm tròn đang suy giảm do ô nhiễm môi trường, biến đổi khí hậu và đánh bắt bằng chất nổ, nạo vét.... Một số Thủy cung trên thế giới đã nhân giống thành công loài cá này như Thủy cung Newport, Kentucky ở Mỹ năm 2005, Thủy cung S.E.A, Singapore năm 2015. Loài Cá Giống mõm tròn đã được đưa vào Sách Đỏ Việt Nam. Nơi trưng bày: Khu trưng bày đa dạng sinh học biển"
12,Thú biển,TB.012,Balaenopteridae,Megaptera novaeangliae,"(Borowski, 1781)",Bộ xương cá voi lưng gù,Hải Cường - Hà Nam,08.12.1994,,,1,1,1,,,,"Màu sắc, đặc điểm: Kích thước mẫu vật: Dài 18 m, Trọng lượng 10 Tấn.
Sinh học, sinh thái: Cá voi lưng gù là loài cá voi lớn, nó có chiều dài từ 12-16 mét, nặng khoảng 30-36 tấn. Hình dạng cơ thể chúng đặc biệt, vây ngực dài khác thường và đầu có u. Cá voi lưng gù thường có sở thích nhào lộn và trồi lên mặt nước. Con đực thường phát ra tiếng kêu như một bản nhạc, kéo dài từ 10 đến 20 phút và được lặp đi lặp lại trong nhiều giờ tại một thời điểm. Cá Voi lưng gù chủ yếu sinh sống ở các đại dương lớn, đến mùa di cư chúng thường di chuyển đến các vùng nhiệt đới và cận nhiệt đới để giao phối và sinh sản. Thức ăn của chúng hầu hết là những động vật thân mềm và cá. Cá voi cái sẽ sinh con và nuôi con bằng sữa trong khoảng từ 6 tháng đến 1 năm. Sữa cá voi mẹ giàu chất đạm nên đậm đặc và không tan trong nước.
Ghi chú: Ngày 8-12-1994, người dân xã Hải Cường (huyện Hải Hậu, tỉnh Hà Nam, nay là tỉnh Nam Định) trong lúc đào mương làm thủy lợi đã phát hiện bộ xương khổng lồ bị vùi dưới lòng đất, độ sâu khoảng 1,2m và cách biển 4km (đường chim bay). Cá voi mang giá trị tâm linh đối với người dân nên đoàn các nhà khoa học của Viện Hải dương học và Lãnh đạo Tỉnh Hà Nam mất 3 ngày để thuyết phục những người có uy tín trong làng đưa bộ xương về Viện Hải dương học phục vụ công tác nghiên cứu và trưng bày. Mất khoảng 1 tuần để vận chuyển bộ xương về đến Viện Hải dương học và mất thêm 6 tháng để phục dựng bộ xương Cá voi lưng gù thành đúng 1 bộ xương hoàn chỉnh. Đây là một sự kiện lớn, ghi nhận lần đầu tiên nước ta có bộ xương cá voi được trưng bày theo kiểu nguyên hình dạng. Ngày nay Bộ xương “khổng lồ’’ này trở thành mẫu vật nổi tiếng và ấn tượng đối với du khách khi nhắc đến Bảo tàng Hải dương học. Nơi trưng bày: Khu trưng bày mẫu vật lớn"
13,Thú biển,TB.013,Dugongidae,Dugong dugon,"(Lacépède, 1799)",Bộ xương bò biển,Bãi Lò Vôi,22.01.1997,,,1,1,1,,,,"Màu sắc, đặc điểm: Vào tháng 11/1997, cơn bão Linda quét qua Côn Đảo đã gây thiệt hại rất lớn về người và tài sản. Vì sợ thất lạc bộ xương nên các nhà khoa học của Viện Hải dương học đã vội vàng đến Côn Đảo để lấy mẫu vật. Khi máy bay đáp xuống sân bay Cỏ Ống, cơn bão mới tan được một ngày, cả Côn Đảo đang tan hoang, lúc đó mẫu vật vẫn nằm dưới lòng đất. Vài ngày sau, Vườn Quốc gia Côn Đảo mới ổn định và tổ chức cho đoàn khai quật bộ xương Bò biển, bộ xương còn khá nguyên vẹn với chiều dài 273 cm.
Ghi chú: Bò biển này chết ngày 22/01/1997 tại bãi Lò Vôi, Vườn Quốc gia Côn Đảo. Ban quản lý Vườn Quốc gia Côn Đảo đã có ý định tặng bộ xương Bò biển cho Viện Hải dương học nhằm phục vụ công tác nghiên cứu và trưng bày. Nơi trưng bày: Khu trưng bày đa dạng sinh học biển"
14,Thú biển,TB.014,Delphinidae,Lagenodelphis hosei,"(Fraser, 1956)",Cá Heo Fraser,Vịnh Cam Ranh - Khánh Hòa,03.07.2001,,,1,,,,1,,"Sinh học, sinh thái: Loài cá heo này bơi nhanh, một đàn khoảng từ 100 đến 1000 con. Chúng thường hay lướt trên mặt nước, tạo ra cảnh ""rất ấn tượng"" khi chúng chạy trốn các tàu đánh cá. Thức ăn của loài này là các loài cá biển, mực và tôm ở những vùng nước nông từ 200 đến 500 mét.
Ghi chú: Ngày 03/07/2001, con cá heo này đã bị mắc lưới của ngư dân ở vùng biển Khánh Hòa (từ Vịnh Cam Ranh ra khơi khoảng 10km). Viện Hải dương học đã đem về làm mẫu để phục vụ nghiên cứu và trưng bày. Mẫu cá heo này thuộc loài Cá heo Fraser hay Cá heo Sarawak (Lagenodelphis hosei), là một loài động vật có vú trong họ Cá heo mỏ (Delphinidae), bộ Cetacea. Loài này được tìm thấy ở vùng biển sâu ở Thái Bình Dương và các khu vực nông hơn ở Ấn Độ và Đại Tây Dương. Cá heo Fraser dài khoảng 1 mét và nặng khoảng 20 kg khi mới ra đời, , dài 2,75 m và 200 kg ở tuổi trưởng thành. Đặc điểm nổi bật của chúng khác với các loài cá heo khác chính là chúng có cái mỏ rất ngắn, gần như là không có, vì vậy có thể phân biệt được chúng. Nơi trưng bày: Khu trưng bày đa dạng sinh học biển"
15,Thú biển,TB.015,Delphinidae,Pseudorca crassidens,"(Owen, 1846)",Cá ông chuông,Quãng Ngãi Quãng Bình,,,,1,,,,1,,"Sinh học, sinh thái: Cá ông chuông là một loài cá voi thuộc họ Delphinidae, thành viên lớn thứ ba của Họ Cá heo đại dương. Chúng sống ở vùng biển ôn đới và nhiệt đới trên toàn thế giới. Như tên gọi của chúng trong tiếng Anh là False Killer Whale (Cá voi sát thủ giả), ngụ ý là loài này có bề ngoài giống với killer whale (cá voi sát thủ hay còn gọi là cá hổ kình). Giống như cá voi sát thủ, cá ông chuông tấn công và giết chết các loài cá voi khác. Tuy nhiên, hai loài cá này không có quan hệ mật thiết với nhau. Cá Ông chuông có dạng cơ thể thon dài, phần trán phía trước tròn làm cho phần đầu trông giống quả chuông. Loài này có kích thước lớn, con trưởng thành có thể đạt tới 5 - 6 mét, toàn thân có màu xám đến đen. Cá Ông chuông thường sống ở vùng biển khơi, con mới sinh dài từ 1,50 - 2,0 m. Thức ăn chủ yếu là cá nổi và mực, đôi khi chúng tấn công cả các loài thú biển khác để ăn thịt. Loài này thường đi thành đàn từ 10-60 con, có khi nhiều hơn. Mặc dù có kích thước lớn nhưng chúng bơi nhanh, linh hoạt và khôn khéo giống như các loài Cá heo có kích thước nhỏ.
Phân bố: Loài cá Ông chuông này được phát hiện tại vùng biển Vịnh Hạ Long, Khánh Hoà, Côn Đảo. Đây là loài thú biển qúy hiếm và có giá trị nghiên cứu khoa học, giúp cân bằng sinh thái tự nhiên trong môi trường biển. Loài này không gặp thường xuyên ở vùng biển nào, nên khó xác định diện tích phân bố. Thỉnh thoảng chúng bị mắc cạn dạt vào bờ hoặc các hải đảo.
Ghi chú: Nơi trưng bày: Khu trưng bày đa dạng sinh học biển"
16,Thú biển,TB.016,Pinnipedia,Phoca largha,"(Pallas, 1811)",Hải cẩu,,21.05.1998,,,,,,,,,"Màu sắc, đặc điểm: Hải cẩu Đốm là loài động vật có đời sống lưỡng cư tự nhiên, có các ngón chân được cấu tạo như mái chèo. Bộ lông ngoài của chúng có màu sáng, phối hợp giữa các màu xám, xám vàng, xám bạc, đồng thời có nhiều đốm ô-van màu tối đồng bộ và nổi bật. Các đốm có kích thước khoảng 1-2 cm và sắp xếp theo những đường song song chạy dọc cơ thể. Trên thân của hải cẩu còn có những vòng sáng xung quanh một số đốm hoặc các vệt sáng không đều. Bụng của chúng có màu trắng bạc và ít đốm hơn lưng. Con non có lông màu trắng hoặc màu khói xám.
Ghi chú: Ngày 21/05/1998 và 17/06/1998, hai con hải cẩu Đốm đã bị bắt ở vùng biển Quảng Ngãi (bên trái) và Quảng Bình (bên phải) tương ứng. Mặc dù Biển Việt Nam nằm hoàn toàn trong vùng nhiệt đới và không có báo cáo về sự hiện diện của loài hải cẩu này, nhưng từ năm 1998 đến nay đã bắt được một số con ở vùng duyên hải miền Trung. Những con hải cẩu này đi theo dòng hải lưu thường kỳ Bắc-Nam từ vùng biển phía Bắc xuống Việt Nam và bị lạc đàn. Hiện có ghi nhận 07 cá thể đã xuất hiện tại Việt Nam. Nơi trưng bày: Khu trưng bày mẫu vật lớn"
17,Cá biển,TB.017,Mobulidae,Manta birostris,"(Walbaum, 1792)",Cá Nạng Hải,Ngoài khơi biển Khánh Hòa,01.01.1990,,,1,1,1,,,,"Màu sắc, đặc điểm: Kích thước mẫu vật: Trọng lượng 1 Tấn.
Sinh học, sinh thái: Cá Nạng hải có lưng đen hoặc nâu, đầu to, miệng rộng nằm phía trước đầu, vây ngực rộng. Ở biển, khi nhìn từ dưới lên, cá giống tấm thảm lớn che trên đầu, khi bơi, chúng đập hai chiếc vây ngực như những chú chim lớn. Cá Nạng hải tuy to lớn nhưng rất hiền lành, không mang gai độc ở đuôi như các loài cá đuối khác. Chúng chủ yếu ăn các loài giáp xác sống trôi nổi. Cá thường sống đơn lẻ, chỉ kết đôi vào mùa sinh sản. Cá con mới sinh đã khá lớn, chiều rộng thân có thể 1,2m. Ở Việt Nam, cá Nạng hải thường sống ở vùng biển miền Trung và vùng biển Tây Nam.
Ghi chú: Cá Nạng hải này bị mắc lưới của ngư dân ở ngoài khơi vùng biển Khánh Hòa vào năm 1990. Nhận thấy đây là mẫu vật có kích thước lớn, hiếm gặp và còn khá nguyên vẹn, Viện Hải dương học đã liên hệ với ngư dân thu mẫu nhằm phục vụ công tác nghiên cứu và trưng bày. Tuy nhiên, vì cá có kích thước lớn khoảng 1 tấn, chiều rộng khoảng 5m, chiều dài 4m nên việc vận chu yển khá khó khăn. Viện đã thuê tàu kéo vào bãi biển của Viện, chờ thủy triều xuống mới tiến hành xử lý mẫu. Thật ngạc nhiên cá có bộ gan khá lớn, nặng hơn 51kg và có vài con cá ép vẫn còn sống trong mang. Sau đó mẫu được xử lý bằng hóa chất trong 1 năm, việc chế tác mẫu thực hiện trong 2 tháng. Vào năm 1992, mẫu cá được đưa vào phòng lưu trữ mẫu vật. Nơi trưng bày: Khu trưng bày đa dạng sinh học biển"
18,Thân mềm,TB.018,Cardiidae,Tridacna gigas,"(Linnaeus, 1758)",Trai tai tượng khổng lồ,Đảo Sinh Tồn - Khánh Hòa,01.01.1981,,,1,1,1,1,,,"Màu sắc, đặc điểm: Kích thước mẫu vật: Trọng lượng 146 Kg. Trai tai tượng đạt kích thước to lớn nhờ cách tiêu thụ đường và protein sản xuất ra từ hàng tỉ cá thể tảo sống trong mô của chúng.Chúng có vỏ cứng, dày và có từ 4-7 nếp gấp dọc trên vỏ. Vỏ của trai tai tượng khổng lồ cũng là nơi trú ẩn của nhiều loài cá nhỏ sống trong rạn san hô. Chúng là loài lưỡng tính có cả cơ quan sinh dục đực và cái tuy nhiên chúng không thể tự thụ tinh mà phải nhờ một cá thể trai khác.
Ghi chú: Mẫu vật thu được từ năm 1981 trong chuyến khảo sát hợp tác Việt - Nga trên tàu Kallisto. Mẫu Trai tai tượng khổng lồ được thu tại đảo Sinh Tồn, quần đảo Trường Sa với trọng lượng 146kg và cần đến gần 10 nhà khoa học với trang bị đồ lặn đầy đủ mới có thể thu được. Kết thúc chuyến khảo sát, Viện Hải dương học giữ 1 mảnh và Viện Tài nguyên và Môi trường biển giữ 1 mảnh. Trai tai tượng (Tridacna gigas) là loài lớn nhất trong ngành thân mềm. Có thể cao 1,3m và nặng hơn 200kg. Mẫu Trai tai tượng trưng bày tại Bảo tàng Hải dương học khi bắt được nặng tới 146kg, riêng khối thịt nặng tới 25kg. Loài Trai này chỉ có một cơ hội duy nhất để có một ngôi nhà đẹp. một khi chúng đã gắn chặt mình vào một chỗ tại rạn đá, chúng sẽ ở tại đó trong suốt cuộc đời của mình. Hiện nay, loài Trai này trên thế giới đã bị khai thác đến mức báo động, và tại một số địa điểm trên thế giới loài này đã hoàn toàn biến mất như ở đảo Fuji (Nhật Bản), Vanuatu, New Caledonia, Đài Loan. Vì thế chúng được đưa vào danh mục các loài Sắp nguy cấp trong Sách đỏ thế giới. Và danh mục Nguy cấp trong sách đỏ Việt nam 1992. Nơi trưng bày: Khu trưng bày tài nguyên biển đảo Hoàng Sa – Trường Sa"
19,Cá biển,TB.019,Scombridae,Scomberomorus sinensis,"(Lacépède, 1800)",Cá Thu song,Vùng biển Việt Nam,11.02.2011,,,,,,,1,,"Ghi chú: Mẫu cá Thu Song được ngư dân Nha Trang đánh bắt ở vùng biển Trường Sa vào ngày 11/02/2011 có chiều dài 2,4m và nặng 70kg (mẫu cá lớn nhất thế giới hiện có chiều dài 2,47m). Theo lời kể của người đánh bắt thì đây là loài cá Thu lớn nhất ông từng thấy trong 50 năm qua nên khi bắt gặp được mẫu cá Thu này, ông đã có ý muốn tặng cho Viện Hải dương học nhằm mục đích nghiên cứu và lưu trữ. Loài cá Thu này có đầu dài, nhọn, dẹp bên. Toàn thân chỉ có một ít vảy nhỏ nằm dọc hai bên phần gai của vi lưng. Vi lưng chia làm 3 phần, vi hậu môn không có gai,vi bụng rất nhỏ, vi đuôi chia làm hai thùy, rãnh chẻ rất sâu, các tia ở giữa ngắn như dầy và rộng. Toàn thân có màu trắng xanh, mặt lưng xậm hơn mặt bụng. các tia vi màu trắng trong, nửa trên của thân có 10 - 12 sọc sậm nằm vắt ngang. Môi trường sống: nước ngọt, nước lợ, nước mặn. Nơi trưng bày: Khu trưng bày tài nguyên biển đảo Hoàng Sa – Trường Sa"
20,Cá biển,TB.020,Scombridae,Thunnus alalunga,"(Bonnaterre, 1788)",Cá Ngừ vây ngực dài,Vùng biển Việt Nam,,,,,,,1,1,,"Sinh học, sinh thái: Loài cá Ngừ này có lưng có màu xanh ánh kim giúp chúng hòa trộn với màu đại dương khi nhìn từ trên xuống. Bụng cá có màu trắng bạc để ngụy trang từ dưới lên. Đuôi cá giống như mảnh trăng lưỡi liềm. Đến tuổi thành thục sinh dục, cá có thể nặng tới 60 kg. Thức ăn gồm động vật giáp xác, mực, và những loài cá khác. Không giống như một số loài cá ngừ khác thường bơi chung với cá heo, Cá ngừ Albacore không bơi chung với cá heo thường xuyên nên chúng sẽ không tranh giành nguồn thức ăn với cá heo.
Ghi chú: Cá Ngừ Albacore là loài cá biển lớn trong họ cá Thu ngừ. Chúng thích những vùng nước ấm và ôn hòa. Loài cá này có giá trị kinh tế cao đối với một số quốc gia và thường được bán tươi hoặc đóng hộp. Cá Ngừ Albacore được phân bố ở khắp các đại dương trên thế giới cũng như ở Địa trung hải. Thịt của chúng có khuynh hướng tích tụ sinh học, có mức thủy ngân cao hơn các loài cá Ngừ khác. Cá trưởng thành được bắt bằng vàng câu có thể chứa mức thủy ngân cao nguy hiểm. Nơi trưng bày: Khu trưng bày tài nguyên biển đảo Hoàng Sa – Trường Sa"
21,Cá biển,TB.021,Rhicodontidae,,"(Smith, 1828)",Cá nhám voi,Quần đảo Hoàng Sa - Trường Sa,29.01.2005,,,,1,,,1,,"Sinh học, sinh thái: Miệng cá nhám voi nằm ngay trước đầu chứ không phải ở phần dưới của đầu, rộng đến 1,5m chứa đến 300 hàm răng giả nhỏ li ti và 20 tấm sừng màng lọc. Cá có năm cặp mang lớn hoạt động như những chiếc rây mịn có khả năng giữ lại các sinh vật có kích thước 1mm. Ước tính cá nhám voi lọc nước trung bình 1,7l/s và tiêu thụ khoảng 21kg sinh vật phù du mỗi ngày. Thức ăn không chỉ là các loài động vật phù du mà còn có các loài giáp xác nhỏ, mực nhỏ, cá nhỏ. Cá nhám voi thụ tinh trong và noãn thai sinh (trứng nở ngay trong bụng mẹ và sinh ra con non). Tháng 7 năm 1996 một con cá nhám voi cái được phát hiện đang mang thai với 300 con non với chiều dài từ 40 - 60 cm. Cá nhám voi có độ tuổi trưởng thành khoảng 30 năm và tuổi thọ từ 80 đến 180 năm. Cá nhám voi được liên minh bảo tồn thiên nhiên quốc tế phân vào diện nguy cấp do tác động của nghề cá, thiệt hại do đánh bắt không chủ ý và va chạm với tàu thuyền.
Phân bố: Cá nhám voi là loài cá duy nhất còn tồn tại trong họ Rhicodontidae, bộ Orectolobiformes - cá mập thảm. Cơ thể thuôn dài có màu xám hơi xanh hoặc nâu. Mặt lưng có các đốm trắng kem xen giữa các sọc nhạt, nhìn như “bàn cờ” độc đáo. Ở mỗi cá thể cá nhám voi hoạ tiết bàn cờ là khác nhau, tựa như dấu vân tay của con người. Cá nhám voi thường sống trong các vùng nước thoáng, vùng biển nhiệt đới và ôn đới ấm. Chúng thường sống đơn độc, nhưng có di cư theo mùa đến kiếm ăn ở vùng biển quen thuộc, tụ tập thành những đàn lớn đến vài trăm con.
Ghi chú: Mẫu cá nhám voi được thu ngày 29/01/2055 tại vùng biển Phú Quý, độ sâu khoảng 200 – 300 mét. Mẫu có chiều dài hơn 5 mét, nặng khoảng 1 tấn do tàu HĐ 174 thuộc Công ty Quốc doanh đánh cá Kiên Giang chuyển giao. Nơi trưng bày: Khu trưng bày đa dạng sinh học biển"
22,Thân mềm,TB.022,Angariidae,Angaria delphinus,"(Linnaeus, 1758)",Ốc mặt trăng đen,Vùng biển Khánh Hòa,,,,,,,1,,,"Màu sắc, đặc điểm: trung bình 4-5 cm. Mẫu lớn nhất có kích cỡ đạt ti 7 cm
Sinh học, sinh thái: Sống trên đá, vùng cận triều
Phân bố: - Thế giới: Vùng biển Ấn Độ - Thái Bình Dương - Việt Nam: Vùng biển Khánh Hòa, đảo Phú Quốc, Côn Đảo, vv…
Ứng dụng: dùng làm hàng mỹ nghệ
Ghi chú: Nơi trưng bày: Khu trưng bày tài nguyên Hoàng Sa - Trường Sa."
23,Thân mềm,TB.023,Bursidae,Tutufa rubeta,"(Roeding, 1798)",Ốc tù và gai miệng đỏ,Vùng biển Quảng Ngãi,,,,,,,1,,,"Màu sắc, đặc điểm: trung bình 8-12 cm. Mẫu lớn nhất có kích cỡ đạt tới 15 cm
Sinh học, sinh thái: Sống ở vùng dưới triều
Phân bố: - Thế giới: Vùng biển Ấn Độ - Thái Bình Dương (Abbott & Dance, 1986) - Việt Nam: Vùng biển Quảng Ngãi, Khánh Hòa, Ninh Thuận, vv….
Ứng dụng: dùng làm hàng mỹ nghệ.
Ghi chú: Nơi trưng bày: Khu trưng bày tài nguyên Hoàng Sa - Trường Sa."
24,Thân mềm,TB.024,Bursidae,Tutufa bubo,"(Linnaeus, 1758)",Ốc tù và gai lớn,Vùng biển Quảng Ngãi,,,,,,,1,,,"Màu sắc, đặc điểm: trung bình 20-25 cm. Mẫu lớn nhất có kích cỡ đạt tới 34 cm
Sinh học, sinh thái: Sống ở vùng triều đến vùng dưới triều
Phân bố: - Thế giới: Vùng biển Ấn Độ - Thái Bình Dương - Việt Nam: Vùng biển Quảng Ngãi, Khánh Hòa, Ninh Thuận, vv…
Ứng dụng: dùng làm hàng mỹ nghệ.
Ghi chú: Nơi trưng bày: Khu trưng bày tài nguyên Hoàng Sa - Trường Sa."
25,Thân mềm,TB.025,Cassidae,Phalium glaucum,"(Linnaeus, 1758)",Ốc mũ vua xám,Vùng biển Bình Định,,,,,,,1,,,"Màu sắc, đặc điểm: trung bình 7-10 cm. Mẫu lớn nhất có kích cỡ đạt tới 14 cm
Sinh học, sinh thái: Sống nơi đáy cát, độ sâu từ 10-50 m nước
Phân bố: - Thế giới: Vùng biển Ấn Độ - Thái Bình Dương - Việt Nam: Vùng biển Bình Định, Khánh Hòa, Ninh Thuận, Bình Thuận, Long Hải, vv….
Ứng dụng: dùng làm hàng mỹ nghệ.
Ghi chú: Nơi trưng bày: Khu trưng bày tài nguyên Hoàng Sa - Trường Sa."
26,Thân mềm,TB.026,Cassidae,Cypraecassis rufa,"(Linnaeus, 1758)",Ốc kim khôi đỏ,Vùng biển Phú Quí,,,,,,,1,,,"Màu sắc, đặc điểm: trung bình 14-17cm. Mẫu lớn nhất có kích cỡ đạt tới 20 cm
Sinh học, sinh thái: Sống ở vùng rạn san hô chết, độ sâu từ 1-20 m
Phân bố: - Thế giới: Vùng biển Ấn Độ - Tây Thái Bình Dương - Việt Nam: Vùng biển Phú Quí, vv…
Ứng dụng: dùng làm hàng mỹ nghệ.
Ghi chú: Nơi trưng bày: Khu trưng bày tài nguyên Hoàng Sa - Trường Sa."
27,Thân mềm,TB.027,Conidae,Conus leopardus,"(Röding, 1798)",Ốc cối hạt mè trắng,Vùng biển Quảng Ngãi,,,,,,,1,,,"Màu sắc, đặc điểm: trung bình 7-13cm. Mẫu lớn nhất có kích cỡ đạt tới 17 cm
Sinh học, sinh thái: Sống ở đáy cát quanh các rạn đá và san hô, vùng triều đến độ sâu 40 m
Phân bố: - Thế giới: Vùng biển Ấn Độ - Tây Thái Bình Dương - Việt Nam: Vùng biển Quảng Ngãi, Khánh Hòa, vv…
Ứng dụng: dùng làm hàng mỹ nghệ.
Ghi chú: Nơi trưng bày: Khu trưng bày tài nguyên Hoàng Sa - Trường Sa."
28,Thân mềm,TB.028,Conidae,"Conus litteratus Linnaeus, 1758","(Linnaeus, 1758)",Ốc cối đầu tím,Quần đảo Hoàng Sa - Trường Sa,,,,,,,1,,,"Màu sắc, đặc điểm: trung bình 7-12 cm. Mẫu lớn nhất có kích cỡ đạt tới 18 cm
Sinh học, sinh thái: Sống ở đáy cát hoặc bùn quanh các rạn đá, rạn san hô, độ sâu từ 1-50 m
Phân bố: - Thế giới: Vùng biển Ấn Độ - Tây Thái Bình Dương - Việt Nam: Dọc ven biển Việt Nam
Ứng dụng: dùng làm hàng mỹ nghệ
Ghi chú: Nơi trưng bày: Khu trưng bày tài nguyên Hoàng Sa - Trường Sa."
29,Thân mềm,TB.029,Cymatiidae,Lotoria lotoria,"(Linnaeus, 1758)",Ốc mỏ két vệt đen,Vùng biển Quảng Ngãi,,,,,,,1,,,"Màu sắc, đặc điểm: trung bình 6-8 cm. Mẫu lớn nhất có kích cỡ đạt tới 13 cm
Sinh học, sinh thái: Sống ở rạn san hô, vùng nước nông
Phân bố: - Thế giới: Vùng biển Ấn Độ - Thái Bình Dương - Việt Nam: Vùng biển Quảng Ngãi, Khánh Hòa, vv…
Ứng dụng: dùng làm hàng mỹ nghệ.
Ghi chú: Nơi trưng bày: Khu trưng bày tài nguyên Hoàng Sa - Trường Sa."
30,Thân mềm,TB.030,Cypraeidae,Arestorides argus,"(Linnaeus, 1758)",Ốc sứ mắt trĩ,Quần đảo Hoàng Sa - Trường Sa,,,,,,,,,,Ghi chú: Nơi trưng bày: Khu trưng bày tài nguyên Hoàng Sa - Trường Sa.
31,Thân mềm,TB.031,Cypraeidae,Leporicypraea mappa,"(Linnaeus, 1758)",Ốc sứ bản đồ,Vùng biển Quảng Ngãi,,,,,,,1,,,"Màu sắc, đặc điểm: trung bình 7-9 cm. Mẫu lớn nhất có kích cỡ đạt tới 10 cm
Sinh học, sinh thái: Sống ở rạn san hô, vùng dưới triều đến độ sâu 30 m
Phân bố: - Thế giới: Vùng biển Ấn Độ - Thái Bình Dương - Việt Nam: Vùng biển Quảng Ngãi, Khánh Hòa, Phú Quốc, vv…
Ứng dụng: dùng làm hàng mỹ nghệ
Ghi chú: Nơi trưng bày: Khu trưng bày tài nguyên Hoàng Sa - Trường Sa."
32,Thân mềm,TB.032,Cypraeidae,Chelycypraea testudinaria,"(Linnaeus, 1758)",Ốc heo dài,Vùng biển Khánh Hòa,,,,,,,1,,,"Màu sắc, đặc điểm: trung bình 10-12 cm. Mẫu lớn nhất có kích cỡ đạt tới 14 cm
Sinh học, sinh thái: Sống trên đá, rạn san hô, độ sâu từ 10-30 m
Phân bố: - Thế giới: Vùng biển Ấn Độ - Tây Thái Bình Dương - Việt Nam: Vùng biển Khánh Hòa, Phú Quý, vv…
Ứng dụng: dùng làm hàng mỹ nghệ
Ghi chú: Nơi trưng bày: Khu trưng bày tài nguyên Hoàng Sa - Trường Sa."
33,Thân mềm,TB.033,Cypraeidae,Lyncina leviathan,"(Schilder & Schilder, 1937)",Ốc sứ sọc đỏ,Vùng biển Khánh Hòa,,,,,,,1,,,"Màu sắc, đặc điểm: trung bình 2-6 cm. Mẫu lớn nhất có kích cỡ đạt tới 9 cm
Sinh học, sinh thái: Sống trên đá, rạn san hô, độ sâu từ 1-35 m
Phân bố: - Thế giới: Vùng biển Ấn Độ - Tây Thái Bình Dương - Việt Nam: Vùng biển Khánh Hòa, Côn Đảo, vv…
Ứng dụng: dùng làm hàng mỹ nghệ
Ghi chú: Nơi trưng bày: Khu trưng bày tài nguyên Hoàng Sa - Trường Sa."
34,Thân mềm,TB.034,Cypraeidae,Talparia talpa,"(Linnaeus, 1758)",Ốc chuột chũi,Vùng biển Quảng Ngãi,,,,,,,1,,,"Màu sắc, đặc điểm: trung bình 6-8 cm. Mẫu lớn nhất có kích cỡ đạt tới 13 cm
Sinh học, sinh thái: Sống trên đá, rạn san hô, độ sâu từ 1-35 m
Phân bố: - Thế giới: Vùng biển Ấn Độ - Thái Bình Dương - Việt Nam: Vùng biển Quảng Ngãi, Khánh Hòa, Ninh Thuận, Phú Quốc, vv…
Ứng dụng: dùng làm hàng mỹ nghệ
Ghi chú: Nơi trưng bày: Khu trưng bày tài nguyên Hoàng Sa - Trường Sa."
35,Thân mềm,TB.035,Fasciolariidae,Marmorofusus nicobaricus,"(Roeding, 1798)",Ốc thoi vệt nâu,Vùng biển Quảng Ngãi,,,,,,,1,,,"Màu sắc, đặc điểm: trung bình 8-10 cm. Mẫu lớn nhất có kích cỡ đạt tới 14 cm
Sinh học, sinh thái: Sống trên đá, độ sâu từ 50-100 m
Phân bố: - Thế giới: Vùng biển Ấn Độ - Thái Bình Dương - Việt Nam: Vùng biển Quảng Ngãi, Khánh Hòa, Ninh Thuận, Bình Thuận,
Ứng dụng: dùng làm hàng mỹ nghệ
Ghi chú: Nơi trưng bày: Khu trưng bày tài nguyên Hoàng Sa - Trường Sa."
36,Thân mềm,TB.036,Harpidae,Harpa major,"(Roeding, 1798)",Ốc khế lớn,Vùng biển Nghệ An,,,,,,,1,,,"Màu sắc, đặc điểm: trung bình 6-8 cm. Mẫu lớn nhất có kích cỡ đạt tới 11 cm
Sinh học, sinh thái: Sống nơi đáy cát, độ sâu từ 5-30 m
Phân bố: - Thế giới: Vùng biển Ấn Độ - Thái Bình Dương - Việt Nam: Vùng biển Nghệ An, Hà Tĩnh, Quảng Ngãi, Khánh Hòa, Ninh Thuận, Bình Thuận, vv…
Ứng dụng: dùng làm hàng mỹ nghệ.
Ghi chú: Nơi trưng bày: Khu trưng bày tài nguyên Hoàng Sa - Trường Sa."
37,Thân mềm,TB.037,Mitridae,Mitra papalis,"(Linnaeus, 1758)",Ốc ớt đỏ có ngấn,Vùng biển Khánh Hòa,,,,,,,1,,,"Màu sắc, đặc điểm: trung bình 10-14 cm. Mẫu lớn nhất có kích cỡ đạt tới 16 cm
Sinh học, sinh thái: Sống nơi đáy cát vùng dưới triều đến độ sâu 20 m
Phân bố: - Thế giới: Vùng biển Ấn Độ - Thái Bình Dương - Việt Nam: Vùng biển Khánh Hòa, Ninh Thuận, Bình Thuận, vv…
Ứng dụng: dùng làm hàng mỹ nghệ.
Ghi chú: Nơi trưng bày: Khu trưng bày tài nguyên Hoàng Sa - Trường Sa."
38,Thân mềm,TB.038,Mitridae,Mitra mitra,"(Linnaeus, 1758)",Ốc ớt chấm cam,Vùng biển Bình Định,,,,,,,1,,,"Màu sắc, đặc điểm: trung bình 9-11 cm. Mẫu lớn nhất có kích cỡ đạt tới 13 cm
Sinh học, sinh thái: Sống ở đáy cát vùng dưới triều đến độ sâu 20 m
Phân bố: - Thế giới: Vùng biển Ấn Độ - Thái Bình Dương - Việt Nam: Vùng biển Bình Định, Khánh Hòa, Ninh Thuận, Phú Quý, vv…
Ứng dụng: dùng làm hàng mỹ nghệ.
Ghi chú: Nơi trưng bày: Khu trưng bày tài nguyên Hoàng Sa - Trường Sa."
39,Thân mềm,TB.039,Muricidae,Murex pecten,"(Lightfoot, 1786)",Ốc gai lược,Vùng biển Khánh Hòa,,,,,,,1,,,"Màu sắc, đặc điểm: trung bình 8-10 cm. Mẫu lớn nhất có kích cỡ đạt tới 13 cm
Sinh học, sinh thái: Sống nơi đáy cát, độ sâu từ 10-50 m
Phân bố: - Thế giới: Vùng biển Ấn Độ - Thái Bình Dương - Việt Nam: Vùng biển Khánh Hòa, Ninh Thuận, vv….
Ứng dụng: dùng làm hàng mỹ nghệ
Ghi chú: Nơi trưng bày: Khu trưng bày tài nguyên Hoàng Sa - Trường Sa."
40,Thân mềm,TB.040,Muricidae,Rapana rapiformis,"(Born, 1778)",Ốc gai miệng rộng,Vùng biển Nghệ An,,,,,,,1,,,"Màu sắc, đặc điểm: trung bình 8-10 cm. Mẫu lớn nhất có kích cỡ đạt tới 14 cm
Sinh học, sinh thái: Sống ở nơi đáy bùn cát, vùng dưới triều đến độ sâu 20 m
Phân bố: - Thế giới: Vùng biển Đông Nam Á; Đông Ấn Độ Dương - Việt Nam: Vùng biển Nghệ An, Hà Tĩnh, Quảng Ngãi, Khánh Hòa, Ninh Thuận, Bình Thuận, vv…
Ứng dụng: dùng làm hàng mỹ nghệ
Ghi chú: Nơi trưng bày: Khu trưng bày tài nguyên Hoàng Sa - Trường Sa."
41,Thân mềm,TB.041,Muricidae,Haustellum haustellum,"(Linnaeus, 1758)",Ốc ống điếu,Vùng biển Quảng Ngãi,,,,,,,1,,,"Màu sắc, đặc điểm: trung bình 10-12 cm. Mẫu lớn nhất có kích cỡ đạt tới 14 cm
Sinh học, sinh thái: Sống ở vùng dưới triều đến độ sâu 100 m
Phân bố: - Thế giới: Vùng biển Ấn Độ - Thái Bình Dương - Việt Nam: Vùng biển Quảng Ngãi, Khánh Hòa, Ninh Thuận, Bình Thuận, vv….
Ứng dụng: dùng làm hàng mỹ nghệ
Ghi chú: Nơi trưng bày: Khu trưng bày tài nguyên Hoàng Sa - Trường Sa."
42,Thân mềm,TB.042,Muricidae,Chicoreus asianus,"(Kuroda, 1942)",Ốc gai trắng nhỏ,Vùng biển Quảng Ngãi,,,,,,,1,,,"Màu sắc, đặc điểm: trung bình 9-12 cm. Mẫu lớn nhất có kích cỡ đạt tới 15 cm
Sinh học, sinh thái: Sống ở các rạn đá, vùng dưới triều đến độ sâu 30 m
Phân bố: - Thế giới: Vùng biển Đài Loan, Trung Quốc - Việt Nam: Vùng biển Quảng Ngãi, Khánh Hòa, vv…
Ứng dụng: dùng làm hàng mỹ nghệ
Ghi chú: Nơi trưng bày: Khu trưng bày tài nguyên Hoàng Sa - Trường Sa."
43,Thân mềm,TB.043,Ovulidae,Ovula ovum,"(Linnaeus, 1758)",Ốc sứ trắng,Vùng biển Quảng Ngãi,,,,,,,1,,,"Màu sắc, đặc điểm: trung bình 6-8 cm. Mẫu lớn nhất có kích cỡ đạt tới 13 cm
Sinh học, sinh thái: Sống trong rạn san hô, vùng dưới triều đến độ sâu 20 m
Phân bố: - Thế giới: Vùng biển Ấn Độ - Thái Bình Dương - Việt Nam: Vùng biển Quảng Ngãi, Khánh Hòa, Ninh Thuận, vv….
Ứng dụng: dùng làm hàng mỹ nghệ.
Ghi chú: Nơi trưng bày: Khu trưng bày tài nguyên Hoàng Sa - Trường Sa."
44,Thân mềm,TB.044,Rostellariidae,Tibia fusus,"(Linnaeus, 1758)",Ốc ngòi viết,Vùng biển Khánh Hòa,,,,,,,1,,,"Màu sắc, đặc điểm: trung bình 15-18cm. Mẫu lớn nhất có kích cỡ đạt tới 25 cm
Sinh học, sinh thái: Sống ở đáy cát, độ sâu từ 5-50 m
Phân bố: - Thế giới: Vùng biển Ấn Độ - Tây Thái Bình Dương - Việt Nam: Vùng biển Khánh Hòa, vv…
Ứng dụng: dùng làm hàng mỹ nghệ.
Ghi chú: Nơi trưng bày: Khu trưng bày tài nguyên Hoàng Sa - Trường Sa."
45,Thân mềm,TB.045,Strombidae,Lambis crocata,"(Link, 1807)",Ốc tắc kè cam,Vùng biển Khánh Hòa,,,,,,,1,,,"Màu sắc, đặc điểm: trung bình 13-18 cm. Mẫu lớn nhất có kích cỡ đạt tới 20 cm
Sinh học, sinh thái: Sống ở rạn san hô, vùng triều đến độ sâu 20 m
Phân bố: - Thế giới: Vùng biển Ấn Độ – Tây Thái Bình Dương - Việt Nam: Vùng biển Khánh Hòa, Ninh Thuận, Bình Thuận, Phú Quốc, vv
Ứng dụng: dùng làm hàng mỹ nghệ
Ghi chú: Nơi trưng bày: Khu trưng bày tài nguyên Hoàng Sa - Trường Sa."
46,Thân mềm,TB.046,Strombidae,Lambis scorpius,"(Linnaeus, 1758)",Ốc tắc kè  (ốc bò cạp),Vùng biển Khánh Hòa,,,,,,,1,,,"Màu sắc, đặc điểm: trung bình 13-18 cm. Mẫu lớn nhất có kích cỡ đạt tới 25cm
Sinh học, sinh thái: Sống ở đáy cát trong vùng rạn san hô
Phân bố: -Thế giới: Vùng biển Tây Thái Bình Dương - Việt Nam: Vùng biển Khánh Hòa, Ninh Thuận, Côn Đảo, vv…
Ứng dụng: dùng làm hàng mỹ nghệ
Ghi chú: Nơi trưng bày: Khu trưng bày tài nguyên Hoàng Sa - Trường Sa."
47,Thân mềm,TB.047,Strombidae,Lentigo lentiginosus,"(Linnaeus, 1758)",Ốc nhảy da cóc,Vùng biển Quảng Ngãi,,,,,,,1,,,"Màu sắc, đặc điểm: trung bình 7-8 cm. Mẫu lớn nhất có kích cỡ đạt tới 9 cm
Sinh học, sinh thái: Sống đáy cát vùng rạn san hô
Phân bố: - Thế giới: Vùng biển Ấn Độ - Thái Bình Dương - Việt Nam: Vùng biển Quảng Ngãi, Khánh Hòa, Ninh Thuận, vv…
Ứng dụng: dùng làm hàng mỹ nghệ
Ghi chú: Nơi trưng bày: Khu trưng bày tài nguyên Hoàng Sa - Trường Sa."
48,Thân mềm,TB.048,Strombidae,Sinustrombus latissimus,"(Linnaeus, 1758)",Ốc bẹ trơn,Vùng biển Khánh Hòa,,,,,,,1,1,,"Màu sắc, đặc điểm: trung bình 15-17 cm. Mẫu lớn nhất có kích cỡ đạt tới 20 cm
Sinh học, sinh thái: Sống ở rạn san hô, độ sâu 10 m
Phân bố: - Thế giới: Vùng biển Tây Nam Thái Bình Dương - Việt Nam: Vùng biển Khánh Hòa, Bình Thuận, vv…
Ứng dụng: dùng làm thực phẩm và hàng mỹ nghệ
Ghi chú: Nơi trưng bày: Khu trưng bày tài nguyên Hoàng Sa - Trường Sa."
49,Thân mềm,TB.049,Strombidae,Sinustrombus sinuatus,"(Humphrey, 1786)",Ốc nhảy miệng tím,Vùng biển Khánh Hòa,,,,,,,1,,,"Màu sắc, đặc điểm: trung bình 10-12 cm. Mẫu lớn nhất có kích cỡ đạt tới 15 cm
Sinh học, sinh thái: Sống ở đáy cát nơi có rạn san hô, vùng dưới triều, độ sâu từ 5 -17 m nước. Sống ở rạn san hô, vùng triều đến độ sâu 20 m
Phân bố: - Thế giới: Vùng biển Tây Nam Thái Bình Dương - Việt Nam: Vùng biển Khánh Hòa, Ninh Thuận, vv…
Ứng dụng: dùng làm hàng mỹ nghệ
Ghi chú: Nơi trưng bày: Khu trưng bày tài nguyên Hoàng Sa - Trường Sa."
50,Thân mềm,TB.050,Strombidae,Strombus aratrum,"(Roeding, 1798)",Ốc én đen,Vùng biển Quảng Ngãi,,,,,,,1,,,"Màu sắc, đặc điểm: trung bình 7-8 cm. Mẫu lớn nhất có kích cỡ đạt tới 11 cm
Sinh học, sinh thái: Sống ở đáy cát vùng rạn san hô, độ sâu từ 1-20 m
Phân bố: - Thế giới: Vùng biển Ấn Độ - Tây Thái Bình Dương - Việt Nam: Vùng biển Quảng Ngãi, Khánh Hòa, Ninh Thuận, Bình Thuận, Côn Đảo, vv….
Ứng dụng: dùng làm hàng mỹ nghệ
Ghi chú: Nơi trưng bày: Khu trưng bày tài nguyên Hoàng Sa - Trường Sa."
51,Thân mềm,TB.051,Strombidae,Strombus bulla,"(Roeding, 1798)",Ốc én trắng miệng đỏ,Vùng biển Khánh Hòa,,,,,,,1,,,"Màu sắc, đặc điểm: trung bình 6-7 cm. Mẫu lớn nhất có kích cỡ đạt tới 8 cm
Sinh học, sinh thái: Sống ở đáy cát, đọ sâu 1-20 m
Phân bố: - Thế giới: Vùng biển Ấn Độ - Thái Bình Dương - Việt Nam: Vùng biển Khánh Hòa, Ninh Thuận, Bình Thuận, vv…
Ứng dụng: dùng làm hàng mỹ nghệ
Ghi chú: Nơi trưng bày: Khu trưng bày tài nguyên Hoàng Sa - Trường Sa."
52,Thân mềm,TB.052,Tegulidae,Tectus pyramis,"(Born, 1778)",Ốc đụn đực,Vùng biển Quảng Ninh,,,,,,,1,1,,"Màu sắc, đặc điểm: trung bình 6-7 cm. Mẫu lớn nhất có kích cỡ đạt tới 10 cm
Sinh học, sinh thái: Sống trên đá ở vùng dưới triều (Okutani, 2000)
Phân bố: - Thế giới: Vùng biển Ấn Độ - Thái Bình Dương - Việt Nam: Vùng biển Quảng Ninh, Hải Phòng, Khánh Hòa, Côn Đảo, vv…
Ứng dụng: dùng làm thực phẩm và hàng mỹ nghệ.
Ghi chú: Nơi trưng bày: Khu trưng bày tài nguyên Hoàng Sa - Trường Sa."
53,Thân mềm,TB.053,Terebridae,Terebra maculata,"(Linnaeus, 1758)",Ốc măng lớn,Vùng biển Quảng Ngãi,,,,,,,1,,,"Màu sắc, đặc điểm: trung bình 12-16 cm. Mẫu lớn nhất có kích cỡ đạt tới 23 cm
Sinh học, sinh thái: Sống nơi đáy cát, vùng triều đến vùng dưới triều
Phân bố: - Thế giới: Vùng biển Ấn Độ - Thái Bình Dương - Việt Nam: Vùng biển Quảng Ngãi, Khánh Hòa, Ninh Thuận, Phú Quý, Long Hải, vv…
Ứng dụng: dùng làm hàng mỹ nghệ.
Ghi chú: Nơi trưng bày: Khu trưng bày tài nguyên Hoàng Sa - Trường Sa."
54,Thân mềm,TB.054,Tonnidae,Tonna galea,"(Linnaeus, 1758)",Ốc dấm nâu,Vùng biển các tỉnh phía Bắc,,,,,,,1,,,"Màu sắc, đặc điểm: trung bình 12-20 cm. Mẫu lớn nhất có kích cỡ đạt tới 28 cm
Sinh học, sinh thái: Sống ở nơi đáy cát, độ sâu từ 10-50 m
Phân bố: - Thế giới: Vùng biển Ấn Độ - Thái Bình Dương - Việt Nam: Vùng biển các tỉnh phía Bắc, Khánh Hòa, vv…
Ứng dụng: dùng làm hàng mỹ nghệ
Ghi chú: Nơi trưng bày: Khu trưng bày tài nguyên Hoàng Sa - Trường Sa."
55,Thân mềm,TB.055,Turbinellidae,Vasum ceramicum,"(Linnaeus, 1758)",Ốc mãng cầu lớn,Vùng biển Quảng Ngãi,,,,,,,1,,,"Màu sắc, đặc điểm: trung bình 10-13cm. Mẫu lớn nhất có kích cỡ đạt tới 15 cm
Sinh học, sinh thái: Sống trên các gờ rạn đá ở vùng triểu đến độ sâu 5 m
Phân bố: - Thế giới: Vùng biển Ấn Độ - Thái Bình Dương - Việt Nam: Vùng biển Quảng Ngãi, Ninh Thuận, vv…
Ứng dụng: dùng làm hàng mỹ nghệ.
Ghi chú: Nơi trưng bày: Khu trưng bày tài nguyên Hoàng Sa - Trường Sa."
56,Thân mềm,TB.056,Turbinidae,Turbo petholatus,"(Linnaeus, 1758)",Ốc mặt trăng đỏ,Vùng biển Quảng Ngãi,,,,,,,1,,,"Màu sắc, đặc điểm: trung bình 6-8 cm. Mẫu lớn nhất có kích cỡ đạt tới 12 cm
Sinh học, sinh thái: Sống ở rạn san hô, độ sâu từ 1 đến 30 m
Phân bố: - Thế giới: Tây Thái Bình Dương - Việt Nam: Vùng biển Quảng Ngãi, Khánh Hòa, Ninh Thuận, Phú Quốc, vv…
Ứng dụng: dùng làm hàng mỹ nghệ.
Ghi chú: Nơi trưng bày: Khu trưng bày tài nguyên Hoàng Sa - Trường Sa."
57,Thân mềm,TB.057,Turbinidae,Bolma girgyllus,"(Reeve, 1861)",Ốc nón gai,Vùng biển Quảng Ngãi,,,,,,,1,,,"Màu sắc, đặc điểm: trung bình 4-5cm. Mẫu lớn nhất có kích cỡ đạt tới 7 cm
Sinh học, sinh thái: Sống trên đá, độ sâu từ 50-200 m
Phân bố: - Thế giới: Vùng biển Tây Thái Bình Dương - Việt Nam: Vùng biển Quảng Ngãi, vv…
Ứng dụng: dùng làm hàng mỹ nghệ.
Ghi chú: Nơi trưng bày: Khu trưng bày tài nguyên Hoàng Sa - Trường Sa."
58,Thân mềm,TB.058,Volutidae,Callipara kurodai,"(Kawamura, 1964)",Ốc ca-rô,Vùng biển Quảng Ngãi,,,,,,,1,,,"Màu sắc, đặc điểm: trung bình 8-10 cm. Mẫu lớn nhất có kích cỡ đạt tới 12 cm
Sinh học, sinh thái: Sống nơi đáy bùn, độ sâu từ 40-70 m
Phân bố: - Thế giới: Vùng biển Đài Loan - Việt Nam: Vùng biển Quảng Ngãi, Phú Yên, Khánh Hòa, Ninh Thuận, vv….
Ứng dụng: dùng làm hàng mỹ nghệ
Ghi chú: Nơi trưng bày: Khu trưng bày tài nguyên Hoàng Sa - Trường Sa."
59,Thân mềm,TB.059,Volutidae,Cymbiola nobilis,"(Lightfoot, 1786)",Ốc sọ dừa,Vùng biển Khánh Hòa,,,,,,,1,,,"Màu sắc, đặc điểm: trung bình 8-12 cm. Mẫu lớn nhất có kích cỡ đạt tới 20 cm.
Sinh học, sinh thái: Sống ở vùng dưới đến độ sâu 100 m
Phân bố: - Thế giới: Vùng biển Đài Loan đến Singapore - Việt Nam: Vùng biển Khánh Hòa, Ninh Thuận, Bình Thuận, Long Hải, Cần Giờ, Phú Quốc, vv…
Ứng dụng: dùng làm hàng mỹ nghệ
Ghi chú: Nơi trưng bày: Khu trưng bày tài nguyên Hoàng Sa - Trường Sa."
60,Thân mềm,TB.060,Volutidae,Melo melo,"(Lightfoot, 1786)",Ốc gáo,Vùng biển Quảng Ngãi,,,,,,,1,,,"Màu sắc, đặc điểm: trung bình 17-24 cm. Mẫu lớn nhất có kích cỡ đạt tới 30 cm
Sinh học, sinh thái: Vùng dưới triều triều đến độ sâu 70 m
Phân bố: - Thế giới: Biển Đông - Việt Nam: Vùng biển Quảng Ngãi, Bình Định, Phú Yên, Khánh Hòa, Phan Thiết, đảo Phú Quốc, vv…
Ứng dụng: dùng làm hàng mỹ nghệ
Ghi chú: Nơi trưng bày: Khu trưng bày tài nguyên Hoàng Sa - Trường Sa."
61,Thân mềm,TB.061,Pisaniidae,Cantharus melanostoma,"(Sowerby I, 1825)",Ốc đá má đen,Vùng biển Quảng Ngãi,,,,,,,1,,,"Màu sắc, đặc điểm: trung bình 5-6cm. Mẫu lớn nhất có kích cỡ đạt tới 8 cm
Sinh học, sinh thái: Sống trên các rạn đá, độ sâu từ 1-15 m
Phân bố: - Thế giới: Vùng biển Ấn Độ - Tây Thái Bình Dương - Việt Nam: Vùng biển Quảng Ngãi, Khánh Hòa, vv…
Ứng dụng: dùng làm hàng mỹ nghệ.
Ghi chú: Nơi trưng bày: Khu trưng bày tài nguyên Hoàng Sa - Trường Sa."
62,Thân mềm,TB.062,Conidae,Conus imperialis,"(Linnaeus, 1758)",Ốc cối vua,Vùng biển Khánh Hòa,,,,,,,1,,,"Màu sắc, đặc điểm: trung bình 6-8 cm. Mẫu lớn nhất có kích cỡ đạt tới 10 cm
Sinh học, sinh thái: Sống ở đáy cát và đá vùng rạn san hô, độ sâu từ 1-75 m
Phân bố: - Thế giới: Vùng biển Ấn Độ - Thái Bình Dương - Việt Nam: Vùng biển Khánh Hòa, Ninh Thuận, Côn Đảo, vv…
Ứng dụng: dùng làm hàng mỹ nghệ
Ghi chú: Nơi trưng bày: Khu trưng bày tài nguyên Hoàng Sa - Trường Sa."
63,Thân mềm,TB.063,Cymatiidae,Monoplex pilearis,"(Linnaeus, 1758)",Ốc lông,Vùng biển Quảng Ngãi,,,,,,,1,,,"Màu sắc, đặc điểm: trung bình 5-7 cm. Mẫu lớn nhất có kích cỡ đạt tới 10 cm
Sinh học, sinh thái: Sống trên đá vùng triều
Phân bố: - Thế giới: Vùng biển Ấn Độ - Thái Bình Dương, phía tây Atlantic - Việt Nam: Vùng biển Quảng Ngãi, Khánh Hòa, Ninh Thuận, Bình Thuận, Côn Đảo, vv….
Ứng dụng: dùng làm hàng mỹ nghệ.
Ghi chú: Nơi trưng bày: Khu trưng bày tài nguyên Hoàng Sa - Trường Sa."
64,Thân mềm,TB.064,Muricidae,Chicoreus brunneus,"(Link, 1807)",Ốc gai đen,Vùng biển Quảng Ngãi,,,,,,,1,,,"Màu sắc, đặc điểm: trung bình 5-7 cm. Mẫu lớn nhất có kích cỡ đạt tới 10 cm
Sinh học, sinh thái: Sống trên đá vùng triều đến vùng dưới triều
Phân bố: - Thế giới: Vùng biển Tây Nam Thái Bình Dương - Việt Nam: Vùng biển Quảng Ngãi, Khánh Hòa, Bình Thuận, vv…
Ứng dụng: dùng làm hàng mỹ nghệ
Ghi chú: Nơi trưng bày: Khu trưng bày tài nguyên Hoàng Sa - Trường Sa."
65,Thân mềm,TB.065,Cephalaspidea,Bulla ampulla,"(Linnaeus, 1758)",Ốc trứng tròn nâu,Vùng biển Quảng Ngãi,,,,,,,1,,,"Màu sắc, đặc điểm: trung bình 3-4 cm. Mẫu lớn nhất có kích cỡ đạt tới 6 cm
Sinh học, sinh thái: Sống ở đáy bùn, trên các rạn đá ở vùng dưới triều đến độ sâu 100 m
Phân bố: - Thế giới: Vùng biển Ấn Độ - Thái Bình Dương, đông nam Atlantic - Việt Nam: Vùng biển Quảng Ngãi, Khánh Hòa, Ninh Thuận, ven biển phía Nam, vv…
Ứng dụng: dùng làm hàng mỹ nghệ.
Ghi chú: Nơi trưng bày: Khu trưng bày tài nguyên Hoàng Sa - Trường Sa."
66,Thân mềm,TB.066,Muricidae,Chicoreus microphyllus,"(Lamarck, 1816)",Ốc gai nâu,Vùng biển Quảng Ngãi,,,,,,,1,,,"Màu sắc, đặc điểm: trung bình 6-8cm. Mẫu lớn nhất có kích cỡ đạt tới 10 cm
Sinh học, sinh thái: Sống ở các rạn đá vùng dưới triều đến độ sâu từ 20 m
Phân bố: - Thế giới: Vùng biển Ấn Độ - Tây Thái Bình Dương - Việt Nam: Vùng biển Quảng Ngãi, Khánh Hòa, Ninh Thuận vv…
Ứng dụng: dùng làm hàng mỹ nghệ.
Ghi chú: Nơi trưng bày: Khu trưng bày tài nguyên Hoàng Sa - Trường Sa."
67,Thân mềm,TB.067,Cypraeidae,Cypraea tigris,"(Linnaeus, 1758)",Ốc sứ vân hổ,Vùng biển các tỉnh phía Bắc,,,,,,,1,,,"Màu sắc, đặc điểm: trung bình 8 - 12cm. Mẫu lớn nhất có kích cỡ đạt tới 14 cm
Sinh học, sinh thái: Sống trên đá, rạn san hô, vùng triều đến độ sâu 40 m
Phân bố: - Thế giới: Vùng biển Tây Nam Thái Bình Dương - Việt Nam: Vùng biển các tỉnh phía Bắc, Quảng Ngãi, Khánh Hòa, Ninh Thuận, Bình Thuận, Phú Quốc, vv…
Ứng dụng: dùng làm hàng mỹ nghệ.
Ghi chú: Nơi trưng bày: Khu trưng bày tài nguyên Hoàng Sa - Trường Sa."
68,Thân mềm,TB.068,Mactridae,Lutraria rhynchaena,"(Jonas, 1844)",Tu hài,Vùng biển Hải Phòng,,,,,,,,1,,"Màu sắc, đặc điểm: trung bình 6-8cm. Mẫu lớn nhất có kích cỡ đạt tới 12 cm
Sinh học, sinh thái: Sống ở đáy cát, độ sâu 10-40 m
Phân bố: - Thế giới: Vùng biển Ấn Độ - Tây Thái Bình Dương - Việt Nam: Vùng biển Hải Phòng, Quảng Ninh, Khánh Hòa, vv…
Ứng dụng: dùng làm thực phẩm
Ghi chú: Nơi trưng bày: Khu trưng bày tài nguyên Hoàng Sa - Trường Sa."
69,Thân mềm,TB.069,Cardiidae,Vasticardium flavum,"(Linnaeus, 1758)",Sò nứa,Vùng biển Quảng Ninh,,,,,,,,1,,"Màu sắc, đặc điểm: trung bình 4-5cm. Mẫu lớn nhất có kích cỡ đạt tới 6 cm
Sinh học, sinh thái: Sống ở đáy cát, vùng triều đến độ sâu 20 m
Phân bố: - Thế giới: Vùng biển Tây Thái Bình Dương - Việt Nam: Vùng biển Quảng Ninh, Đà Nẵng, Khánh Hòa, Ninh Thuận, Bình Thuận, ven biển các tỉnh phía Nam
Ứng dụng: dùng làm thực phẩm
Ghi chú: Nơi trưng bày: Khu trưng bày tài nguyên Hoàng Sa - Trường Sa."
70,Thân mềm,TB.070,Solenidae,Solen vagina,"(Linnaeus, 1758)",Móng tay,Vùng biển Khánh Hòa,,,,,,,,1,,"Màu sắc, đặc điểm: trung bình 6-8cm.
Sinh học, sinh thái: Sống ở đáy cát bùn, vùng dưới triều đến độ sâu 20 m
Phân bố: - Thế giới: Vùng biển Ấn Độ - Tây Thái Bình Dương - Việt Nam: Vùng biển Khánh Hòa, Cần Giờ, vv…
Ứng dụng: dùng làm thực phẩm
Ghi chú: Nơi trưng bày: Khu trưng bày tài nguyên Hoàng Sa - Trường Sa."
71,Thân mềm,TB.071,Babyloniidae,Babylonia areolata,"(Link, 1807)",Ốc hương,Ven biển miền Trung,,,,,,,1,1,,"Màu sắc, đặc điểm: trung bình 6-7cm. Mẫu lớn nhất có kích cỡ đạt tới 9 cm
Sinh học, sinh thái: Sống ở đáy cát, độ sâu 1-15 m
Phân bố: - Thế giới: Vùng biển Ấn Độ - Tây Thái Bình Dương - Việt Nam: Ven biển miền Trung, vv…
Ứng dụng: dùng làm thực phẩm và hàng mỹ nghệ.
Ghi chú: Nơi trưng bày: Khu trưng bày tài nguyên Hoàng Sa - Trường Sa."
72,Thân mềm,TB.072,Veneridae,Paratapes undulatus,"(Born, 1778)",Sò lụa,Vùng biển Đà Nẵng,,,,,,,,1,,"Màu sắc, đặc điểm: trung bình 5-6cm. Mẫu lớn nhất có kích cỡ đạt tới 7 cm
Sinh học, sinh thái: Sống ở đáy bùn, bùn cát, vùng dưới triều đến độ sâu 50 m
Phân bố: - Thế giới: Vùng biển Ấn Độ - Tây Thái Bình Dương - Việt Nam: Vùng biển Đà Nẵng, Hội an, Khánh Hòa, Bình Thuận, Kiên Giang, vv…
Ứng dụng: dùng làm thực phẩm
Ghi chú: Nơi trưng bày: Khu trưng bày tài nguyên Hoàng Sa - Trường Sa."
73,Thân mềm,TB.073,Lucinidae,Austriella corrugata,"(Deshayes, 1843)",Ngán,Vùng biển Hải Phòng,,,,,,,,1,,"Màu sắc, đặc điểm: trung bình 5-6cm. Mẫu lớn nhất có kích cỡ đạt tới 6,5 cm
Sinh học, sinh thái: Sống ở đáy cát bùn, vùng triều đến độ sâu 10 m
Phân bố: - Thế giới: Vùng biển Ấn Độ - Tây Thái Bình Dương - Việt Nam: Vùng biển Hải Phòng, Quảng Ninh, Khánh Hòa, vv…
Ứng dụng: dùng làm thực phẩm
Ghi chú: Nơi trưng bày: Khu trưng bày tài nguyên Hoàng Sa - Trường Sa."
74,Thân mềm,TB.074,Margaritidae,Pinctada imbricata,"(Gould, 1850)",Trai giấy,Vùng biển Quảng Ninh,,,,,,,,1,,"Màu sắc, đặc điểm: trung bình 6-7cm. Mẫu lớn nhất có kích cỡ đạt tới 8 cm
Sinh học, sinh thái: Sống ở các rạn đá, vùng dưới triều triều đến độ sâu 20 m
Phân bố: - Thế giới: Vùng biển Ấn Độ - Tây Thái Bình Dương - Việt Nam: Vùng biển Quảng Ninh, Thanh Hóa, Quảng Ngãi, Khánh Hòa, Bình Thuận, Cần Giờ, vv…
Ứng dụng: dùng làm thực phẩm
Ghi chú: Nơi trưng bày: Khu trưng bày tài nguyên Hoàng Sa - Trường Sa."
75,Thân mềm,TB.075,Cypraeidae,Atrina pectinata,"(Linnaeus, 1767)",Bàn mai lược,Vùng biển Khánh Hòa,,,,,,,,1,,"Màu sắc, đặc điểm: trung bình 15-20cm. Mẫu lớn nhất có kích cỡ đạt tới 25 cm
Sinh học, sinh thái: Sống ở đáy bùn, độ sâu 10-40 m
Phân bố: - Thế giới: Vùng biển Ấn Độ - Tây Thái Bình Dương; Biển Đen - Việt Nam: Vùng biển Khánh Hòa, ven biển các tỉnh phía Nam vv…
Ứng dụng: dùng làm thực phẩm
Ghi chú: Nơi trưng bày: Khu trưng bày tài nguyên Hoàng Sa - Trường Sa."
76,Thân mềm,TB.076,Veneridae,Meretrix lyrata,"(Sowerby II, 1851)",Nghêu bến tre,Vùng biển Khánh Hòa,,,,,,,,1,,"Màu sắc, đặc điểm: trung bình 4-5cm. Mẫu lớn nhất có kích cỡ đạt tới 6 cm
Sinh học, sinh thái: Sống ở đáy bùn, bùn cát, vùng dưới triều đến độ sâu 20 m
Phân bố: - Thế giới: Vùng biển Ấn Độ - Tây Thái Bình Dương - Việt Nam: Vùng biển Khánh Hòa, các tỉnh phía Nam, vv…
Ứng dụng: dùng làm thực phẩm
Ghi chú: Nơi trưng bày: Khu trưng bày tài nguyên Hoàng Sa - Trường Sa."
77,Thân mềm,TB.077,Veneridae,Meretrix meretrix,"(Linnaeus, 1758)",Nghêu dầu,Vùng biển Quảng Ninh,,,,,,,,1,,"Màu sắc, đặc điểm: trung bình 5-7cm. Mẫu lớn nhất có kích cỡ đạt tới 9 cm
Sinh học, sinh thái: Sống ở đáy cát bùn, vùng dưới triều đến độ sâu 20 m
Phân bố: - Thế giới: Vùng biển Ấn Độ - Tây Thái Bình Dương - Việt Nam: Vùng biển Quảng Ninh, Hải Phòng, Thanh Hóa, Nghệ An, Khánh Hòa, Bình Thuận, Cần Giờ, vv…
Ứng dụng: dùng làm thực phẩm
Ghi chú: Nơi trưng bày: Khu trưng bày tài nguyên Hoàng Sa - Trường Sa."
78,Thân mềm,TB.078,Pectinidae,Mimachlamys crassicostata,"(Sowerby II, 1842)",Điệp quạt,Vùng biển Khánh Hòa,,,,,,,1,1,,"Màu sắc, đặc điểm: trung bình 7-8cm. Mẫu lớn nhất có kích cỡ đạt tới 12 cm
Sinh học, sinh thái: Sống bám trên đá, vùng dưới triều đến độ sâu 20 m
Phân bố: - Thế giới: Vùng biển Ấn Độ - Tây Thái Bình Dương - Việt Nam: Vùng biển Khánh Hòa, Bình Thuận, vv…
Ứng dụng: dùng làm thực phẩm và hàng mỹ nghệ.
Ghi chú: Nơi trưng bày: Khu trưng bày tài nguyên Hoàng Sa - Trường Sa."
79,Thân mềm,TB.079,Pectinidae,Amusium pleuronectes,"(Linnaeus, 1758)",Điệp láng,Vùng biển Quảng Ninh,,,,,,,1,1,,"Màu sắc, đặc điểm: trung bình 7-8cm. Mẫu lớn nhất có kích cỡ đạt tới 10 cm
Sinh học, sinh thái: Sống ở đáy cát, vùng dưới tiều đến độ sâu 30 m
Phân bố: - Thế giới: Vùng biển Ấn Độ - Tây Thái Bình Dương - Việt Nam: Vùng biển Quảng Ninh, Hải Phòng, Khánh Hòa, Bình Thuận, Cần Giờ, vv…
Ứng dụng: dùng làm thực phẩm và hàng mỹ nghệ.
Ghi chú: Nơi trưng bày: Khu trưng bày tài nguyên Hoàng Sa - Trường Sa."
80,Thân mềm,TB.080,Mytilidae,Perna viridis,"(Linnaeus, 1758)",Vẹm xanh,Vùng biển Quảng Ninh,,,,,,,,1,,"Màu sắc, đặc điểm: trung bình 7-10cm. Mẫu lớn nhất có kích cỡ đạt tới 18 cm
Sinh học, sinh thái: Sống bám trên đá hoặc gỗ, vùng dưới triều đến độ sâu 15 m
Phân bố: - Thế giới: Vùng biển Ấn Độ - Thái Bình Dương - Việt Nam: Vùng biển Quảng Ninh, Hải Phòng, Hà Tĩnh, Khánh Hòa, Bình Thuận, Cần Giờ, vv…
Ứng dụng: dùng làm thực phẩm
Ghi chú: Nơi trưng bày: Khu trưng bày tài nguyên Hoàng Sa - Trường Sa."
81,Thân mềm,TB.081,Ostreidae,Magallana belcheri,"(G. B. Sowerby II, 1871)",Hàu,Vùng biển Khánh Hòa,,,,,,,,1,,"Màu sắc, đặc điểm: trung bình 6-8cm. Mẫu lớn nhất có kích cỡ đạt tới 10 cm
Sinh học, sinh thái: Sống bám trên đá, gỗ, vv …, vùng dưới triều đến độ sâu 10 m
Phân bố: - Thế giới: Vùng biển Ấn Độ - Thái Bình Dương - Việt Nam: Vùng biển Khánh Hòa, Cần Giờ, vv…
Ứng dụng: dùng làm thực phẩm
Ghi chú: Nơi trưng bày: Khu trưng bày tài nguyên Hoàng Sa - Trường Sa."
82,Thân mềm,TB.082,Arcidae,Anadara antiquata,"(Linnaeus, 1758)",Sò lông,Quần đảo Hoàng Sa - Trường Sa,,,,,,,,1,,"Màu sắc, đặc điểm: trung bình 6-7cm. Mẫu lớn nhất có kích cỡ đạt tới 9 cm
Sinh học, sinh thái: Sống ở đáy bùn cát, vùng triều đến độ sâu 5 m
Phân bố: - Thế giới: Vùng biển Ấn Độ - Thái Bình Dương - Việt Nam: Phân bố hầu hết các vùng ven biển
Ứng dụng: dùng làm thực phẩm.
Ghi chú: Nơi trưng bày: Khu trưng bày tài nguyên Hoàng Sa - Trường Sa."
83,Thân mềm,TB.083,Arcidae,Tegillarca granosa,"(Linnaeus, 1758)",Sò huyết,Vùng biển Bình Định,,,,,,,,1,,"Màu sắc, đặc điểm: trung bình 3-3,5cm. Mẫu lớn nhất có kích cỡ đạt tới 5 cm
Sinh học, sinh thái: Sống ở đáy bùn, vùng triều đến độ sâu 10 m
Phân bố: - Thế giới: Vùng biển Ấn Độ - Tây Thái Bình Dương - Việt Nam: Vùng biển Bình Định, Phú Yên, Khánh Hòa, Bình Thuận, ven biển các tỉnh phía Nam, vv…
Ứng dụng: dùng làm thực phẩm
Ghi chú: Nơi trưng bày: Khu trưng bày tài nguyên Hoàng Sa - Trường Sa."
84,Thân mềm,TB.084,Haliotidae,Haliotis ovina,"(Gmelin, 1791)",Bào ngư bầu dục,Các tỉnh phía Bắc,,,,,,,1,1,,"Màu sắc, đặc điểm: trung bình 6-7 cm. Mẫu lớn nhất có kích cỡ đạt tới 9 cm
Sinh học, sinh thái: Sống bám trên đá, độ sâu 3-20 m
Phân bố: - Thế giới: Vùng biển Ấn Độ - Tây  Thái Bình Dương, biển nam Nhật Bản, vv… - Việt Nam: Các tỉnh phía Bắc, Đà Nẵng, Quảng Ngãi, Khánh Hòa, Phú Quốc, Hà Tiên, vv…
Ứng dụng: dùng làm thực phẩm và hàng mỹ nghệ
Ghi chú: Nơi trưng bày: Khu trưng bày tài nguyên Hoàng Sa - Trường Sa."
85,Thân mềm,TB.085,Haliotidae,Haliotis asinina,"(Linnaeus, 1758)",Bào ngư vành tai,Khánh Hòa,,,,,,,1,1,,"Màu sắc, đặc điểm: trung bình 8-10 cm. Mẫu lớn nhất có kích cỡ đạt tới 14 cm
Sinh học, sinh thái: Sống bám trên đá, độ sâu 2-10 m
Phân bố: - Thế giới: Vùng biển Tây Nam Thái Bình Dương - Việt Nam: Khánh Hòa, Bình Thuận, Phú Quốc, Hà Tiên, vv…
Ứng dụng: dùng làm thực phẩm và hàng mỹ nghệ.
Ghi chú: Nơi trưng bày: Khu trưng bày tài nguyên Hoàng Sa - Trường Sa."
86,Thân mềm,TB.086,Naticidae,Neverita didyma,"(Roeding, 1798)",Ốc mỡ xám,Quần đảo Hoàng Sa - Trường Sa,,,,,,,1,1,,"Màu sắc, đặc điểm: trung bình 4-5cm. Mẫu lớn nhất có kích cỡ đạt tới 6 cm
Sinh học, sinh thái: Sống ở đáy bùn hoặc bùn cát, độ sâu 1-20 m
Phân bố: - Thế giới: Vùng biển Ấn Độ - Tây Thái Bình Dương - Việt Nam: Vùng ven biển miền Trung và các tỉnh phía Nam
Ứng dụng: dùng làm thực phẩm và hàng mỹ nghệ.
Ghi chú: Nơi trưng bày: Khu trưng bày tài nguyên Hoàng Sa - Trường Sa."
87,Thân mềm,TB.087,Sepiidae,Sepia aculeata,"(Van Hasselt in Férussac & d'Orbigny, 1835)",Mực nang,Vùng biển Đà Nẵng,,,,,,,,1,,"Màu sắc, đặc điểm: trung bình 15-20cm. Mẫu lớn nhất có kích cỡ đạt tới 30 cm
Sinh học, sinh thái: Sống ở tầng đáy các rạn đá hoặc san hô, độ sâu từ 5 đến 20 mét nước Phân bố: 	- Thế giới: Vùng biển Ấn Độ - Tây Thái Bình Dương
Phân bố: - Việt Nam: Vùng biển Đà Nẵng, Khánh Hòa, Bình Thuận, Cần Giờ, vv…
Ứng dụng: dùng làm thực phẩm
Ghi chú: Nơi trưng bày: Khu trưng bày tài nguyên Hoàng Sa - Trường Sa."
88,Thân mềm,TB.088,Sepiidae,Sepioteuthis lessoniana,"(d'Orbigny, 1826)",Mực lá,Vùng biển Đà Nẵng,,,,,,,,1,,"Màu sắc, đặc điểm: trung bình 25-30cm. Mẫu lớn nhất có kích cỡ đạt tới 35 cm
Sinh học, sinh thái: Sống ở tầng đáy các rạn đá hoặc san hô, độ sâu từ 1 đến 100 mét nước (Okutani, 2000)
Phân bố: - Thế giới: Vùng biển Ấn Độ - Thái Bình Dương - Việt Nam: Vùng biển Đà Nẵng, Khánh Hòa, Ninh Thận, Bình Thuận, Cần Giờ, vv…
Ứng dụng: dùng làm thực phẩm
Ghi chú: Nơi trưng bày: Khu trưng bày tài nguyên Hoàng Sa - Trường Sa."
89,Thân mềm,TB.089,Loliginidae,Uroteuthis (Photololigo) chinensis,"(Gray, 1849)",Mực ống,Vùng biển Đà Nẵng,,,,,,,,1,,"Màu sắc, đặc điểm: trung bình 25-30cm. Mẫu lớn nhất có kích cỡ đạt tới 40 cm
Sinh học, sinh thái: Sống ở tầng đáy các rạn đá hoặc san hô, độ sâu từ 15 đến 150 mét nước
Phân bố: - Thế giới: Vùng biển Ấn Độ - Tây Thái Bình Dương - Việt Nam: Vùng biển Đà Nẵng, Khánh Hòa, Ninh Thận, Bình Thuận, Cần Giờ, vv…
Ứng dụng: dùng làm thực phẩm
Ghi chú: Nơi trưng bày: Khu trưng bày tài nguyên Hoàng Sa - Trường Sa."
90,Thân mềm,TB.090,Loliginidae,Modiolus philippinarum,"(Hanley, 1843)",Dòm nâu,Vùng biển Quảng Ninh,,,,,,,,1,,"Màu sắc, đặc điểm: trung bình 7-10cm. Mẫu lớn nhất có kích cỡ đạt tới 14 cm
Sinh học, sinh thái: Sống ở đáy bùn hoặc bùn cát quanh các rạn đá và san hô, vùng dưới triều đến độ sâu 20 m
Phân bố: - Thế giới: Vùng biển Ấn Độ - Thái Bình Dương - Việt Nam: Vùng biển Quảng Ninh, Hải Phòng, Thanh Hóa, Khánh Hòa, Bình Thuận, vv…
Ứng dụng: dùng làm thực phẩm
Ghi chú: Nơi trưng bày: Khu trưng bày tài nguyên Hoàng Sa - Trường Sa."
91,Thân mềm,TB.091,Loliginidae,Tapes conspersus,"(Gmelin, 1791)",Ngao hai cồi,Vùng biển Khánh Hòa,,,,,,,,1,,"Màu sắc, đặc điểm: trung bình 7-9cm. Mẫu lớn nhất có kích cỡ đạt tới 10 cm
Sinh học, sinh thái: Sống ở đáy cát bùn, vùng dưới triều đến độ sâu 15 m
Phân bố: - Thế giới: Vùng biển Ấn Độ - Tây Thái Bình Dương - Việt Nam: Vùng biển Khánh Hòa, Bình Thuận, Cần Giờ, vv…
Ứng dụng: dùng làm thực phẩm
Ghi chú: Nơi trưng bày: Khu trưng bày tài nguyên Hoàng Sa - Trường Sa."
92,Thân mềm,TB.092,Cardiidae,Vasticardium angulatum,"(Lamarck, 1819)",Sò dương méo,Vùng biển Khánh Hòa,,,,,,,,1,,"Màu sắc, đặc điểm: trung bình 5-6cm. Mẫu lớn nhất có kích cỡ đạt tới 8 cm
Sinh học, sinh thái: Sống ở đáy cát, độ sâu từ 5-30 m
Phân bố: - Thế giới: Vùng biển Tây Thái Bình Dương - Việt Nam: Vùng biển Khánh Hòa, Ninh Thuận, Bình Thuận vv…
Ứng dụng: dùng làm thực phẩm
Ghi chú: Nơi trưng bày: Khu trưng bày tài nguyên Hoàng Sa - Trường Sa."
93,Thân mềm,TB.093,Cardiidae,Vasticardium elongatum,"(Bruguiere, 1789)",Sò dương dài,Vùng biển Khánh Hòa,,,,,,,,1,,"Màu sắc, đặc điểm: trung bình 7-8cm. Mẫu lớn nhất có kích cỡ đạt tới 13 cm
Sinh học, sinh thái: Sống ở đáy cát, độ sâu từ 5-20 m
Phân bố: - Thế giới: Vùng biển Tây Thái Bình Dương - Việt Nam: Vùng biển Khánh Hòa, Ninh Thuận, Bình Thuận, vv…
Ứng dụng: dùng làm thực phẩm
Ghi chú: Nơi trưng bày: Khu trưng bày tài nguyên Hoàng Sa - Trường Sa."
94,Thân mềm,TB.094,Veneridae,Marcia hiantina,"(Lamarck, 1818)",Ngao rá,Vùng biển Khánh Hòa,,,,,,,,1,,"Màu sắc, đặc điểm: trung bình 4-5cm. Mẫu lớn nhất có kích cỡ đạt tới 6 cm
Sinh học, sinh thái: Sống ở đáy cát, vùng dưới triều đến độ sâu 10 m
Phân bố: - Thế giới: Vùng biển Ấn Độ - Tây Thái Bình Dương - Việt Nam: Vùng biển Khánh Hòa, Ninh Thuận, Cần Giờ, vv…
Ứng dụng: dùng làm thực phẩm
Ghi chú: Nơi trưng bày: Khu trưng bày tài nguyên Hoàng Sa - Trường Sa."
95,Thân mềm,TB.095,Arcidae,Tegillarca nodifera,"(Martens, 1860)",Sò huyết nhỏ,Vùng biển Quảng Ngãi,,,,,,,,1,,"Màu sắc, đặc điểm: trung bình 2-2,5cm. Mẫu lớn nhất có kích cỡ đạt tới 3,5 cm
Sinh học, sinh thái: Sống ở đáy bùn, vùng triều đến độ sâu 10 m
Phân bố: - Thế giới: Vùng biển Ấn Độ - Tây Thái Bình Dương - Việt Nam: Vùng biển Quảng Ngãi, Bình Định, Khánh Hòa, vv…
Ứng dụng: dùng làm thực phẩm
Ghi chú: Nơi trưng bày: Khu trưng bày tài nguyên Hoàng Sa - Trường Sa."
96,Thân mềm,TB.096,Cyrenidae,Geloina coaxans,"(Gmelin, 1791)",Vọp,Vùng biển Khánh Hòa,,,,,,,,1,,"Màu sắc, đặc điểm: trung bình 7-10cm. Mẫu lớn nhất có kích cỡ đạt tới 13 cm
Sinh học, sinh thái: Sống ở đáy bùn cát vùng cửa sông, rừng ngập
Phân bố: - Thế giới: Vùng biển Ấn Độ - Tây Thái Bình Dương - Việt Nam: Vùng biển Khánh Hòa, Cần Giờ, Sóc Trăng, Cà Mau, vv…
Ứng dụng: dùng làm thực phẩm
Ghi chú: Nơi trưng bày: Khu trưng bày tài nguyên Hoàng Sa - Trường Sa."
97,Thân mềm,TB.097,Cucullaeidae,Cucullaea labiata,"([Lightfoot], 1786)",Sò vuông,Vùng biển Thanh Hóa,,,,,,,,1,,"Màu sắc, đặc điểm: trung bình 9-11cm. Mẫu lớn nhất có kích cỡ đạt tới 15 cm
Sinh học, sinh thái: Sống ở đáy cát, vùng cận triều đến độ sâu 200 m
Phân bố: - Thế giới: Vùng biển Ấn Độ - Tây Thái Bình Dương - Việt Nam: Vùng biển Thanh Hóa, Khánh Hòa, Bình Thuận, vv…
Ứng dụng: dùng làm thực phẩm
Ghi chú: Nơi trưng bày: Khu trưng bày tài nguyên Hoàng Sa - Trường Sa."
98,Thân mềm,TB.098,Pectinidae,Decatopecten radula,"(Linnaeus, 1758)",Điệp seo,Vùng biển Khánh Hòa,,,,,,,1,1,,"Màu sắc, đặc điểm: trung bình 7-8cm. Mẫu lớn nhất có kích cỡ đạt tới 10 cm
Sinh học, sinh thái: Sống ở đáy cát, vùng triều đến độ sâu 20 m
Phân bố: - Thế giới: Vùng biển Ấn Độ - Tây Thái Bình Dương - Việt Nam: Vùng biển Khánh Hòa, vv…
Ứng dụng: dùng làm thực phẩm và hàng mỹ nghệ.
Ghi chú: Nơi trưng bày: Khu trưng bày tài nguyên Hoàng Sa - Trường Sa."
99,Thân mềm,TB.099,Margaritidae,Pinctada margaritifera,"(Linnaeus, 1758)",Trai ngọc môi đen,Vùng biển Quảng Ninh,,,,,,,1,,,"Màu sắc, đặc điểm: trung bình 12-15cm. Mẫu lớn nhất có kích cỡ đạt tới 18 cm
Sinh học, sinh thái: Sống ở đáy đá sỏi, vùng dưới triều đến độ sâu 20 m
Phân bố: - Thế giới: Vùng biển Ấn Độ - Thái Bình Dương - Việt Nam: Vùng biển Quảng Ninh, Hải Phòng, Quảng Ngãi, Khánh Hòa, Bình Thuận, Côn Đảo, Phú Quốc, vv…
Ứng dụng: dùng làm thực phầm và hàng mỹ nghệ.
Ghi chú: Nơi trưng bày: Khu trưng bày tài nguyên Hoàng Sa - Trường Sa."
100,Thân mềm,TB.100,Ostreidae,Magallana bilineata,"(Röding, 1798)",Hàu sữa,Vùng biển Khánh Hòa,,,,,,,,1,,"Màu sắc, đặc điểm: trung bình 7-10cm. Mẫu lớn nhất có kích cỡ đạt tới 16 cm
Sinh học, sinh thái: Sống bám trên đá, gỗ, vv…, vùng dưới triều đến độ sâu 10 m
Phân bố: - Thế giới: Vùng biển Ấn Độ - Thái Bình Dương - Việt Nam: Vùng biển Khánh Hòa, Cần Giờ, vv…
Ứng dụng: dùng làm thực phẩm
Ghi chú: Nơi trưng bày: Khu trưng bày tài nguyên Hoàng Sa - Trường Sa."
101,Thân mềm,TB.101,Ostreidae,Magallana gigas,"(Thunberg, 1793)",Hàu thái bình dương,Vùng biển Khánh Hòa,,,,,,,,1,,"Màu sắc, đặc điểm: trung bình 15-20cm. Mẫu lớn nhất có kích cỡ đạt tới 25 cm
Sinh học, sinh thái: Sống bám trên đá, vv…, vùng dưới triều đến độ sâu 10 m
Phân bố: - Thế giới: Vùng biển Tây nam Thái Bình Dương - Việt Nam: Vùng biển Khánh Hòa, Cần Giờ, vv…
Ứng dụng: dùng làm thực phẩm
Ghi chú: Nơi trưng bày: Khu trưng bày tài nguyên Hoàng Sa - Trường Sa."
102,Thân mềm,TB.102,Veneridae,Periglypta crispata,"(Deshayes, 1854)",Sò chén,Vùng biển Khánh Hòa,,,,,,,,1,,"Màu sắc, đặc điểm: trung bình 6-7cm. Mẫu lớn nhất có kích cỡ đạt tới 8 cm
Sinh học, sinh thái: Sống ở đáy cát, vùng dưới triều đến độ sâu 20 m
Phân bố: - Thế giới: Vùng biển Ấn Độ - Thái Bình Dương - Việt Nam: Vùng biển Khánh Hòa, Bình Thuận, vv…
Ứng dụng: dùng làm thực phẩm
Ghi chú: Nơi trưng bày: Khu trưng bày tài nguyên Hoàng Sa - Trường Sa."
103,Thân mềm,TB.103,Cardiidae,Tridacna squamosa,"(Lamarck, 1819)",Trai tai tượng vảy,Vùng biển Khánh Hòa,,,,1,,1,,,,"Màu sắc, đặc điểm: trung bình 15-20cm. Mẫu lớn nhất có kích cỡ đạt tới 30 cm
Sinh học, sinh thái: Sống bám trên các rạn san hô, độ sâu 5-10 m
Phân bố: - Thế giới: Vùng biển Ấn Độ - Thái Bình Dương - Việt Nam: Vùng biển Khánh Hòa, Côn Đảo, Phú Quốc, vv…
Ứng dụng: chưa rõ
Ghi chú: Nơi trưng bày: Khu trưng bày tài nguyên Hoàng Sa - Trường Sa."
104,Thân mềm,TB.104,Cardiidae,Hippopus hippopus,"(Linnaeus, 1758)",Trai tai nghé,Vùng biển Khánh Hòa,,,,1,,,,,,"Màu sắc, đặc điểm: trung bình 30-40cm. Mẫu lớn nhất có kích cỡ đạt tới 70 cm
Sinh học, sinh thái: Sống trên các rạn san hô, độ sâu 3-20 m
Phân bố: - Thế giới: Vùng biển Ấn Độ - Tây Thái Bình Dương - Việt Nam: Vùng biển Khánh Hòa, vv…
Ứng dụng: chưa rõ
Ghi chú: Nơi trưng bày: Khu trưng bày tài nguyên Hoàng Sa - Trường Sa."
105,Thân mềm,TB.105,Cardiidae,Tridacna gigas,"(Linnaeus, 1758)",Trai tai tượng khổng lồ,Vùng biển Trường Sa,,,,1,1,1,,,,"Màu sắc, đặc điểm: trung bình 90-130cm. Mẫu lớn nhất có kích cỡ đạt tới 170 cm
Sinh học, sinh thái: Sống trên các rạn san hô, độ sâu 5-40 m
Phân bố: - Thế giới: Vùng biển Ấn Độ - Thái Bình Dương - Việt Nam: Vùng biển Trường Sa (Khánh Hòa)
Ứng dụng: chưa rõ
Ghi chú: Nơi trưng bày: Khu trưng bày tài nguyên Hoàng Sa - Trường Sa."
106,Thân mềm,TB.106,Cardiidae,Tridacna maxima,"(Röding, 1798)",Trai tai tượng dài,Vùng biển Khánh Hòa,,,,1,,1,,,,"Màu sắc, đặc điểm: trung bình 20-25cm. Mẫu lớn nhất có kích cỡ đạt tới 35 cm
Sinh học, sinh thái: Sống bám trên các rạn san hô, độ sâu 1-20 m
Phân bố: - Thế giới: Vùng biển Ấn Độ - Thái Bình Dương - Việt Nam: Vùng biển Khánh Hòa, Côn Đảo, Phú Quốc, vv…
Ứng dụng: chưa rõ
Ghi chú: Nơi trưng bày: Khu trưng bày tài nguyên Hoàng Sa - Trường Sa."
107,Thân mềm,TB.107,Cardiidae,Tridacna crocea,"(Lamarck, 1819)",Trai tai tượng dẹp,Vùng biển Khánh Hòa,,,,1,,1,,,,"Màu sắc, đặc điểm: trung bình 12-15cm. Mẫu lớn nhất có kích cỡ đạt tới 20 cm
Sinh học, sinh thái: Sống bám trên các rạn san hô, độ sâu 1-15 m
Phân bố: - Thế giới: Vùng biển Ấn Độ - Tây Thái Bình Dương - Việt Nam: Vùng biển Khánh Hòa, Côn Đảo, Phú Quốc, vv…
Ứng dụng: chưa rõ
Ghi chú: Nơi trưng bày: Khu trưng bày tài nguyên Hoàng Sa - Trường Sa."
108,Thân mềm,TB.108,Strombidae,Lambis truncata,"(Kiener, 1843)",Ốc bẹ ria lớn,Vùng biển Quảng Ngãi,,,,,,,1,,,"Màu sắc, đặc điểm: trung bình 25-28 cm. Mẫu lớn nhất có kích cỡ đạt tới 30 cm
Sinh học, sinh thái: Sống ở rạn san hô
Phân bố: - Thế giới: Vùng biển Thái Bình Dương - Việt Nam: Vùng biển Quảng Ngãi, Khánh Hòa, vv…
Ứng dụng: dùng làm hàng mỹ nghệ
Ghi chú: Nơi trưng bày: Khu trưng bày tài nguyên Hoàng Sa - Trường Sa."
109,Thân mềm,TB.109,Cypraeidae,Cypraea tigris,"(Linnaeus, 1758)",Ốc sứ vân hổ,Vùng biển các tỉnh phía Bắc,,,,,,,1,,,"Màu sắc, đặc điểm: trung bình 8 - 12cm. Mẫu lớn nhất có kích cỡ đạt tới 14 cm
Sinh học, sinh thái: Sống trên đá, rạn san hô, vùng triều đến độ sâu 40 m
Phân bố: - Thế giới: Vùng biển Tây Nam Thái Bình Dương - Việt Nam: Vùng biển các tỉnh phía Bắc, Quảng Ngãi, Khánh Hòa, Ninh Thuận, Bình Thuận, Phú Quốc, vv…
Ứng dụng: dùng làm hàng mỹ nghệ.
Ghi chú: Nơi trưng bày: Khu trưng bày tài nguyên Hoàng Sa - Trường Sa."
110,Thân mềm,TB.110,Melongenidae,Hemifusus tuba,"(Gmelin, 1791)",Ốc mỏ vịt núm,Vùng biển Quảng Ninh,,,,,,,1,,,"Màu sắc, đặc điểm: trung bình 25-30 cm. Mẫu lớn nhất có kích cỡ đạt tới 35 cm
Sinh học, sinh thái: Sống nơi đáy cát, độ sâu từ 10-50 m
Phân bố: - Thế giới: Vùng biển Vùng biển Đông Nam Á - Việt Nam: Vùng biển Quảng Ninh, Quảng Ngãi, Khánh Hòa, Ninh Thuận, Bình Thuận, Phú Quốc, vv…
Ứng dụng: dùng làm hàng mỹ nghệ
Ghi chú: Nơi trưng bày: Khu trưng bày tài nguyên Hoàng Sa - Trường Sa."
111,Thân mềm,TB.111,Charoniidae,Charonia tritonis,"(Linnaeus, 1758)",Ốc tù và bông,Vùng biển Quảng Ngãi,,,,1,,1,1,,,"Màu sắc, đặc điểm: trung bình 30-40 cm. Mẫu lớn nhất có kích cỡ đạt tới 50 cm
Sinh học, sinh thái: Sống ở rạn san hô
Phân bố: - Thế giới: Vùng biển Ấn Độ - Thái Bình Dương - Việt Nam: Vùng biển Quảng Ngãi, Khánh Hòa,  vv…
Ứng dụng: dùng làm hàng mỹ nghệ.
Ghi chú: Nơi trưng bày: Khu trưng bày tài nguyên Hoàng Sa - Trường Sa."
112,Thân mềm,TB.112,Cassidae,Cassis cornuta,"(Linnaeus, 1758)",Ốc kim khôi vàng,Vùng biển Quảng Ngãi,,,,1,,1,1,,,"Màu sắc, đặc điểm: trung bình 20-30 cm. Mẫu lớn nhất có kích cỡ đạt tới 35 cm
Sinh học, sinh thái: Sống ở rạn san hô, độ sâu từ 1-20 m
Phân bố: - Thế giới: Vùng biển Ấn Độ - Thái Bình Dương - Việt Nam: Vùng biển Quảng Ngãi, Khánh Hòa, Ninh Thuận, Bình Thuận, Phú Quốc, vv….
Ứng dụng: dùng làm hàng mỹ nghệ.
Ghi chú: Nơi trưng bày: Khu trưng bày tài nguyên Hoàng Sa - Trường Sa."
113,Thân mềm,TB.113,Turbinidae,Turbo marmoratus,"(Linnaeus, 1758)",Ốc xà cừ,Vùng biển Đà Nẵng,,,,1,,1,1,,,"Màu sắc, đặc điểm: trung bình 15 cm. Mẫu lớn nhất có kích cỡ đạt tới 20 cm
Sinh học, sinh thái: Sống trên đá, độ sâu từ 10-30 m nước
Phân bố: - Thế giới: Vùng biển Ấn Độ - Thái Bình Dương, phía tây đảo Fiji, vv…. - Việt Nam: Vùng biển Đà Nẵng, Quảng Ngãi, Phú Yên, Khánh Hòa, Bình Thuận, vv…
Ứng dụng: dùng làm hàng mỹ nghệ.
Ghi chú: Nơi trưng bày: Khu trưng bày tài nguyên Hoàng Sa - Trường Sa."
114,Thân mềm,TB.114,Cypraeidae,Atrina vexillum,"(Born, 1778)",Bàn mai đen,Vùng biển Khánh Hòa,,,,,,,1,1,,"Màu sắc, đặc điểm: trung bình 20-25cm. Mẫu lớn nhất có kích cỡ đạt tới 35 cm
Sinh học, sinh thái: Sống ở đáy cát sỏi, vùng dưới triều đến độ sâu 30 m
Phân bố: - Thế giới: Vùng biển Ấn Độ - Thái Bình Dương - Việt Nam: Vùng biển Khánh Hòa, Ninh Thuận, Bình Thuận, vv…
Ứng dụng: dùng làm thực phẩm và hàng mỹ nghệ.
Ghi chú: Nơi trưng bày: Khu trưng bày tài nguyên Hoàng Sa - Trường Sa."
115,Thân mềm,TB.115,Nautilidae,Nautilus pompilius,"(Linnaeus, 1758)",Ốc mực anh vũ,Vùng biển Khánh Hòa,,,,,,,1,1,,"Màu sắc, đặc điểm: Tối đa khoảng 22 cm
Sinh học, sinh thái: Sống ở rạn san hô hoặc ở gần đáy, vùng nước sâu tới 500m
Phân bố: - Thế giới: Vùng biển Ấn Độ - Thái Bình Dương - Việt Nam: Vùng biển Khánh Hòa, Bà Rịa – Vũng Tàu, vv…
Ứng dụng: dùng làm hàng mỹ nghệ
Ghi chú: Nơi trưng bày: Khu trưng bày tài nguyên Hoàng Sa - Trường Sa."
116,Thân mềm,TB.116,Muricidae,Chicoreus ramosus,"(Linnaeus, 1758)",Ốc gai trắng lớn,Vùng biển Quảng Ngãi,,,,,,,1,,,"Màu sắc, đặc điểm: trung bình 15-20 cm. Mẫu lớn nhất có kích cỡ đạt tới 30 cm
Sinh học, sinh thái: Sống ở rạn san hô, vùng dưới triều đến độ sâu 20 m
Phân bố: - Thế giới: Vùng biển Ấn Độ - Thái Bình Dương - Việt Nam: Vùng biển Quảng Ngãi, Khánh Hòa, Ninh Thuận, Bình Thuận, vv….
Ứng dụng: dùng làm hàng mỹ nghệ
Ghi chú: Nơi trưng bày: Khu trưng bày tài nguyên Hoàng Sa - Trường Sa."
117,Thân mềm,TB.117,Octopodidae,Hapalochlaena lunulata,"(Quoy & Gaimard, 1832)",Bạch tuộc đốm xanh,Vùng biển Khánh Hòa,,,,,,,,,,"Màu sắc, đặc điểm: trung bình 4-5cm. Mẫu lớn nhất có kích cỡ đạt tới 7 cm
Sinh học, sinh thái: Sống ở trong các hốc các rạn đá hoặc san hô, độ sâu từ 1 - 20 mét nước
Phân bố: - Thế giới: Vùng biển Ấn Độ - Tây Thái Bình Dương - Việt Nam: Vùng biển Khánh Hòa, Bình Thuận, Bến Tre, vv…
Độc tố: sinh vật độc hại.
Ghi chú: Nơi trưng bày: Khu trưng bày tài nguyên Hoàng Sa - Trường Sa."
118,Thân mềm,TB.118,Conidae,Conus geographus,"(Linnaeus, 1758)",Ốc cối địa lý,Vùng biển Lý Sơn,,,,,,,1,,,"Màu sắc, đặc điểm: trung bình 8-13 cm. Mẫu lớn nhất có kích cỡ đạt tới 16 cm
Sinh học, sinh thái: Sống ở đáy cát trong rạn san hô, độ sâu từ 1-25 m
Phân bố: - Thế giới: Vùng biển Ấn Độ - Tây Thái Bình Dương - Việt Nam: Vùng biển Lý Sơn, Khánh Hòa, Côn Đảo, vv…
Ứng dụng: dùng làm hàng mỹ nghệ
Ghi chú: Nơi trưng bày: Khu trưng bày tài nguyên Hoàng Sa - Trường Sa."
119,Thân mềm,TB.119,Conidae,Conus textile,"(Linnaeus, 1758)",Ốc cối hoa lưới,Vùng biển các tỉnh phía Bắc,,,,,,,1,,,"Màu sắc, đặc điểm: trung bình 7-9 cm. Mẫu lớn nhất có kích cỡ đạt tới 13 cm
Sinh học, sinh thái: Sống ở đáy cát vùng rạn san hô, độ sâu từ 1-50 m nước
Phân bố: - Thế giới: Vùng biển Ấn Độ - Thái Bình Dương - Việt Nam: Vùng biển các tỉnh phía Bắc, Quảng Ngãi, Bình Định, Khánh Hòa, Ninh Thuận, Bình Thuận, vv…
Ứng dụng: dùng làm hàng mỹ nghệ
Ghi chú: Nơi trưng bày: Khu trưng bày tài nguyên Hoàng Sa - Trường Sa."
120,Thân mềm,TB.120,Conidae,Conus aulicus,"(Linnaeus, 1758)",Ốc cối dài hoa nâu,Vùng biển Quảng Ngãi,,,,,,,1,,,"Màu sắc, đặc điểm: trung bình 10-12cm. Mẫu lớn nhất có kích cỡ đạt tới 15 cm
Sinh học, sinh thái: Sống trên các rạn san hô vùng dưới triều đến độ sâu 30 m
Phân bố: - Thế giới: Vùng biển Tây Thái Bình Dương - Việt Nam: Vùng biển Quảng Ngãi, Khánh Hòa, Bình Thuận, vv…
Ứng dụng: dùng làm hàng mỹ nghệ.
Ghi chú: Nơi trưng bày: Khu trưng bày tài nguyên Hoàng Sa - Trường Sa."
121,Thân mềm,TB.121,Conidae,Conus striatus,"(Linnaeus, 1758)",Ốc cối vằn,Vùng biển Quảng Ninh,,,,,,,1,,,"Màu sắc, đặc điểm: trung bình 8-10 cm. Mẫu lớn nhất có kích cỡ đạt tới 12.3 cm
Sinh học, sinh thái: Sống ở đáy cát gần rạn san hô, độ sâu từ 1-20 m
Phân bố: - Thế giới: Vùng biển Ấn Độ - Tây Thái Bình Dương; Biển Đỏ - Việt Nam: Vùng biển Quảng Ninh, Hải Phòng, Quảng Ngãi, Khánh Hòa, Côn Đảo, vv…
Ứng dụng: dùng làm hàng mỹ nghệ
Ghi chú: Nơi trưng bày: Khu trưng bày tài nguyên Hoàng Sa - Trường Sa."
122,Thân mềm,TB.122,Nassariidae,Nassarius comptus,"(A. Adams, 1852)",Ốc bùn vàng,Vùng biển Khánh Hòa,,,,,,,,,,"Màu sắc, đặc điểm: trung bình 3-4cm. Mẫu lớn nhất có kích cỡ đạt tới 5 cm
Sinh học, sinh thái: Sống ở đáy bùn vùng cận triều đến độ sâu 10 m
Phân bố: - Thế giới: Vùng biển Tây Thái Bình Dương - Việt Nam: Vùng biển Khánh Hòa, Ninh Thuận, Bình Thuận, vv…
Độc tố: sinh vật độc hại.
Ghi chú: Nơi trưng bày: Khu trưng bày tài nguyên Hoàng Sa - Trường Sa."
123,Thân mềm,TB.123,Nassariidae,Nassarius glans,"(Linnaeus, 1758)",Ốc bùn bóng,Vùng biển Phú Yên,,,,,,,,,,"Màu sắc, đặc điểm: trung bình 3-3,5cm. Mẫu lớn nhất có kích cỡ đạt tới 4 cm
Sinh học, sinh thái: Sống ở đáy bùn vùng triều đến độ sâu 20 m
Phân bố: - Thế giới: Vùng biển Ấn Độ - Tây Thái Bình Dương - Việt Nam: Vùng biển Phú Yên, Khánh Hòa, Ninh Thuận, Bình Thuận, vv…
Độc tố: sinh vật độc hại.
Ghi chú: Nơi trưng bày: Khu trưng bày tài nguyên Hoàng Sa - Trường Sa."
124,Thân mềm,TB.124,Nassariidae,Nassarius papillosus,"(Linnaeus, 1758)",Ốc bùn răng cưa,Vùng biển Quảng Ngãi,,,,,,,,,,"Màu sắc, đặc điểm: trung bình 3,5-4cm. Mẫu lớn nhất có kích cỡ đạt tới 5 cm
Sinh học, sinh thái: Sống ở đáy cát bùn vùng cận triều đến độ sâu 20 m
Phân bố: - Thế giới: Vùng biển Ấn Độ - Thái Bình Dương - Việt Nam: Vùng biển Quảng Ngãi , Bình Định, Phú Yên, Khánh Hoà, Ninh Thuận, vv…
Độc tố: sinh vật độc hại.
Ghi chú: Nơi trưng bày: Khu trưng bày tài nguyên Hoàng Sa - Trường Sa."
125,Thân mềm,TB.125,Naticidae,Natica fasciata,"(Roeding, 1798)",Ốc mỡ miệng đen,Ven biển miền Trung,,,,,,,,,,"Màu sắc, đặc điểm: trung bình 2-2,5cm. Mẫu lớn nhất có kích cỡ đạt tới 3 cm
Sinh học, sinh thái: Sống ở đáy cát vùng cận triều đến độ sâu 10 m
Phân bố: - Thế giới: Vùng biển Ấn Độ - Tây Thái Bình Dương - Việt Nam: Ven biển miền Trung, vv…
Ứng dụng: chưa rõ.
Ghi chú: Nơi trưng bày: Khu trưng bày tài nguyên Hoàng Sa - Trường Sa."
126,Cá biển,TB.126,Rajidae,Okamejei boesemani,"(Ishihara, 1987)",Cá đuối,Khánh Hòa,01.01.2020,,,,,,,,,"Sinh học, sinh thái: Chúng sống ở dưới nền đáy cát ở độ sâu từ 70 – 90m, con lớn nhất ghi nhận có chiều dài 55cm, cơ thể hình thoi, dẹp, với phần mõm nhọn, 2 mắt của chúng hướng về phía mặt bụng để phù hợp với môi trường sống dưới nền đáy cát.đây là loài đẻ trứng, các con cá đuối nhỏ có xu hướng sống theo cá đuối mẹ, thức ăn của chúng chủ yếu là động vật không xương sống và cá nhỏ.
Ghi chú: Loài cá đuối này được tìm thấy ở Biển Đông và Nam Trung Quốc từ Thượng Hải (Trung Quốc) đến Kuching (Sarawak), một số khác có thể ở ngoài khơi phía đông Indonesia. Nơi trưng bày: Khu trưng bày đa dạng sinh học biển"
127,Cá biển,TB.127,Urolophidae,Urolophus aurantiacus,"(J. P. Müller & Henle, 1841)",Cá đuối mình tròn,Khánh Hòa,01.01.2020,,,,1,,,1,,"Màu sắc, đặc điểm: Cá đuối mình tròn thuộc họ Urolophidae. Loài cá đuối này có thân dẹp mỏng hình thoi, hơi tròn. Các cá thể có thể phát triển đến 40 cm. Chúng dựa vào vây bơi ở ngực để di chuyển xung quanh. Đuôi ngắn, và bằng 1,3 đến 1,5 lần chiều dài của thân. Chúng sinh sống tại tầng đáy, thở bằng cách lấy nước vào thông qua các lỗ thở và đẩy nước qua các mang ra ngoài. Phần lớn các loài cá đuối có các răng phát triển, nặng, thuôn tròn để nghiền mai hay vỏ của các loài sinh vật tầng đáy như ốc, trai, sên biển, hàu, động vật giáp xác, và một vài loài cá. Cá đuối không đẻ trứng như hầu hết các loại cá khác mà chúng mang thai và đẻ con, mỗi lần sinh có thể từ 2 – 8 con tùy thuộc vào kích thước cơ thể và tuổi của cá đuối mẹ. Cá đuối mình tròn được IUCN liệt kê là dễ bị tổn thương và có xu hướng giảm dần số lượng.
Ghi chú: Nơi trưng bày: Khu trưng bày đa dạng sinh học biển"
128,Cá biển,TB.128,Syngnathidae,Hippocampus spinosissimus,"(M. C. W. Weber, 1913)",Cá ngựa gai,Khánh Hòa,01.01.2020,,,1,1,1,1,,,"Sinh học, sinh thái: Cá ngựa gai là loài quý hiếm, có tên trong sách đỏ của Tổ chức Bảo tồn Thiên nhiên Thế giới (IUCN) và đã được Viện Hải dương học cho sinh sản thành công trong môi trường nuôi nhân tạo để đáp ứng nhu cầu thị trường và hạn chế việc đánh bắt cá ngoài tự nhiên. Cá ngựa gai có đầu dạng ""đầu ngựa"", đỉnh đầu có chùm gai to hình dạng như chiếc vương miện. Chúng không có vây bụng và vây đuôi. Các đốt đuôi nhỏ dần và cử động linh hoạt, có thể cuộn quanh các nhánh rong cỏ hoặc san hô để bắt mồi.  Ở môi trường tự nhiên, cá ngựa gai sống ở những nơi có độ sâu khoảng 10m, nơi có nhiều rạn san hô. Cá sinh sản quanh năm, mùa sinh sản chủ yếu vào tháng 5 - 11. Hiện nay cá ngựa đang là đối tượng săn bắt nên số lượng cá ngựa ngoài tự nhiên không còn nhiều và đang được đề xuất bảo vệ nguồn gen quý hiếm, đưa vào loại nguy cấp cần được bảo vệ lâu dài.
Phân bố: Cá ngựa gai thuộc họ Syngnathidae, thường được tìm thấy tại các vùng biển ở Úc, Indonesia, Malaysia, Philippines, Singapore, Sri Lanka, Đài Loan, Thái Lan. Tại Việt Nam, cá ngựa gai phân bố ở Vịnh Bắc Bộ, Đà Nẵng đến Bà Rịa - Vũng Tàu, Kiên Giang.
Ghi chú: Nơi trưng bày: Khu trưng bày đa dạng sinh học biển"
129,Cá biển,TB.129,Gobiidae,Trypauchen vagina,"(Bloch & J. G. Schneider, 1801)",Cá rễ cau dài,Khánh Hòa,01.01.2020,,,,,,,,,"Phân bố: Cá rễ cau dài  là loài cá bống trong họ Oxudercidae được tìm thấy trong khu vực Ấn Độ Dương - Thái Bình Dương. Chúng có cơ thể thon dài khoảng 20 - 22 cm; có màu đỏ - hồng và sở hữu chiếc túi đặc biệt trong các cạnh trên nắp mang. Loài này sống trong hang bùn hoặc đáy bùn của cửa sông và vùng ven biển. Mắt được tiêu giảm, bao phủ hoàn toàn bởi da và phần trước của đầu được bảo vệ bởi thịt dày. Cả hai sự thích nghi này hỗ trợ chúng trong việc đào hang. Cá rễ cau dài phân bố ở vùng biển nông và nước lợ của Ấn Độ Dương, Vịnh Ba Tư, và phía tây Thái Bình Dương, từ Kuwait đến Nouvelle-Calédonie… Chúng là loài ăn tạp, chủ yếu là săn động vật giáp xác nhỏ đi lang thang gần hang.
Ghi chú: Nơi trưng bày: Khu trưng bày đa dạng sinh học biển"
130,Cá biển,TB.130,Carangidae,Alepes djedaba,"(Forsskål, 1775)",Cá dóc,Khánh Hòa,01.01.2020,,,,,,,1,,"Sinh học, sinh thái: Cá Dóc phân bố chủ yếu ở Vùng biển nhiệt đới và cận nhiệt đới Ấn Độ - Thái Bình Dương. Ở Việt Nam, chúng tập trung nhiều ở các rạn san hô miền Trung và Đông, Tây Nam Bộ, tầng nước sống ở độ sâu 3 - 40m. Cá chưa trưởng thành sống xung quanh rạn san hô, ven bờ. Thức ăn của cá dóc thường là tôm, ấu trùng chân chèo, giáp xác và các loại cá nhỏ. Chiều dài của loài này thường từ 25 – 40cm, trọng lượng 124g. Cá thành thục sinh dục khi đạt 17cm và đẻ trứng ở các vùng nước biển cạn ven bờ.
Ghi chú: Nơi trưng bày: Khu trưng bày đa dạng sinh học biển"
131,Cá biển,TB.131,Chaetodontidae,Chaetodon kleinii,"(Bloch, 1790)",Cá bướm nâu nhạt,Khánh Hòa,01.01.2020,,,,,,,,,"Sinh học, sinh thái: Cá Bướm nâu nhạt chiều dài cơ thể lớn nhất được ghi nhận là 15 cm. Cá Bướm nâu nhạt thường sống tập trung ở những khu vực mà san hô phát triển phong phú trên các rạn ven bờ và đầm phá, có khi ở những khu vực có nền đáy cát, độ sâu bắt gặp loài này có thể lên đến 122m. Loài cá này ăn tạp, bao gồm một số loài thủy sinh không xương sống (như động vật phù du) và tảo. Chúng cũng ưa thích ăn san hô mềm và san hô cứng, tuy nhiên chúng không hoàn toàn phụ thuộc vào nguồn thức ăn này. Cá Bướm nâu nhạt thường sống đơn độc hoặc kết đôi với nhau nhưng đôi khi cũng hợp thành đàn khoảng 30 cá thể. Đây là một loài thường được xuất khẩu trong ngành thương mại cá cảnh
Phân bố: Cá Bướm nâu nhạt là loài thuộc chi Cá bướm trong họ Cá bướm (Chaetodontidae). chúng phân bố trải dài từ bờ biển Đông Phi đến quần đảo Hawaii (Hoa Kỳ), quần đảo Line và quần đảo Marquises (Polynésie thuộc Pháp), ở biển phía nam vùng biển Nhật Bản, … Ở Việt Nam, chúng được ghi nhận tại Cù Lao Chàm (Quảng Nam), đảo Lý Sơn (Quảng Ngãi), quần đảo Hoàng Sa, vùng biển Phú Yên, vịnh Nha Trang (Khánh Hòa), Ninh Thuận, một số đảo đá ngoài khơi tỉnh Bình Thuận, cũng như tại quần đảo Trường Sa.
Ghi chú: Nơi trưng bày: Khu trưng bày đa dạng sinh học biển."
132,Cá biển,TB.132,Chaetodontidae,Forcipiger flavissimus,"(Jordan & McGregor, 1898)",Cá bướm mõm dài,Khánh Hòa,01.01.2020,,,,,,,1,,"Sinh học, sinh thái: Loài cá Bướm có chiều dài cơ thể lớn nhất được ghi nhận là 22 cm. Thức ăn của chúng bao gồm các loài động vật giáp xác nhỏ và cả trứng của những loài cá khác, nhưng loài này cũng thích gặm chân ống của các loài da gai, cầu gai và xúc tu của giun nhiều tơ. Chúng còn có thể giữ vai trò của cá dọn vệ sinh, khi loài cá bướm này được quan sát ở ngoài khơi đảo Johnston đang dùng mõm gắp vật thể trong khoang miệng của cá sơn đá. Cá Bướm mõm dài thường sống đơn độc và có thể hợp thành nhóm nhỏ khoảng 5 cá thể; cá trưởng thành thường ghép đôi vào thời điểm sinh sản. Đặc biệt, trong lúc cạnh tranh cùng loài, cá Bướm mõm dài phát ra âm thanh nhờ vào các hoạt động ở cơ sọ và cơ ngực. Tuổi thọ tối đa được ghi nhận ở loài này là 18 năm tuổi
Phân bố: Cá Bướm mõm dài là loài cá thuộc chi Forcipiger trong họ Cá bướm. Chúng có phạm vi phân bố rộng nhất trong họ Cá bướm, với diện tích phân bố trải dài trên khoảng 106 triệu km². Chúng xuất hiện trên khắp khu vực Ấn Độ Dương - Thái Bình Dương và mở rộng đến cả Đông Thái Bình Dương. Từ Biển Đỏ dọc theo bờ biển Đông Phi. Ở Việt Nam, Cá Bướm mõm dài được ghi nhận tại quần đảo Hoàng Sa và đảo Lý Sơn (Quảng Ngãi), vịnh Nha Trang và quần đảo Trường Sa (Khánh Hòa), cũng như tại bờ biển Phú Yên.
Ghi chú: Nơi trưng bày: Khu trưng bày đa dạng sinh học biển"
133,Cá biển,TB.133,Leiognathidae,Karalla dussumieri,"(Valenciennes, 1835)",Cá liệt đúc xu,Khánh Hòa,01.01.2020,,,,,,,,,"Sinh học, sinh thái: Cá liệt đúc xu ban đầu có tên Equula dussumieri vào năm 1835 bởi Achille Valenciennes tên cụ thể vinh danh nhà du hành và thương gia người Pháp Jean-Jacques Dussumier (1792-1883), người đã sưu tầm loại này. Cá Liệt đúc xu được tìm thấy ở khu vực Ấn Độ Dương - Thái Bình Dương. Chúng thường sinh sống ở vùng gần đáy của các rạn san hô và ven cửa sông. Chúng ăn động vật giáp xác nhỏ, giun nhiều tơ, hai mảnh vỏ, động vật chân bụng và giun tròn.
Ghi chú: Nơi trưng bày: Khu trưng bày đa dạng sinh học biển"
134,Cá biển,TB.134,Caproidae,Antigonia capros,"(Lowe, 1843)",Cá thoi,Khánh Hòa,01.01.2020,,,,,,,,,"Màu sắc, đặc điểm: cơ thể lớn nhất của chúng được ghi nhận là 30,5cm. Đầu và cơ thể dẹp, có hình thoi, cơ thể có màu trắng bạc và đặc trưng bởi 3 dải màu đỏ sẫm, một dải ở ngang mắt, một ở vùng thân và một ở vùng đuôi. Các con trưởng thành thường được bắt gặp ở gần đáy, thức ăn của chúng đa số là động vật thân mềm và giáp xác nhỏ, hiện nay chúng rất có giá trị trong việc thương mại thủy sản.
Sinh học, sinh thái: Cá Thoi thuộc họ Caproidae, là loài có phân bố rộng, sự xuất hiện của chúng được ghi nhận ở các vùng biển nhiệt đới và cận nhiệt đới trên thế giới như Thái Bình Dương, Đại Tây Dương và Ấn Độ Dương. Chúng được bắt gặp ở độ sâu từ 50m đến 900m ở các các vùng biển tuy nhiên chúng chủ yếu sống ở độ sâu từ 100 – 300m.
Ghi chú: Nơi trưng bày: Khu trưng bày đa dạng sinh học biển"
135,Cá biển,TB.135,Zanclidae,Zanclus cornutus,"(Linnaeus, 1758)",Cá thù lù,Khánh Hòa,01.01.2020,,,,,,,,,"Phân bố: Cá Thù lù được biết đến một phần là nhờ bộ phim Finding Nemo. Loài cá này sinh sống trong khu vực Ấn Độ Dương và Thái Bình Dương, từ vùng biển Đông Phi tới các đảo Rapa và Ducie, Nhật Bản và quần đảo Hawaii, ... Hiện nay, chúng là một trong những loài cá nhiệt đới di cư về vùng cực vì biến đổi khí hậu. Cơ thể dẹp và có dạng dĩa, chúng có thể đạt chiều dài tối đa 23 cm ở môi trường tự nhiên. Cơ thể nổi bật với các dải màu đen, trắng và vàng tương phản khiến chúng trở nên hấp dẫn, khó có thể phân biệt sự khác nhau giữa con đực và con cái. Phần mõm dài và miệng nhỏ, hình ống; nhiều răng dài nhỏ giống như lông tơ ở miệng. Cá Thù lù là loài đẻ trứng, tuy nhiên trứng và tinh trùng được phóng thích vào nước để thu tinh nhờ vào các dòng chảy. Chúng thường xuyên tụ tập thành bầy dọc theo các bãi đá ngầm. Ở đại dương, chúng là loài ăn thực vật với tảo biển và bọt biển.
Ghi chú: Nơi trưng bày: Khu trưng bày đa dạng sinh học biển"
136,Cá biển,TB.136,Acanthuridae,Zebrasoma velifer,"(Bloch, 1795)",Cá đuôi gai vây cao,Khánh Hòa,01.01.2020,,,,,,,,,"Màu sắc, đặc điểm: Cá Đuôi gai vây cao thuộc chi Zebrasoma trong họ Cá đuôi gai. Tên của loài cá này được ghép từ 2 âm tiết trong tiếng Latinh là veli (cánh buồm) và fero (mang, vác), có nghĩa là ""người mang cánh buồm"", ám chỉ vây lưng của chúng nhô cao khi căng rộng ra tựa như cánh của thuyền buồm.
Sinh học, sinh thái: Loài cá này có phạm vi phân bố rộng ở Tây và Trung Thái Bình Dương. Từ vịnh Thái Lan, loài cá này xuất hiện rộng khắp vùng biển các nước Đông Nam Á, … chúng thường sống gần các rạn san hô ở độ sâu đến 45m. Chiều dài cơ thể tối đa được ghi nhận ở loài này là 40 cm. Cá đuôi gai vây cao có thể đổi màu cơ thể, các dải sọc màu xám trở nên sáng màu hơn hoặc trở nên sẫm nâu đến khi tiệp màu với toàn bộ cơ thể. Trong suốt quá trình bắt cặp tìm bạn tình, cá đực và cá cái đều có cùng một kiểu màu sắc. Mặt khác, cơ thể của chúng sẽ hoàn toàn chuyển sang màu sẫm khi chúng đang tấn công những đồng loại xâm phạm lãnh thổ của mình. Cá đuôi gai vây cao thường sống đơn độc, nhưng cũng có thể bơi theo cặp. Con trưởng thành cũng có thể hợp thành đàn khoảng từ 50 đến 100 cá thể ở vùng gian triều để kiếm ăn. Chúng luôn bảo vệ lãnh thổ của mình trước đồng loại, bất kể là chúng sống đơn độc hay theo cặp.
Ghi chú: Nơi trưng bày: Khu trưng bày đa dạng sinh học biển"
137,Cá biển,TB.137,Ogcocephalidae,Halicmetus reticulatus,"(Smith & Radcliffe, 1912)",Cá cà gai răng,Khánh Hòa,01.01.2020,,,,,,,,,"Sinh học, sinh thái: Loài cá này có chiều dài cơ thể lớn nhất là 9 cm, chúng thường tìm thấy ở độ sâu 290 – 500m. Loài này thường được tìm thấy ở các vùng biển thuộc Tây Thái Bình Dương: Nhật Bản, Đài Loan. Mặt lưng có vân màu nâu đậm trên nền nâu vàng; mặt bụng màu trắng, với các các đường hoa văn như đá cẩm thạch, với phần đầu bè dẹp, miệng nhỏ. Cơ thể được bao phủ bởi phần xương mỏng có hình dạng như 1 chiếc khiêng, với phần lưng được bao phủ bởi các gai rất ngắn và các nốt sần nhỏ (khó nhìn thấy bằng mắt thường nếu không được phóng đại). Vây lưng và vây hậu môn rất ngắn.
Ghi chú: Nơi trưng bày: Khu trưng bày đa dạng sinh học biển"
138,Cá biển,TB.138,Ogcocephalidae,Halieutaea fumosa,"(Alcock, 1894)",Cá lưỡi dong dơi,Khánh Hòa,01.01.2020,,,,,,,,,Ghi chú: Nơi trưng bày: Khu trưng bày tài nguyên Hoàng Sa - Trường Sa.
139,Cá biển,TB.139,Tetraodontidae,Lagocephalus spadiceus,"(Richardson, 1845)",Cá nóc vàng,Khánh Hòa,01.01.2020,,,,,,,1,,"Màu sắc, đặc điểm: Cá nóc vàng được đánh bắt để làm thực phẩm chủ yếu ở khu vực Đông Á và Đông Nam Á. Ở Việt Nam, cá nóc vàng lại được xem là loài có độc tính mạnh.Cá nóc vàng cùng cá nóc bạc và cá nóc răng mỏ chim là những loài mà tỉnh Kiên Giang (Việt Nam) được phép xuất khẩu sang thị trường Hàn Quốc. Còn ở Thái Lan, cá nóc vàng được đánh giá là loài không có độc, và được chế biến dưới dạng cá viên.
Sinh học, sinh thái: Cá nóc vàng thuộc họ Tetraodontidae. Phạm vi phân bố của loài cá nóc này khá rộng, từ Ấn Độ Dương đến Thái bình Dương, biển Đông, Hàn Quốc, Nhật Bản, … Chúng có khả năng sống ở độ sâu lên đến 200m. Chiều dài cơ thể lớn nhất được ghi nhận ở cá nóc vàng là 43 cm. Thân trên có màu vàng lục sẫm, thân dưới màu trắng. Thức ăn của cá nóc vàng khá đa dạng, bao gồm các loài động vật thân mềm, giáp xác và cá nhỏ hơn.
Ghi chú: Nơi trưng bày: Khu trưng bày đa dạng sinh học biển"
140,Cá biển,TB.140,Pomacentridae,Amphiprion frenatus,"(Brevoort, 1856)",Cá khoang cổ đỏ sọc gáy,Khánh Hòa,01.01.2020,,,,,,,,,"Sinh học, sinh thái: Trong tự nhiên, cá khoang cổ đỏ sống chung với hải quỳ và không bị ảnh hưởng bởi các xúc tu của hải quỳ. Hải quỳ bảo vệ cá hề khỏi những kẻ săn mồi, cũng như cung cấp thức ăn thông qua các mảnh vụn còn sót lại. Thỉnh thoảng, cá khoang cổ đỏ ăn xúc tu chết của hải quỳ. Đổi lại, cá hề bảo vệ hải quỳ khỏi những kẻ săn mồi và ký sinh trùng. Cá khoang cổ đỏ sọc gáy hiện được nuôi và cho sinh sản thành công trong môi trường nuôi nhân tạo tại Viện Hải dương học.
Ghi chú: Cá khoang cổ đỏ sọc gáy thuộc họ Pomacentridae. Loài này được tìm thấy nhiều ở Quần đảo Ryukyu (Nhật Bản), Biển Đông (Việt Nam) và các khu vực xung quanh bao gồm Malaysia và Indonesia. Cá trưởng thành có màu đỏ cam sáng, với một dải màu trắng nối qua đầu và với một đường viền màu đen đặc biệt. Cá khoang cổ đỏ thụ tinh ngoài, là loài lưỡng tính tuần tự, khi còn nhỏ chúng phát triển thành con đực trước tiên. Khi trưởng thành, chúng trở thành con cái. Trong một nhóm cá khoang cổ đỏ có một hệ thống phân cấp thống trị nghiêm ngặt, đầu đàn là cá cái lớn và hung dữ nhất. Nơi trưng bày: Khu trưng bày đa dạng sinh học biển"
141,Cá biển,TB.141,Pomacentridae,Amphiprion ocellaris,"(Brevoort, 1856)","Cá khoang cổ cam, cá nê mô",Khánh Hòa,01.01.2020,,,,,,,,,"Sinh học, sinh thái: Trong tự nhiên, cá khoang cổ đỏ sống chung với hải quỳ và không bị ảnh hưởng bởi các xúc tu của hải quỳ. Hải quỳ bảo vệ cá hề khỏi những kẻ săn mồi, cũng như cung cấp thức ăn thông qua các mảnh vụn còn sót lại. Thỉnh thoảng, cá khoang cổ đỏ ăn xúc tu chết của hải quỳ. Đổi lại, cá hề bảo vệ hải quỳ khỏi những kẻ săn mồi và ký sinh trùng. Cá khoang cổ đỏ sọc gáy hiện được nuôi và cho sinh sản thành công trong môi trường nuôi nhân tạo tại Viện Hải dương học.
Ghi chú: Cá khoang cổ đỏ sọc gáy thuộc họ Pomacentridae. Loài này được tìm thấy nhiều ở Quần đảo Ryukyu (Nhật Bản), Biển Đông (Việt Nam) và các khu vực xung quanh bao gồm Malaysia và Indonesia. Cá trưởng thành có màu đỏ cam sáng, với một dải màu trắng nối qua đầu và với một đường viền màu đen đặc biệt. Cá khoang cổ đỏ thụ tinh ngoài, là loài lưỡng tính tuần tự, khi còn nhỏ chúng phát triển thành con đực trước tiên. Khi trưởng thành, chúng trở thành con cái. Trong một nhóm cá khoang cổ đỏ có một hệ thống phân cấp thống trị nghiêm ngặt, đầu đàn là cá cái lớn và hung dữ nhất. Nơi trưng bày: Khu trưng bày đa dạng sinh học biển"
142,Cá biển,TB.142,Labridae,Thalassoma lunare,"(Linnaeus, 1758)",Cá bàng chài đầu đen,Khánh Hòa,01.01.2020,,,,,,1,1,,"Màu sắc, đặc điểm: Thế giới: Nhật Bản, Trung Quốc, Philippin, Inđônêxia, Micrônêxia, Ôxtrâylia, Papua Niu Ghine, Đông châu Phi, Biển Đỏ. Giá trị: Có thể làm thực phẩm nhưng số lượng ít. Chủ yếu là nuôi làm cá cảnh vì màu sắc của chúng đẹp. Cá Bàng chài đầu đen có chiều dài cơ thể tối đa được ghi nhận là 45 cm. Chúng loài lưỡng tính tiền nữ (protogynous hermaphrodite), nghĩa là tất cả cá con đều phải trải qua giai đoạn trung gian là cá cái trước khi biến đổi hoàn toàn thành cá đực. Vây đuôi lõm hình trăng khuyết. Toàn thân và đầu màu tím xanh, đầu có những vằn tía dạng phóng xạ từ mắt. Cá trưởng thành (đực lẫn cái) có cơ thể màu xanh lục, nhưng cá đực sẫm màu xanh lam hơn, đặc biệt là trong quá trình tán tỉnh.
Phân bố: Cá Bàng chài đầu đen  thuộc họ Labridae (họ cá Bàng chài). Chúng có phạm vi phân bố rộng rãi. Trong nước: Vịnh Bắc Bộ, Cù Lao Chàm, Nha Trang, Cù Lao Cau, Côn Đảo, Phú Quốc (Kiên Giang) và quần đảo Trường Sa.
Ghi chú: Những năm gần đây, Cá bàng chài đầu đen trở nên hiếm, rất ít gặp, nguyên nhân có thể là do săn bắt tích cực để bán. Việc khai thác nguồn lợi thủy sản bằng chất nổ và hóa chất độc làm mất chỗ trú ẩn và ô nhiễm môi trường đã làm suy giảm nguồn lợi. Nơi trưng bày: Khu trưng bày đa dạng sinh học biển"
143,Cá biển,TB.143,Scorpaenidae,Pterois antennata,"(Bloch, 1787)",Cá mao tiên lớn,Khánh Hòa,01.01.2020,,,,,,,,,"Phân bố: Cá Mao tiên lớn thuộc họ Scorpaenidae (họ cá Mù làn). Chúng được tìm thấy ở những vùng biển nhiệt đới thuộc Ấn Độ Dương và Tây Thái Bình Dương. Đây là một trong những loài cá rất đẹp nhưng lại có chứa một lượng chất độc nguy hiểm.
Độc tố: Cá Mao tiên là loài săn mồi về đêm, hoạt động mạnh nhất ngay sau khi màn đêm buông xuống và chúng dành cả ngày ẩn náu trong các kẽ hở và hang động. Khi ẩn nấp, chúng hướng những chiếc gai có nọc độc ra ngoài. Thức ăn chủ yếu là các loài giáp xác và cá nhỏ, bao gồm cả cá con cùng loài. Cá Mao tiên thường sống đơn độc, chúng chỉ sống tập trung khi còn nhỏ và đến tuổi sinh sản. Cá Mao tiên sinh sản thường xuyên và con cái có thể đẻ tới 15.000 quả trứng trong một khối bao phủ bởi chất nhầy mà tinh trùng của con đực có thể xâm nhập để thụ tinh với trứng. Những quả trứng được cho là sẽ nở sau 36 giờ.
Ghi chú: Nơi trưng bày: Khu trưng bày đa dạng sinh học biển"
144,Cá biển,TB.144,Scorpaenidae,Pterois volitans,"(Linnaeus, 1758)",Cá mao tiên sư tử,Khánh Hòa,01.01.2020,,,,,,,,,"Sinh học, sinh thái: Cơ thể cá mao tiên sư tử có các sọc màu trắng sen kẽ các sọc màu đỏ, màu hạt dẻ hoặc nâu. Tên cụ thể volitans có nghĩa là ""bay"", được cho là ám chỉ các vây bụng lớn giống như cánh. Ở loài này con trưởng thành thường có chiều dài đạt 47 cm, khiến nó trở thành một trong những loài cá mao tiên lớn nhất đại dương. Loài mao tiên này chủ yếu sống đơn độc và chỉ kết hợp với cá thể khác giới khi tới giai đoạn sinh sản. Cá mao tiên chủ yếu sống về đêm, dẫn đến các hành vi bắt cặp nhau thường xảy ra khi đêm xuống và tiếp tục suốt đêm. Trong một lần giao phối, con cái có thể đẻ tới 30.000 trứng. Tuy nhiên, người ta đã quan sát thấy rằng con cái sẽ đẻ nhiều trứng hơn vào những tháng ấm hơn.
Phân bố: Cá mao tiên sư tử hay còn được gọi là cá sư tử đỏ thuộc họ Scorpaenidae (họ cá Mù làn). Chúng được tìm thấy ở những vùng biển nhiệt đới thuộc Ấn Độ Dương và Tây Thái Bình Dương. Đây là một trong những loài cá rất đẹp nhưng lại có chứa một lượng chất độc nguy hiểm. Cá mao tiên sư tử trung bình sống khoảng 10 năm.
Ghi chú: Nơi trưng bày: Khu trưng bày đa dạng sinh học biển"
145,Cá biển,TB.145,Synanceiidae,Minous monodactylus,"(Bloch & Schneider, 1801)",Cá mao quỷ vằn đuôi,Khánh Hòa,01.01.2020,,,,,,,,,"Sinh học, sinh thái: Cá Mao quỷ vằn đuôi thuộc họ Scorpaenidae. Chúng được tìm thấy ở Ấn Độ Dương và Thái Bình Dương, độ sâu từ 10 - 55 m trong vùng nước gần bờ của thềm lục địa, bao gồm các vùng nước ở vịnh và đầm phá.
Độc tố: Cá Mao quỷ có thân dẹp hai bên, đầu có nhiều gai. Da có các tuyến da như mụn cóc. Loài này có nhiều màu sắc khác nhau, ngoài ra chúng còn có có tuyến nọc độc ở các gai, khi gặp nguy hiểm hoặc săn mồi, các gai được phóng thích ra bên ngoài.
Ghi chú: Nơi trưng bày: Khu trưng bày đa dạng sinh học biển"
146,Cá biển,TB.146,Soleidae,Zebrias quagga,"(Kaup, 1858)",Cá bơn khoang râu,Khánh Hòa,01.01.2020,,,,,,,,,"Sinh học, sinh thái: Cá Bơn khoang râu là loài trong họ cá Bơn, thuộc họ Soleidae (Cá Bơn sọc). Chúng được tìm thấy từ các bờ biển của Biển Đỏ và Vịnh Ba Tư đến Malaysia, Thái Lan, Trung Quốc và Úc. Đây là loài sống đáy được tìm thấy trong môi trường nước mặn và nước lợ, độ sâu từ 5–40 mét. Đặc biệt, chúng thường được tìm thấy nhiều nhất ở các vùng cát hoặc gần thảm cỏ biển, nơi chúng có thể hòa nhập vào môi trường một cách hiệu quả nhất Cá Bơn khoang râu có thân dẹp bên, có dạng hình ô-van, kích thước cơ thể của loài này thường thấy là 6 – 10 cm. Trên cơ thể có các sọc sẫm và nhạt rõ ràng khiến nó có tên bắt nguồn từ “Ngựa vằn”. Cá Bơn đã thích nghi để sống ở dưới đáy biển với hai mắt của chúng nằm cùng một bên, hướng lên trên còn bên không có mắt thì hướng xuống dưới. Chúng thường kiếm ăn bằng cách bơi dọc theo đáy đại dương, cơ thể dẹt của chúng giúp quét thức ăn từ đáy biển. Mắt của chúng nằm ở phía trên cho phép chúng nhìn thấy thức ăn từ trên cao. Chúng chủ yếu dựa vào các dấu hiệu thị giác để phát hiện kẻ săn mồi và bắt mồi. Thông thường, đuôi màu vàng của chúng dựng thẳng đứng, hoạt động như một mồi nhử đối với các sinh vật. Thức ăn chủ yếu là giun nhiều tơ, động vật thân mềm, động vật giáp xác nhỏ và các sinh vật đáy nhỏ khác.
Ghi chú: Nơi trưng bày: Khu trưng bày đa dạng sinh học biển"
147,Thân mềm,TB.147,Conidae,Conus marmoreus,"(Linnaeus, 1758)",Ốc cối da trăn,Vùng biển Khánh Hòa,,,,,,,1,,,"Màu sắc, đặc điểm: trung bình 7-8 cm. Mẫu lớn nhất có kích cỡ đạt tới 14 cm
Sinh học, sinh thái: Sống trên đá vùng rạn san hô, độ sâu từ 1 đến 30 m
Phân bố: - Thế giới: Vùng biển Ấn Độ - Tây Thái Bình Dương - Việt Nam: Vùng biển Khánh Hòa, Phú Quý, vv…
Ứng dụng: dùng làm hàng mỹ nghệ
Ghi chú: Nơi trưng bày: Khu trưng bày tài nguyên Hoàng Sa - Trường Sa."
148,Thân mềm,TB.148,Conidae,Conus litteratus,"(Linnaeus, 1758)",Ốc cối đầu tím,Quần đảo Hoàng Sa - Trường Sa,,,,,,,1,,,"Màu sắc, đặc điểm: trung bình 7-12 cm. Mẫu lớn nhất có kích cỡ đạt tới 18 cm
Sinh học, sinh thái: Sống ở đáy cát hoặc bùn quanh các rạn đá, rạn san hô, độ sâu từ 1-50 m
Phân bố: - Thế giới: Vùng biển Ấn Độ - Tây Thái Bình Dương - Việt Nam: Dọc ven biển Việt Nam
Ứng dụng: dùng làm hàng mỹ nghệ
Ghi chú: Nơi trưng bày: Khu trưng bày tài nguyên Hoàng Sa - Trường Sa."
149,Thân mềm,TB.149,Conidae,Conus betulinus,"(Linnaeus, 1758)",Ốc cối hạt mè,Vùng biển Đà Nẵng,,,,,,,1,,,"Màu sắc, đặc điểm: trung bình 7-10 cm. Mẫu lớn nhất có kích cỡ đạt tới 17 cm
Sinh học, sinh thái: Sống ở nơi đáy cát hặc bùn, độ sâu từ 1-50 m
Phân bố: - Thế giới: Vùng biển Đông Nam Châu Phi, Polynesia, vv… - Việt Nam: Vùng biển Đà Nẵng, Bình Định, Khánh Hòa, Ninh Thuận, Phú Quý, vv….
Ứng dụng: dùng làm hàng mỹ nghệ
Ghi chú: Nơi trưng bày: Khu trưng bày tài nguyên Hoàng Sa - Trường Sa."
150,Thân mềm,TB.150,Epitoniidae,Epitonium scalare,"(Linnaeus, 1758)",Ốc tháp xoắn,Vùng biển Khánh Hòa,,,,,,,1,,,"Màu sắc, đặc điểm: trung bình 4-6 cm. Mẫu lớn nhất có kích cỡ đạt tới 7 cm
Sinh học, sinh thái: Sống ở nơi cát bùn, độ sâu từ 50-120 m
Phân bố: - Thế giới: Vùng biển Ấn Độ - Tây Thái Bình Dương - Việt Nam: Vùng biển Khánh Hòa, Ninh Thuận, vv…
Ứng dụng: dùng làm hàng mỹ nghệ
Ghi chú: Nơi trưng bày: Khu trưng bày tài nguyên Hoàng Sa - Trường Sa."
151,Bò sát,TB.151,Dermochelyidae,Dermochelys coriacea,"(Linnaeus, 1766)",Rùa da,Quần đảo Hoàng Sa - Trường Sa,01.01.1992,,,1,1,1,,,,"Sinh học, sinh thái: Rùa Da rất dễ phân biệt với các loài rùa biển khác vì không có mai cứng bằng chất xương. Thay vì có mai, lưng của chúng được bao phủ bởi lớp da dày điểm những đốm nhỏ bằng chất da xương. Chạy dọc lưng chúng là 7 đường gờ riêng biệt, chính vì đặc điểm này mà chúng còn có tên là Rùa Múi khế. Rùa Da không có răng mà chỉ các gai mọc ngược trong họng giúp nuốt thức ăn. Chúng có thể lặn sâu đến 1.200 mét, thời gian lặn trung bình khoảng 3-8 phút, nhưng đôi khi có thể lâu tới 30–70 phút. Chúng còn là loài bò sát di chuyển nhanh nhất thế giới và được ghi nhận năm 1992 bởi sách kỷ lục Guinness với tốc độ 35,28 km/h. Rùa Da trưởng thành thường có đường di cư rất dài. Chúng thường di cư giữa những vùng nước lạnh có nhiều sứa và vùng nước ấm ở vùng nhiệt đới và cận nhiệt nơi chúng được sinh ra. Các nhà khoa học đã theo dõi được một con Rùa Da bơi từ Indonesia đến Hoa Kỳ trên quãng đường khoảng 20.000 km trong vòng hơn 647 ngày trong quá trình nó tìm kiếm thức ăn. Giao phối diễn ra ở ngoài biển, Rùa đực không bao giờ rời biển từ khi chúng xuống biển, còn rùa cái lên bờ đẻ trứng. Sau khi xác định được con cái (những con tiết ra pheromone là dấu hiệu sẵn sàng giao phối) con đực dùng những cử động của đầu, mõm, cắn, hay chân chèo để xác định con cái có chấp thuận không. Rùa Da cái giao phối 1 lần trong vòng khoảng 2 đến 3 năm. Nhưng chúng có khả năng sinh sản và làm tổ thường niên. Chúng thụ tinh trong và vài con đực giao phối với một con cái.
Phân bố: Rùa Da là loài rùa biển lớn nhất và là loài bò sát lớn thứ tư sau 3 loài cá sấu. Rùa Da trưởng thành dài 1 - 2 mét, nặng khoảng 250 – 700 kg. Rùa Da to nhất được biết dài 3 mét, nặng 916 kg ở vùng biển phía tây Wales. Rùa Da được phân bố rộng nhất trên toàn cầu trong số tất cả các loài rùa, chúng được tìm thấy ở các vùng nước nhiệt đới và ôn đới của Đại Tây Dương, Thái Bình Dương và Ấn Độ Dương đến tận phía bắc như Alaska và xa phía nam như New Zealand. Ở Việt Nam, chúng xuất hiện Đồ Sơn (Hải Phòng), Nha Trang (Khánh Hòa), Phú Quốc (Kiên Giang) Và Côn Đảo (Rịa - Vũng Tàu) Theo ước tính, ở Việt Nam, vào các năm 1960 - 1970, có khoảng 500 rùa mẹ lên các bãi biển làm tổ hàng năm. Đến 2002 chỉ còn 10 rùa mẹ lên làm tổ. Trong suốt thời gian từ năm 2008 đến 2013, chỉ ghi nhận được 01 cá thể rùa da lên đẻ trên bãi Cát Dài tại huyện Cam Lâm (tỉnh Khánh Hòa) và Hải Lăng (Quảng Trị) vào năm 2013. Tại các địa phương khác đã từng có Rùa da lên đẻ như Quảng Ngãi, Bình Định, Phú Yên... hoàn toàn không còn dấu vết của rùa da lên bờ làm tổ đẻ trứng.
Ghi chú: Giống như các loài rùa biển khác, thời điểm bắt đầu cuộc sống của Rùa Da là khi chúng nở. Rất ít rùa da sống sót cho đến khi trưởng thành. Các con non sống hầu hết thời gian ở vùng nhiệt đới hơn là các con trưởng thành. Rùa Da trưởng thành gần như chỉ ăn sứa. Vì bản chất chế độ ăn ép buộc của chúng mà Rùa Da được xem là một tác nhân kiểm soát số lượng quần thể sứa. Chúng cũng ăn những loài động vật biển thân mềm như động vật sống đuôi và động vật chân đầu. Nơi trưng bày: Khu trưng bày đa dạng sinh học biển"
152,Bò sát,TB.152,Cheloniidae,Careta careta,"(Linnaeus, 1758)",Đú,Quần đảo Hoàng Sa - Trường Sa,01.01.1970,,,1,1,1,1,,,"Sinh học, sinh thái: Đú hay còn gọi là Quản đồng hoặc Rùa Đầu, có tên gọi như vậy vì cái đầu to của nó. Đú thuộc họ Vích, Bộ Rùa, là một loài rùa biển có phạm vi phân bố lớn. Chúng sống ở các vùng biển nhiệt đới và nhiệt độ, bao gồm biển Địa Trung Hải và Đại Tây Dương, Thái Bình Dương và Ấn Độ Dương. Loài này phân bố khắp Việt Nam, nhưng tập trung ở khu đảo Bạch Long Vĩ đến Cát Bà. Giống như các loài rùa biển khác, Đú có tuổi thọ tương đối dài, có thể sống từ 47 đến 67 năm trong tự nhiên. Vì tỷ lệ chết cao và tốc độ sinh sản chậm, nên Đú cũng là loài quý hiếm có trong Danh mục các loài động vật, thực vật hoang dã quy định trong Công ước CITES, có nguy cơ tuyệt chủng, tuyệt đối cấm đánh bắt, mua bán, vận chuyển, kể cả trứng của chúng.
Ghi chú: Đú trưởng thành trung bình dài khoảng 90 cm và nặng khoảng 135 kg. Tuy nhiên, các mẫu vật lớn được tìm thấy có thể đạt tới 280 cm và 450 kg. Khi còn là con non, chúng có màu nâu hoặc đen, trong khi con trưởng thành có da màu vàng hoặc nâu và vỏ màu nâu đỏ. Mai Đú có vẩy, có 5 đôi tấm sườn, chi trước có 2 móng vuốt. Trước trán có 5 vẩy. Không có sự khác biệt giới tính bên ngoài cho đến khi loài này trưởng thành, sự khác biệt rõ ràng nhất là con đực trưởng thành có đuôi dày hơn và yếm ngắn hơn so với con cái. Đú đạt độ tuổi thành thục sinh dục từ 17 - 33 tuổi. Sự giao phối và giao phối xảy ra trong đại dương rộng mở dọc theo các tuyến đường di cư. Con cái quay trở lại bãi biển nơi chúng tự nở để đẻ trứng trên cát. Trung bình một con cái đẻ khoảng 112 trứng, thường được phân bố giữa bốn ổ. Không có thông tin chính thức về số lượng quần thể Quản Đồng làm tổ ở Việt Nam, qua các khảo sát đã kết luận Quản Đồng dường như không sinh sản tại Việt Nam từ những năm 1970 (Nguyễn Trường Giang, 2008). Tuy nhiên quản đồng vẫn bị bắt gặp trong quá trình ngư dân khai thác trên biển. Đây là những cá thể sinh sản từ các nước khác trong khu vực. Nơi trưng bày: Khu trưng bày đa dạng sinh học biển"
153,Bò sát,TB.153,Cheloniidae,Lepidochelys olivacea,"(Testudo mydas,1798)",Vích,Quần đảo Hoàng Sa - Trường Sa,,,,1,1,1,1,,,"Màu sắc, đặc điểm: Vích trưởng thành có chiều dài khoảng 70cm. Mai của chúng mỏng hơn so với các loài rùa khác, hình trái tim và màu xám Ôliu. Mỗi chi của Vích đều có hai móng vuốt. Điểm phân biệt giữa rùa đực và rùa cái là đuôi, con đực có đuôi dài hơn.
Sinh học, sinh thái: chủ yếu của Vích là sứa, ốc, tôm và cua…, khi không có các nguồn thức ăn yêu thích, chúng sẽ ăn tảo biển. Trong vòng hơn 30 năm qua, số lượng Vích đã bị giảm đi đáng kể bởi nạn săn bắt gần các bãi đẻ để lấy da và thịt. Hiện tại, Vích được liệt vào danh sách dễ bị tổn thương theo Liên minh Bảo tồn Thiên nhiên và Tài nguyên Thiên nhiên Quốc tế , và được liệt kê trong Phụ lục I của Công ước CITES. Những danh sách này phần lớn chịu trách nhiệm ngăn chặn việc khai thác thương mại quy mô lớn và buôn bán vỏ ô liu.
Phân bố: Vích còn được gọi là rùa biển Thái Bình Dương, một loài rùa trong họ Cheloniidae. Đây là loài rùa nhỏ thứ hai và có số lượng nhiều nhất trong số các loài rùa biển được tìm thấy trên thế giới. Vích phân bố ở các vùng nhiệt đới và cận nhiệt đới, chủ yếu ở Thái Bình Dương và Ấn Độ Dương nhưng cũng có ở vùng nước của Đại Tây Dương.
Ghi chú: Nơi trưng bày: Khu trưng bày đa dạng sinh học biển"
154,Bò sát,TB.154,Cheloniidae,Chelonia mydas,"(Linnaeus, 1758)",Rùa xanh,Quần đảo Hoàng Sa - Trường Sa,,,,1,1,1,1,,,"Sinh học, sinh thái: Rùa xanh là loài rùa biển thuộc họ Vích. Chúng phân bố khắp các vùng biển nhiệt đới và cận nhiệt đới trên thế giới, với hai quần thể khác biệt ở Đại Tây Dương và Thái Bình Dương. Loài sống ở Thái Bình Dương có màu sẫm hơn nên còn được gọi là Rùa biển đen. Rùa xanh khác với các loài rùa biển khác là chỉ có một cặp vảy trước trán (vảy ở phía trước mắt của nó), chứ không phải là hai cặp như các loài rùa biển khác. chủ yếu của Rùa xanh non là động vật giáp xác nhỏ, giun nhiều tơ, nhưng khi trưởng thành chúng ăn cỏ biển và tảo. Chế độ ăn thực vật là chính làm cho lớp mỡ dưới da chúng có màu xanh lục nên có tên là Rùa xanh. Chúng gặm cỏ biển và tảo giúp duy trì thảm cỏ biển và làm cho chúng có không gian để phát triển tốt hơn. Cỏ biển được rùa xanh tiêu hóa nhanh chóng và trở thành chất dinh dưỡng tái chế sẵn có cho nhiều loài động thực vật sống trong hệ sinh thái cỏ biển. Các thảm cỏ biển cũng có chức năng là vườn ươm cho một số loài động vật không xương sống và cá, nhiều loài trong số đó có giá trị đáng kể đối với nghề cá thương mại và do đó quan trọng đối với an ninh lương thực của con người. Trong lịch sử, Rùa xanh bị khai thác để lấy mỡ, thịt và trứng, gây ra sự suy giảm số lượng trên toàn cầu. Nhiều quốc gia, bao gồm cả Hoa Kỳ, cấm giết rùa biển và lấy trứng của chúng. Tuy nhiên, ở một số khu vực, việc giết hại rùa xanh để lấy thịt hoặc cung cấp mai cho hoạt động buôn bán động vật hoang dã vẫn là mối đe dọa đối với sự phục hồi của chúng. Đánh bắt cá thương mại và ngư cụ giải trí, tàu thuyền bị đình công, mất môi trường làm tổ do phát triển ven biển và biến đổi khí hậu là những mối đe dọa lớn nhất mà rùa xanh phải đối mặt. Rùa xanh được IUCN và CITES liệt kê là có nguy cơ tuyệt chủng và được bảo vệ khỏi khai thác ở hầu hết các quốc gia.
Ghi chú: Nơi trưng bày: Khu trưng bày tài nguyên Hoàng Sa - Trường Sa."
155,Bò sát,TB.155,Cheloniidae,Eretmochelys imbricata,"(Linnaeus, 1766)",Đồi mồi,Quần đảo Hoàng Sa - Trường Sa,,,,1,1,1,1,,,"Màu sắc, đặc điểm: Mai Đồi mồi có họa tiết lạ mắt, độ đàn hồi cao nên thường bị khai thác để làm đồ mỹ nghệ và đồ trang sức. Việc săn bắt Đồi mồi để lấy vỏ đã gần như đẩy loài này đến nguy cơ tuyệt chủng. Ngày nay, Công ước về buôn bán quốc tế các loài nguy cấp (CITES) cấm buôn bán bất kỳ sản phẩm nào từ rùa trên thị trường quốc tế, bao gồm cả mai Đồi mồi, nhưng nạn săn bắt trái phép vẫn tiếp tục là mối đe dọa đối với các loài này ở nhiều nơi trên thế giới.
Sinh học, sinh thái: Đồi mồi cũng có vai trò quan trọng trong hệ sinh thái của đại dương, Chúng sử dụng chiếc mỏ cong và sắc nhọn để lấy bọt biển từ các kẽ hở trên rạn san hô giúp cho san hô có thêm không gian để phát triển. Đồi mồi cũng ăn cỏ biển và sứa biển giúp thảm cỏ biển phát triển khỏe mạnh và kiểm soát bớt số lượng sứa trong đại dương.
Phân bố: Đồi mồi là loài rùa biển thuộc họ Vích. phân bố khắp thế giới, với hai phân loài Đại Tây Dương và Thái Bình Dương. Chúng thường bị bắt gặp ở các đầm nước nông hoặc các rạn san hô. Bề ngoài của đồi mồi cũng giống như các loài rùa biển khác. Cơ thể của chúng tương đối dẹp, có mai lớn để bảo vệ cơ thể, và các chi giống mái chèo, thích nghi với việc bơi trong đại dương. Có thể dễ dàng phân biệt Đồi mồi với các loài rùa biển khác nhờ chiếc mỏ cong, sắc nhọn giống miệng Diều hâu, rìa mai của chúng có dạng cưa. Đồi mồi thay đổi màu sắc tùy thuộc vào nhiệt độ của nước. Trong phần lớn cuộc đời, Đồi mồi sinh sống chủ yếu ở đại dương.
Ghi chú: Nơi trưng bày: Khu trưng bày đa dạng sinh học biển"
